[18Sep2024 03:29:59.558] [main/INFO] [cpw.mods.modlauncher.Launcher/MODLAUNCHER]: ModLauncher running: args [--launchTarget, forgeserver, --fml.forgeVersion, 43.3.0, --fml.mcVersion, 1.19.2, --fml.forgeGroup, net.minecraftforge, --fml.mcpVersion, 20220805.130853]
[18Sep2024 03:29:59.562] [main/INFO] [cpw.mods.modlauncher.Launcher/MODLAUNCHER]: ModLauncher 10.0.8+10.0.8+main.0ef7e830 starting: java version 21.0.4 by Microsoft; OS Linux arch amd64 version 6.5.0-1025-azure
[18Sep2024 03:29:59.590] [main/DEBUG] [cpw.mods.modlauncher.LaunchServiceHandler/MODLAUNCHER]: Found launch services [fmlclientdev,forgeclient,minecraft,forgegametestserverdev,fmlserveruserdev,fmlclient,fmldatauserdev,forgeserverdev,forgeserveruserdev,forgeclientdev,forgeclientuserdev,forgeserver,forgedatadev,fmlserver,fmlclientuserdev,fmlserverdev,forgedatauserdev,testharness,forgegametestserveruserdev]
[18Sep2024 03:29:59.612] [main/DEBUG] [cpw.mods.modlauncher.NameMappingServiceHandler/MODLAUNCHER]: Found naming services : [srgtomcp]
[18Sep2024 03:29:59.631] [main/DEBUG] [cpw.mods.modlauncher.LaunchPluginHandler/MODLAUNCHER]: Found launch plugins: [mixin,eventbus,slf4jfixer,object_holder_definalize,runtime_enum_extender,capability_token_subclass,accesstransformer,runtimedistcleaner]
[18Sep2024 03:29:59.644] [main/DEBUG] [cpw.mods.modlauncher.TransformationServicesHandler/MODLAUNCHER]: Discovering transformation services
[18Sep2024 03:30:01.362] [main/DEBUG] [cpw.mods.modlauncher.TransformationServicesHandler/MODLAUNCHER]: Found additional transformation services from discovery services: [/workspaces/Mamaron-/servidor_minecraft/mods/redirector-5.0.0.jar]
[18Sep2024 03:30:01.384] [main/INFO] [com.teampotato.redirector.Redirector/]: Redirector CoreMod initialized successfully!
[18Sep2024 03:30:01.398] [main/DEBUG] [cpw.mods.modlauncher.TransformationServicesHandler/MODLAUNCHER]: Found transformer services : [mixin,redirector,fml]
[18Sep2024 03:30:01.398] [main/DEBUG] [cpw.mods.modlauncher.TransformationServicesHandler/MODLAUNCHER]: Transformation services loading
[18Sep2024 03:30:01.399] [main/DEBUG] [cpw.mods.modlauncher.TransformationServiceDecorator/MODLAUNCHER]: Loading service mixin
[18Sep2024 03:30:01.400] [main/DEBUG] [cpw.mods.modlauncher.TransformationServiceDecorator/MODLAUNCHER]: Loaded service mixin
[18Sep2024 03:30:01.400] [main/DEBUG] [cpw.mods.modlauncher.TransformationServiceDecorator/MODLAUNCHER]: Loading service redirector
[18Sep2024 03:30:01.400] [main/DEBUG] [cpw.mods.modlauncher.TransformationServiceDecorator/MODLAUNCHER]: Loaded service redirector
[18Sep2024 03:30:01.401] [main/DEBUG] [cpw.mods.modlauncher.TransformationServiceDecorator/MODLAUNCHER]: Loading service fml
[18Sep2024 03:30:01.403] [main/DEBUG] [net.minecraftforge.fml.loading.LauncherVersion/CORE]: Found FMLLauncher version 1.0
[18Sep2024 03:30:01.403] [main/DEBUG] [net.minecraftforge.fml.loading.FMLLoader/CORE]: FML 1.0 loading
[18Sep2024 03:30:01.403] [main/DEBUG] [net.minecraftforge.fml.loading.FMLLoader/CORE]: FML found ModLauncher version : 10.0.8+10.0.8+main.0ef7e830
[18Sep2024 03:30:01.405] [main/DEBUG] [net.minecraftforge.fml.loading.FMLLoader/CORE]: FML found AccessTransformer version : 8.0.4+66+master.c09db6d7
[18Sep2024 03:30:01.405] [main/DEBUG] [net.minecraftforge.fml.loading.FMLLoader/CORE]: FML found EventBus version : 6.0.3+6.0.3+master.039e4ea9
[18Sep2024 03:30:01.406] [main/DEBUG] [net.minecraftforge.fml.loading.FMLLoader/CORE]: Found Runtime Dist Cleaner
[18Sep2024 03:30:01.407] [main/DEBUG] [net.minecraftforge.fml.loading.FMLLoader/CORE]: FML found CoreMod version : 5.0.1+15+master.dc5a2922
[18Sep2024 03:30:01.409] [main/DEBUG] [net.minecraftforge.fml.loading.FMLLoader/CORE]: Found ForgeSPI package implementation version 6.0.0+6.0.0+master.42474703
[18Sep2024 03:30:01.409] [main/DEBUG] [net.minecraftforge.fml.loading.FMLLoader/CORE]: Found ForgeSPI package specification 5
[18Sep2024 03:30:01.412] [main/DEBUG] [cpw.mods.modlauncher.TransformationServiceDecorator/MODLAUNCHER]: Loaded service fml
[18Sep2024 03:30:01.413] [main/DEBUG] [cpw.mods.modlauncher.TransformationServicesHandler/MODLAUNCHER]: Configuring option handling for services
[18Sep2024 03:30:01.420] [main/DEBUG] [cpw.mods.modlauncher.TransformationServicesHandler/MODLAUNCHER]: Transformation services initializing
[18Sep2024 03:30:01.422] [main/DEBUG] [cpw.mods.modlauncher.TransformationServiceDecorator/MODLAUNCHER]: Initializing transformation service mixin
[18Sep2024 03:30:01.443] [main/DEBUG] [mixin/]: MixinService [ModLauncher] was successfully booted in cpw.mods.cl.ModuleClassLoader@10bbd20a
[18Sep2024 03:30:01.461] [main/INFO] [mixin/]: SpongePowered MIXIN Subsystem Version=0.8.5 Source=union:/workspaces/Mamaron-/servidor_minecraft/libraries/org/spongepowered/mixin/0.8.5/mixin-0.8.5.jar%2363!/ Service=ModLauncher Env=SERVER
[18Sep2024 03:30:01.466] [main/DEBUG] [mixin/]: Initialising Mixin Platform Manager
[18Sep2024 03:30:01.467] [main/DEBUG] [mixin/]: Adding mixin platform agents for container ModLauncher Root Container(ModLauncher:4f56a0a2)
[18Sep2024 03:30:01.468] [main/DEBUG] [mixin/]: Instancing new MixinPlatformAgentMinecraftForge for ModLauncher Root Container(ModLauncher:4f56a0a2)
[18Sep2024 03:30:01.468] [main/DEBUG] [mixin/]: MixinPlatformAgentMinecraftForge rejected container ModLauncher Root Container(ModLauncher:4f56a0a2)
[18Sep2024 03:30:01.469] [main/DEBUG] [mixin/]: Instancing new MixinPlatformAgentDefault for ModLauncher Root Container(ModLauncher:4f56a0a2)
[18Sep2024 03:30:01.469] [main/DEBUG] [mixin/]: MixinPlatformAgentDefault accepted container ModLauncher Root Container(ModLauncher:4f56a0a2)
[18Sep2024 03:30:01.472] [main/DEBUG] [cpw.mods.modlauncher.TransformationServiceDecorator/MODLAUNCHER]: Initialized transformation service mixin
[18Sep2024 03:30:01.472] [main/DEBUG] [cpw.mods.modlauncher.TransformationServiceDecorator/MODLAUNCHER]: Initializing transformation service redirector
[18Sep2024 03:30:01.472] [main/DEBUG] [cpw.mods.modlauncher.TransformationServiceDecorator/MODLAUNCHER]: Initialized transformation service redirector
[18Sep2024 03:30:01.472] [main/DEBUG] [cpw.mods.modlauncher.TransformationServiceDecorator/MODLAUNCHER]: Initializing transformation service fml
[18Sep2024 03:30:01.473] [main/DEBUG] [net.minecraftforge.fml.loading.FMLServiceProvider/CORE]: Setting up basic FML game directories
[18Sep2024 03:30:01.475] [main/DEBUG] [net.minecraftforge.fml.loading.FileUtils/CORE]: Found existing GAMEDIR directory : /workspaces/Mamaron-/servidor_minecraft
[18Sep2024 03:30:01.475] [main/DEBUG] [net.minecraftforge.fml.loading.FMLPaths/CORE]: Path GAMEDIR is /workspaces/Mamaron-/servidor_minecraft
[18Sep2024 03:30:01.475] [main/DEBUG] [net.minecraftforge.fml.loading.FileUtils/CORE]: Found existing MODSDIR directory : /workspaces/Mamaron-/servidor_minecraft/mods
[18Sep2024 03:30:01.476] [main/DEBUG] [net.minecraftforge.fml.loading.FMLPaths/CORE]: Path MODSDIR is /workspaces/Mamaron-/servidor_minecraft/mods
[18Sep2024 03:30:01.476] [main/DEBUG] [net.minecraftforge.fml.loading.FileUtils/CORE]: Found existing CONFIGDIR directory : /workspaces/Mamaron-/servidor_minecraft/config
[18Sep2024 03:30:01.477] [main/DEBUG] [net.minecraftforge.fml.loading.FMLPaths/CORE]: Path CONFIGDIR is /workspaces/Mamaron-/servidor_minecraft/config
[18Sep2024 03:30:01.477] [main/DEBUG] [net.minecraftforge.fml.loading.FMLPaths/CORE]: Path FMLCONFIG is /workspaces/Mamaron-/servidor_minecraft/config/fml.toml
[18Sep2024 03:30:01.478] [main/DEBUG] [net.minecraftforge.fml.loading.FMLServiceProvider/CORE]: Loading configuration
[18Sep2024 03:30:01.530] [main/DEBUG] [net.minecraftforge.fml.loading.FileUtils/CORE]: Found existing default config directory directory : /workspaces/Mamaron-/servidor_minecraft/defaultconfigs
[18Sep2024 03:30:01.530] [main/DEBUG] [net.minecraftforge.fml.loading.FMLServiceProvider/CORE]: Preparing ModFile
[18Sep2024 03:30:01.533] [main/DEBUG] [net.minecraftforge.fml.loading.FMLServiceProvider/CORE]: Preparing launch handler
[18Sep2024 03:30:01.535] [main/DEBUG] [net.minecraftforge.fml.loading.FMLLoader/CORE]: Using forgeserver as launch service
[18Sep2024 03:30:01.561] [main/DEBUG] [net.minecraftforge.fml.loading.FMLLoader/CORE]: Received command line version data  : VersionInfo[forgeVersion=43.3.0, mcVersion=1.19.2, mcpVersion=20220805.130853, forgeGroup=net.minecraftforge]
[18Sep2024 03:30:01.562] [main/DEBUG] [cpw.mods.modlauncher.TransformationServiceDecorator/MODLAUNCHER]: Initialized transformation service fml
[18Sep2024 03:30:01.563] [main/DEBUG] [cpw.mods.modlauncher.NameMappingServiceHandler/MODLAUNCHER]: Current naming domain is 'srg'
[18Sep2024 03:30:01.565] [main/DEBUG] [cpw.mods.modlauncher.NameMappingServiceHandler/MODLAUNCHER]: Identified name mapping providers {}
[18Sep2024 03:30:01.565] [main/DEBUG] [cpw.mods.modlauncher.TransformationServicesHandler/MODLAUNCHER]: Transformation services begin scanning
[18Sep2024 03:30:01.566] [main/DEBUG] [cpw.mods.modlauncher.TransformationServiceDecorator/MODLAUNCHER]: Beginning scan trigger - transformation service mixin
[18Sep2024 03:30:01.567] [main/DEBUG] [cpw.mods.modlauncher.TransformationServiceDecorator/MODLAUNCHER]: End scan trigger - transformation service mixin
[18Sep2024 03:30:01.568] [main/DEBUG] [cpw.mods.modlauncher.TransformationServiceDecorator/MODLAUNCHER]: Beginning scan trigger - transformation service redirector
[18Sep2024 03:30:01.568] [main/DEBUG] [cpw.mods.modlauncher.TransformationServiceDecorator/MODLAUNCHER]: End scan trigger - transformation service redirector
[18Sep2024 03:30:01.568] [main/DEBUG] [cpw.mods.modlauncher.TransformationServiceDecorator/MODLAUNCHER]: Beginning scan trigger - transformation service fml
[18Sep2024 03:30:01.568] [main/DEBUG] [net.minecraftforge.fml.loading.FMLServiceProvider/CORE]: Initiating mod scan
[18Sep2024 03:30:01.584] [main/DEBUG] [net.minecraftforge.fml.loading.moddiscovery.ModListHandler/CORE]: Found mod coordinates from lists: []
[18Sep2024 03:30:01.588] [main/DEBUG] [net.minecraftforge.fml.loading.moddiscovery.ModDiscoverer/CORE]: Found Mod Locators : (mods folder:null),(maven libs:null),(exploded directory:null),(minecraft:null),(userdev classpath:null)
[18Sep2024 03:30:01.589] [main/DEBUG] [net.minecraftforge.fml.loading.moddiscovery.ModDiscoverer/CORE]: Found Dependency Locators : (JarInJar:null)
[18Sep2024 03:30:01.602] [main/DEBUG] [net.minecraftforge.fml.loading.moddiscovery.ModFileParser/LOADING]: Considering mod file candidate /workspaces/Mamaron-/servidor_minecraft/mods/AdvancementPlaques-1.19.2-1.4.7.jar
[18Sep2024 03:30:01.657] [main/DEBUG] [net.minecraftforge.fml.loading.moddiscovery.ModFileInfo/LOADING]: Found valid mod file AdvancementPlaques-1.19.2-1.4.7.jar with {advancementplaques} mods - versions {1.4.7}
[18Sep2024 03:30:01.658] [main/DEBUG] [net.minecraftforge.fml.loading.moddiscovery.ModFileParser/LOADING]: Considering mod file candidate /workspaces/Mamaron-/servidor_minecraft/mods/aeroblender-1.19.2-1.0.1.jar
[18Sep2024 03:30:01.664] [main/DEBUG] [net.minecraftforge.fml.loading.moddiscovery.ModFileInfo/LOADING]: Found valid mod file aeroblender-1.19.2-1.0.1.jar with {aeroblender} mods - versions {1.19.2-1.0.1}
[18Sep2024 03:30:01.668] [main/DEBUG] [net.minecraftforge.fml.loading.moddiscovery.ModFileParser/LOADING]: Considering mod file candidate /workspaces/Mamaron-/servidor_minecraft/mods/aether-1.19.2-1.4.2-forge.jar
[18Sep2024 03:30:01.672] [main/DEBUG] [net.minecraftforge.fml.loading.moddiscovery.ModFileInfo/LOADING]: Found valid mod file aether-1.19.2-1.4.2-forge.jar with {aether} mods - versions {1.19.2-1.4.2-forge}
[18Sep2024 03:30:01.673] [main/DEBUG] [net.minecraftforge.fml.loading.moddiscovery.ModFileParser/LOADING]: Considering mod file candidate /workspaces/Mamaron-/servidor_minecraft/mods/AI-Improvements-1.19.2-0.5.2.jar
[18Sep2024 03:30:01.675] [main/DEBUG] [net.minecraftforge.fml.loading.moddiscovery.ModFileInfo/LOADING]: Found valid mod file AI-Improvements-1.19.2-0.5.2.jar with {aiimprovements} mods - versions {0.5.2}
[18Sep2024 03:30:01.676] [main/DEBUG] [net.minecraftforge.fml.loading.moddiscovery.ModFileParser/LOADING]: Considering mod file candidate /workspaces/Mamaron-/servidor_minecraft/mods/alexsdelight-1.4.1.jar
[18Sep2024 03:30:01.681] [main/DEBUG] [net.minecraftforge.fml.loading.moddiscovery.ModFileInfo/LOADING]: Found valid mod file alexsdelight-1.4.1.jar with {alexsdelight} mods - versions {1.4.1}
[18Sep2024 03:30:01.686] [main/DEBUG] [net.minecraftforge.fml.loading.moddiscovery.ModFileParser/LOADING]: Considering mod file candidate /workspaces/Mamaron-/servidor_minecraft/mods/alexsmobs-1.21.1.jar
[18Sep2024 03:30:01.692] [main/DEBUG] [net.minecraftforge.fml.loading.moddiscovery.ModFileInfo/LOADING]: Found valid mod file alexsmobs-1.21.1.jar with {alexsmobs} mods - versions {1.21.1}
[18Sep2024 03:30:01.694] [main/DEBUG] [net.minecraftforge.fml.loading.moddiscovery.ModFileParser/LOADING]: Considering mod file candidate /workspaces/Mamaron-/servidor_minecraft/mods/Apotheosis-1.19.2-6.5.1.jar
[18Sep2024 03:30:01.698] [main/DEBUG] [net.minecraftforge.fml.loading.moddiscovery.ModFileInfo/LOADING]: Found valid mod file Apotheosis-1.19.2-6.5.1.jar with {apotheosis} mods - versions {6.5.1}
[18Sep2024 03:30:01.699] [main/DEBUG] [net.minecraftforge.fml.loading.moddiscovery.ModFileParser/LOADING]: Considering mod file candidate /workspaces/Mamaron-/servidor_minecraft/mods/apotheotic_additions1.0.4.jar
[18Sep2024 03:30:01.701] [main/DEBUG] [net.minecraftforge.fml.loading.moddiscovery.ModFileInfo/LOADING]: Found valid mod file apotheotic_additions1.0.4.jar with {apotheotic_additions} mods - versions {1.0.4}
[18Sep2024 03:30:01.702] [main/DEBUG] [net.minecraftforge.fml.loading.moddiscovery.ModFileParser/LOADING]: Considering mod file candidate /workspaces/Mamaron-/servidor_minecraft/mods/ApothicCurios-1.19.2-1.0.3c.jar
[18Sep2024 03:30:01.706] [main/DEBUG] [net.minecraftforge.fml.loading.moddiscovery.ModFileInfo/LOADING]: Found valid mod file ApothicCurios-1.19.2-1.0.3c.jar with {apothiccurios} mods - versions {1.0.3c}
[18Sep2024 03:30:01.708] [main/DEBUG] [net.minecraftforge.fml.loading.moddiscovery.ModFileParser/LOADING]: Considering mod file candidate /workspaces/Mamaron-/servidor_minecraft/mods/Aquaculture-1.19.2-2.4.17.jar
[18Sep2024 03:30:01.711] [main/DEBUG] [net.minecraftforge.fml.loading.moddiscovery.ModFileInfo/LOADING]: Found valid mod file Aquaculture-1.19.2-2.4.17.jar with {aquaculture} mods - versions {1.19.2-2.4.17}
[18Sep2024 03:30:01.712] [main/DEBUG] [net.minecraftforge.fml.loading.moddiscovery.ModFileParser/LOADING]: Considering mod file candidate /workspaces/Mamaron-/servidor_minecraft/mods/aquamirae-6.API15.jar
[18Sep2024 03:30:01.716] [main/DEBUG] [net.minecraftforge.fml.loading.moddiscovery.ModFileInfo/LOADING]: Found valid mod file aquamirae-6.API15.jar with {aquamirae} mods - versions {6.API15}
[18Sep2024 03:30:01.717] [main/DEBUG] [net.minecraftforge.fml.loading.moddiscovery.ModFileParser/LOADING]: Considering mod file candidate /workspaces/Mamaron-/servidor_minecraft/mods/archaeology-1.0.0.jar
[18Sep2024 03:30:01.718] [main/DEBUG] [net.minecraftforge.fml.loading.moddiscovery.ModFileInfo/LOADING]: Found valid mod file archaeology-1.0.0.jar with {archaeology} mods - versions {1.0.0}
[18Sep2024 03:30:01.719] [main/DEBUG] [net.minecraftforge.fml.loading.moddiscovery.ModFileParser/LOADING]: Considering mod file candidate /workspaces/Mamaron-/servidor_minecraft/mods/architectury-6.6.92-forge.jar
[18Sep2024 03:30:01.721] [main/DEBUG] [net.minecraftforge.fml.loading.moddiscovery.ModFileInfo/LOADING]: Found valid mod file architectury-6.6.92-forge.jar with {architectury} mods - versions {6.6.92}
[18Sep2024 03:30:01.728] [main/DEBUG] [net.minecraftforge.fml.loading.moddiscovery.ModFileParser/LOADING]: Considering mod file candidate /workspaces/Mamaron-/servidor_minecraft/mods/ars_elemental-1.19.2-0.5.9.4.1.jar
[18Sep2024 03:30:01.736] [main/DEBUG] [net.minecraftforge.fml.loading.moddiscovery.ModFileInfo/LOADING]: Found valid mod file ars_elemental-1.19.2-0.5.9.4.1.jar with {ars_elemental} mods - versions {1.19.2-0.5.9.4.1}
[18Sep2024 03:30:01.744] [main/DEBUG] [net.minecraftforge.fml.loading.moddiscovery.ModFileParser/LOADING]: Considering mod file candidate /workspaces/Mamaron-/servidor_minecraft/mods/ars_nouveau-1.19.2-3.23.0.jar
[18Sep2024 03:30:01.755] [main/DEBUG] [net.minecraftforge.fml.loading.moddiscovery.ModFileInfo/LOADING]: Found valid mod file ars_nouveau-1.19.2-3.23.0.jar with {ars_nouveau} mods - versions {3.23.0}
[18Sep2024 03:30:01.760] [main/DEBUG] [net.minecraftforge.fml.loading.moddiscovery.ModFileParser/LOADING]: Considering mod file candidate /workspaces/Mamaron-/servidor_minecraft/mods/atmospheric-1.19.2-5.1.2.jar
[18Sep2024 03:30:01.763] [main/DEBUG] [net.minecraftforge.fml.loading.moddiscovery.ModFileInfo/LOADING]: Found valid mod file atmospheric-1.19.2-5.1.2.jar with {atmospheric} mods - versions {5.1.2}
[18Sep2024 03:30:01.774] [main/DEBUG] [net.minecraftforge.fml.loading.moddiscovery.ModFileParser/LOADING]: Considering mod file candidate /workspaces/Mamaron-/servidor_minecraft/mods/AttributeFix-Forge-1.19.2-17.2.8.jar
[18Sep2024 03:30:01.776] [main/DEBUG] [net.minecraftforge.fml.loading.moddiscovery.ModFileInfo/LOADING]: Found valid mod file AttributeFix-Forge-1.19.2-17.2.8.jar with {attributefix} mods - versions {17.2.8}
[18Sep2024 03:30:01.777] [main/DEBUG] [net.minecraftforge.fml.loading.moddiscovery.ModFileParser/LOADING]: Considering mod file candidate /workspaces/Mamaron-/servidor_minecraft/mods/AutoLeveling-1.19.2-1.19b.jar
[18Sep2024 03:30:01.778] [main/DEBUG] [net.minecraftforge.fml.loading.moddiscovery.ModFileInfo/LOADING]: Found valid mod file AutoLeveling-1.19.2-1.19b.jar with {autoleveling} mods - versions {1.19b}
[18Sep2024 03:30:01.780] [main/DEBUG] [net.minecraftforge.fml.loading.moddiscovery.ModFileParser/LOADING]: Considering mod file candidate /workspaces/Mamaron-/servidor_minecraft/mods/BadMobs-1.19.2-16.1.3.jar
[18Sep2024 03:30:01.782] [main/DEBUG] [net.minecraftforge.fml.loading.moddiscovery.ModFileInfo/LOADING]: Found valid mod file BadMobs-1.19.2-16.1.3.jar with {badmobs} mods - versions {16.1.3}
[18Sep2024 03:30:01.783] [main/DEBUG] [net.minecraftforge.fml.loading.moddiscovery.ModFileParser/LOADING]: Considering mod file candidate /workspaces/Mamaron-/servidor_minecraft/mods/balm-forge-1.19.2-4.6.0.jar
[18Sep2024 03:30:01.785] [main/DEBUG] [net.minecraftforge.fml.loading.moddiscovery.ModFileInfo/LOADING]: Found valid mod file balm-forge-1.19.2-4.6.0.jar with {balm} mods - versions {4.6.0}
[18Sep2024 03:30:01.786] [main/DEBUG] [net.minecraftforge.fml.loading.moddiscovery.ModFileParser/LOADING]: Considering mod file candidate /workspaces/Mamaron-/servidor_minecraft/mods/BetterAdvancements-1.19.2-0.2.2.142.jar
[18Sep2024 03:30:01.788] [main/DEBUG] [net.minecraftforge.fml.loading.moddiscovery.ModFileInfo/LOADING]: Found valid mod file BetterAdvancements-1.19.2-0.2.2.142.jar with {betteradvancements} mods - versions {0.2.2.142}
[18Sep2024 03:30:01.790] [main/DEBUG] [net.minecraftforge.fml.loading.moddiscovery.ModFileParser/LOADING]: Considering mod file candidate /workspaces/Mamaron-/servidor_minecraft/mods/bettercombat-forge-1.7.1+1.19.jar
[18Sep2024 03:30:01.796] [main/DEBUG] [net.minecraftforge.fml.loading.moddiscovery.ModFileInfo/LOADING]: Found valid mod file bettercombat-forge-1.7.1+1.19.jar with {bettercombat} mods - versions {1.7.1+1.19}
[18Sep2024 03:30:01.797] [main/DEBUG] [net.minecraftforge.fml.loading.moddiscovery.ModFileParser/LOADING]: Considering mod file candidate /workspaces/Mamaron-/servidor_minecraft/mods/betterfpsdist-1.19.2-4.1.jar
[18Sep2024 03:30:01.799] [main/DEBUG] [net.minecraftforge.fml.loading.moddiscovery.ModFileInfo/LOADING]: Found valid mod file betterfpsdist-1.19.2-4.1.jar with {betterfpsdist} mods - versions {1.19.2-4.1}
[18Sep2024 03:30:01.800] [main/DEBUG] [net.minecraftforge.fml.loading.moddiscovery.ModFileParser/LOADING]: Considering mod file candidate /workspaces/Mamaron-/servidor_minecraft/mods/BetterThirdPerson-Forge-1.19-1.9.0.jar
[18Sep2024 03:30:01.803] [main/DEBUG] [net.minecraftforge.fml.loading.moddiscovery.ModFileInfo/LOADING]: Found valid mod file BetterThirdPerson-Forge-1.19-1.9.0.jar with {betterthirdperson} mods - versions {1.9.0}
[18Sep2024 03:30:01.805] [main/DEBUG] [net.minecraftforge.fml.loading.moddiscovery.ModFileParser/LOADING]: Considering mod file candidate /workspaces/Mamaron-/servidor_minecraft/mods/BHMenu-Forge-1.19.2-2.4.1.jar
[18Sep2024 03:30:01.807] [main/DEBUG] [net.minecraftforge.fml.loading.moddiscovery.ModFileInfo/LOADING]: Found valid mod file BHMenu-Forge-1.19.2-2.4.1.jar with {bhmenu} mods - versions {2.4.1}
[18Sep2024 03:30:01.808] [main/DEBUG] [net.minecraftforge.fml.loading.moddiscovery.ModFileParser/LOADING]: Considering mod file candidate /workspaces/Mamaron-/servidor_minecraft/mods/biomemusic-1.19.2-2.2.jar
[18Sep2024 03:30:01.810] [main/DEBUG] [net.minecraftforge.fml.loading.moddiscovery.ModFileInfo/LOADING]: Found valid mod file biomemusic-1.19.2-2.2.jar with {biomemusic} mods - versions {1.19.2-2.2}
[18Sep2024 03:30:01.817] [main/DEBUG] [net.minecraftforge.fml.loading.moddiscovery.ModFileParser/LOADING]: Considering mod file candidate /workspaces/Mamaron-/servidor_minecraft/mods/blue_skies-1.19.2-1.3.20.jar
[18Sep2024 03:30:01.821] [main/DEBUG] [net.minecraftforge.fml.loading.moddiscovery.ModFileInfo/LOADING]: Found valid mod file blue_skies-1.19.2-1.3.20.jar with {blue_skies} mods - versions {1.3.20}
[18Sep2024 03:30:01.822] [main/DEBUG] [net.minecraftforge.fml.loading.moddiscovery.ModFileParser/LOADING]: Considering mod file candidate /workspaces/Mamaron-/servidor_minecraft/mods/blueprint-1.19.2-6.2.0.jar
[18Sep2024 03:30:01.824] [main/DEBUG] [net.minecraftforge.fml.loading.moddiscovery.ModFileInfo/LOADING]: Found valid mod file blueprint-1.19.2-6.2.0.jar with {blueprint} mods - versions {6.2.0}
[18Sep2024 03:30:01.826] [main/DEBUG] [net.minecraftforge.fml.loading.moddiscovery.ModFileParser/LOADING]: Considering mod file candidate /workspaces/Mamaron-/servidor_minecraft/mods/bocchium-1.19.2-0.0.3.jar
[18Sep2024 03:30:01.827] [main/DEBUG] [net.minecraftforge.fml.loading.moddiscovery.ModFileInfo/LOADING]: Found valid mod file bocchium-1.19.2-0.0.3.jar with {bocchium} mods - versions {1.19.2-0.0.3}
[18Sep2024 03:30:01.829] [main/DEBUG] [net.minecraftforge.fml.loading.moddiscovery.ModFileParser/LOADING]: Considering mod file candidate /workspaces/Mamaron-/servidor_minecraft/mods/BOMD-Forge-1.19.2-1.0.6.jar
[18Sep2024 03:30:01.831] [main/DEBUG] [net.minecraftforge.fml.loading.moddiscovery.ModFileInfo/LOADING]: Found valid mod file BOMD-Forge-1.19.2-1.0.6.jar with {bosses_of_mass_destruction} mods - versions {1.0.6}
[18Sep2024 03:30:01.840] [main/DEBUG] [net.minecraftforge.fml.loading.moddiscovery.ModFileParser/LOADING]: Considering mod file candidate /workspaces/Mamaron-/servidor_minecraft/mods/Bookshelf-Forge-1.19.2-16.3.20.jar
[18Sep2024 03:30:01.842] [main/DEBUG] [net.minecraftforge.fml.loading.moddiscovery.ModFileInfo/LOADING]: Found valid mod file Bookshelf-Forge-1.19.2-16.3.20.jar with {bookshelf} mods - versions {16.3.20}
[18Sep2024 03:30:01.844] [main/DEBUG] [net.minecraftforge.fml.loading.moddiscovery.ModFileParser/LOADING]: Considering mod file candidate /workspaces/Mamaron-/servidor_minecraft/mods/BrewinAndChewin-1.19-2.0.jar
[18Sep2024 03:30:01.845] [main/DEBUG] [net.minecraftforge.fml.loading.moddiscovery.ModFileInfo/LOADING]: Found valid mod file BrewinAndChewin-1.19-2.0.jar with {brewinandchewin} mods - versions {1.19-2.0}
[18Sep2024 03:30:01.846] [main/DEBUG] [net.minecraftforge.fml.loading.moddiscovery.ModFileParser/LOADING]: Considering mod file candidate /workspaces/Mamaron-/servidor_minecraft/mods/brutalbosses-1.19.2-6.8.jar
[18Sep2024 03:30:01.847] [main/DEBUG] [net.minecraftforge.fml.loading.moddiscovery.ModFileInfo/LOADING]: Found valid mod file brutalbosses-1.19.2-6.8.jar with {brutalbosses} mods - versions {1.19.2-6.8}
[18Sep2024 03:30:01.848] [main/DEBUG] [net.minecraftforge.fml.loading.moddiscovery.ModFileParser/LOADING]: Considering mod file candidate /workspaces/Mamaron-/servidor_minecraft/mods/bygonenether-1.3.2-1.19.2.jar
[18Sep2024 03:30:01.850] [main/DEBUG] [net.minecraftforge.fml.loading.moddiscovery.ModFileInfo/LOADING]: Found valid mod file bygonenether-1.3.2-1.19.2.jar with {bygonenether} mods - versions {1.3.2}
[18Sep2024 03:30:01.850] [main/DEBUG] [net.minecraftforge.fml.loading.moddiscovery.ModFileParser/LOADING]: Considering mod file candidate /workspaces/Mamaron-/servidor_minecraft/mods/caelus-forge-1.19.2-3.0.0.6.jar
[18Sep2024 03:30:01.852] [main/DEBUG] [net.minecraftforge.fml.loading.moddiscovery.ModFileInfo/LOADING]: Found valid mod file caelus-forge-1.19.2-3.0.0.6.jar with {caelus} mods - versions {1.19.2-3.0.0.6}
[18Sep2024 03:30:01.853] [main/DEBUG] [net.minecraftforge.fml.loading.moddiscovery.ModFileParser/LOADING]: Considering mod file candidate /workspaces/Mamaron-/servidor_minecraft/mods/canary-mc1.19.2-0.3.3.jar
[18Sep2024 03:30:01.853] [main/DEBUG] [net.minecraftforge.fml.loading.moddiscovery.ModFileInfo/LOADING]: Found valid mod file canary-mc1.19.2-0.3.3.jar with {canary} mods - versions {0.3.3}
[18Sep2024 03:30:01.856] [main/DEBUG] [net.minecraftforge.fml.loading.moddiscovery.ModFileParser/LOADING]: Considering mod file candidate /workspaces/Mamaron-/servidor_minecraft/mods/celestisynth-1.19.2-1.1.5.jar
[18Sep2024 03:30:01.858] [main/DEBUG] [net.minecraftforge.fml.loading.moddiscovery.ModFileInfo/LOADING]: Found valid mod file celestisynth-1.19.2-1.1.5.jar with {celestisynth} mods - versions {1.19.2-1.1.5}
[18Sep2024 03:30:01.859] [main/DEBUG] [net.minecraftforge.fml.loading.moddiscovery.ModFileParser/LOADING]: Considering mod file candidate /workspaces/Mamaron-/servidor_minecraft/mods/chunksending-1.19.2-2.8.jar
[18Sep2024 03:30:01.861] [main/DEBUG] [net.minecraftforge.fml.loading.moddiscovery.ModFileInfo/LOADING]: Found valid mod file chunksending-1.19.2-2.8.jar with {chunksending} mods - versions {1.19.2-2.8}
[18Sep2024 03:30:01.862] [main/DEBUG] [net.minecraftforge.fml.loading.moddiscovery.ModFileParser/LOADING]: Considering mod file candidate /workspaces/Mamaron-/servidor_minecraft/mods/cisco_mod_8.0.jar
[18Sep2024 03:30:01.863] [main/DEBUG] [net.minecraftforge.fml.loading.moddiscovery.ModFileInfo/LOADING]: Found valid mod file cisco_mod_8.0.jar with {cisco_mod} mods - versions {3.9}
[18Sep2024 03:30:01.889] [main/DEBUG] [net.minecraftforge.fml.loading.moddiscovery.ModFileParser/LOADING]: Considering mod file candidate /workspaces/Mamaron-/servidor_minecraft/mods/citadel-2.1.4-1.19.jar
[18Sep2024 03:30:01.890] [main/DEBUG] [net.minecraftforge.fml.loading.moddiscovery.ModFileInfo/LOADING]: Found valid mod file citadel-2.1.4-1.19.jar with {citadel} mods - versions {2.1.4}
[18Sep2024 03:30:01.892] [main/DEBUG] [net.minecraftforge.fml.loading.moddiscovery.ModFileParser/LOADING]: Considering mod file candidate /workspaces/Mamaron-/servidor_minecraft/mods/cloth-config-8.3.115-forge.jar
[18Sep2024 03:30:01.893] [main/DEBUG] [net.minecraftforge.fml.loading.moddiscovery.ModFileInfo/LOADING]: Found valid mod file cloth-config-8.3.115-forge.jar with {cloth_config} mods - versions {8.3.115}
[18Sep2024 03:30:01.893] [main/DEBUG] [net.minecraftforge.fml.loading.moddiscovery.ModFileParser/LOADING]: Considering mod file candidate /workspaces/Mamaron-/servidor_minecraft/mods/Clumps-forge-1.19.2-9.0.0+14.jar
[18Sep2024 03:30:01.894] [main/DEBUG] [net.minecraftforge.fml.loading.moddiscovery.ModFileInfo/LOADING]: Found valid mod file Clumps-forge-1.19.2-9.0.0+14.jar with {clumps} mods - versions {9.0.0+14}
[18Sep2024 03:30:01.895] [main/DEBUG] [net.minecraftforge.fml.loading.moddiscovery.ModFileParser/LOADING]: Considering mod file candidate /workspaces/Mamaron-/servidor_minecraft/mods/collection-of-singiro-1.19.x-1.1.4.jar
[18Sep2024 03:30:01.896] [main/DEBUG] [net.minecraftforge.fml.loading.moddiscovery.ModFileInfo/LOADING]: Found valid mod file collection-of-singiro-1.19.x-1.1.4.jar with {collectionofsingiro} mods - versions {1.0}
[18Sep2024 03:30:01.896] [main/DEBUG] [net.minecraftforge.fml.loading.moddiscovery.ModFileParser/LOADING]: Considering mod file candidate /workspaces/Mamaron-/servidor_minecraft/mods/combatroll-forge-1.1.5+1.19.jar
[18Sep2024 03:30:01.898] [main/DEBUG] [net.minecraftforge.fml.loading.moddiscovery.ModFileInfo/LOADING]: Found valid mod file combatroll-forge-1.1.5+1.19.jar with {combatroll} mods - versions {1.1.5+1.19}
[18Sep2024 03:30:01.899] [main/DEBUG] [net.minecraftforge.fml.loading.moddiscovery.ModFileParser/LOADING]: Considering mod file candidate /workspaces/Mamaron-/servidor_minecraft/mods/connectivity-1.19.2-4.6.jar
[18Sep2024 03:30:01.900] [main/DEBUG] [net.minecraftforge.fml.loading.moddiscovery.ModFileInfo/LOADING]: Found valid mod file connectivity-1.19.2-4.6.jar with {connectivity} mods - versions {1.19.2-4.6}
[18Sep2024 03:30:01.901] [main/DEBUG] [net.minecraftforge.fml.loading.moddiscovery.ModFileParser/LOADING]: Considering mod file candidate /workspaces/Mamaron-/servidor_minecraft/mods/constructionwand-1.19.2-2.10.jar
[18Sep2024 03:30:01.901] [main/DEBUG] [net.minecraftforge.fml.loading.moddiscovery.ModFileInfo/LOADING]: Found valid mod file constructionwand-1.19.2-2.10.jar with {constructionwand} mods - versions {1.19.2-2.10}
[18Sep2024 03:30:01.902] [main/DEBUG] [net.minecraftforge.fml.loading.moddiscovery.ModFileParser/LOADING]: Considering mod file candidate /workspaces/Mamaron-/servidor_minecraft/mods/Controlling-forge-1.19.2-10.0+7.jar
[18Sep2024 03:30:01.903] [main/DEBUG] [net.minecraftforge.fml.loading.moddiscovery.ModFileInfo/LOADING]: Found valid mod file Controlling-forge-1.19.2-10.0+7.jar with {controlling} mods - versions {10.0+7}
[18Sep2024 03:30:01.904] [main/DEBUG] [net.minecraftforge.fml.loading.moddiscovery.ModFileParser/LOADING]: Considering mod file candidate /workspaces/Mamaron-/servidor_minecraft/mods/CorgiLib-forge-1.19.2-1.0.0.34.jar
[18Sep2024 03:30:01.904] [main/DEBUG] [net.minecraftforge.fml.loading.moddiscovery.ModFileInfo/LOADING]: Found valid mod file CorgiLib-forge-1.19.2-1.0.0.34.jar with {corgilib} mods - versions {1.0.0.34}
[18Sep2024 03:30:01.906] [main/DEBUG] [net.minecraftforge.fml.loading.moddiscovery.ModFileParser/LOADING]: Considering mod file candidate /workspaces/Mamaron-/servidor_minecraft/mods/corpse-forge-1.19.2-1.0.14.jar
[18Sep2024 03:30:01.906] [main/DEBUG] [net.minecraftforge.fml.loading.moddiscovery.ModFileInfo/LOADING]: Found valid mod file corpse-forge-1.19.2-1.0.14.jar with {corpse} mods - versions {1.19.2-1.0.14}
[18Sep2024 03:30:01.911] [main/DEBUG] [net.minecraftforge.fml.loading.moddiscovery.ModFileParser/LOADING]: Considering mod file candidate /workspaces/Mamaron-/servidor_minecraft/mods/CraftTweaker-forge-1.19.2-10.1.55.jar
[18Sep2024 03:30:01.912] [main/DEBUG] [net.minecraftforge.fml.loading.moddiscovery.ModFileInfo/LOADING]: Found valid mod file CraftTweaker-forge-1.19.2-10.1.55.jar with {crafttweaker} mods - versions {10.1.55}
[18Sep2024 03:30:01.913] [main/DEBUG] [net.minecraftforge.fml.loading.moddiscovery.ModFileParser/LOADING]: Considering mod file candidate /workspaces/Mamaron-/servidor_minecraft/mods/CraterLib-Forge-1.19.2-2.0.3.jar
[18Sep2024 03:30:01.914] [main/DEBUG] [net.minecraftforge.fml.loading.moddiscovery.ModFileInfo/LOADING]: Found valid mod file CraterLib-Forge-1.19.2-2.0.3.jar with {craterlib} mods - versions {2.0.3}
[18Sep2024 03:30:01.915] [main/DEBUG] [net.minecraftforge.fml.loading.moddiscovery.ModFileParser/LOADING]: Considering mod file candidate /workspaces/Mamaron-/servidor_minecraft/mods/cullleaves-forge-3.0.1.jar
[18Sep2024 03:30:01.916] [main/DEBUG] [net.minecraftforge.fml.loading.moddiscovery.ModFileInfo/LOADING]: Found valid mod file cullleaves-forge-3.0.1.jar with {cullleaves} mods - versions {3.0.1}
[18Sep2024 03:30:01.916] [main/DEBUG] [net.minecraftforge.fml.loading.moddiscovery.ModFileParser/LOADING]: Considering mod file candidate /workspaces/Mamaron-/servidor_minecraft/mods/CullLessLeaves-Reforged-1.0.5.jar
[18Sep2024 03:30:01.918] [main/DEBUG] [net.minecraftforge.fml.loading.moddiscovery.ModFileInfo/LOADING]: Found valid mod file CullLessLeaves-Reforged-1.0.5.jar with {culllessleaves} mods - versions {1.0.5}
[18Sep2024 03:30:01.918] [main/DEBUG] [net.minecraftforge.fml.loading.moddiscovery.ModFileParser/LOADING]: Considering mod file candidate /workspaces/Mamaron-/servidor_minecraft/mods/cupboard-1.19.2-2.6.jar
[18Sep2024 03:30:01.920] [main/DEBUG] [net.minecraftforge.fml.loading.moddiscovery.ModFileInfo/LOADING]: Found valid mod file cupboard-1.19.2-2.6.jar with {cupboard} mods - versions {1.19.2-2.6}
[18Sep2024 03:30:01.920] [main/DEBUG] [net.minecraftforge.fml.loading.moddiscovery.ModFileParser/LOADING]: Considering mod file candidate /workspaces/Mamaron-/servidor_minecraft/mods/curios-forge-1.19.2-5.1.6.3.jar
[18Sep2024 03:30:01.922] [main/DEBUG] [net.minecraftforge.fml.loading.moddiscovery.ModFileInfo/LOADING]: Found valid mod file curios-forge-1.19.2-5.1.6.3.jar with {curios} mods - versions {1.19.2-5.1.6.3}
[18Sep2024 03:30:01.924] [main/DEBUG] [net.minecraftforge.fml.loading.moddiscovery.ModFileParser/LOADING]: Considering mod file candidate /workspaces/Mamaron-/servidor_minecraft/mods/Decorative Blocks-forge-1.19.2-3.0.0.jar
[18Sep2024 03:30:01.925] [main/DEBUG] [net.minecraftforge.fml.loading.moddiscovery.ModFileInfo/LOADING]: Found valid mod file Decorative Blocks-forge-1.19.2-3.0.0.jar with {decorative_blocks} mods - versions {3.0.0}
[18Sep2024 03:30:01.928] [main/DEBUG] [net.minecraftforge.fml.loading.moddiscovery.ModFileParser/LOADING]: Considering mod file candidate /workspaces/Mamaron-/servidor_minecraft/mods/deep_aether-1.19.2-1.0.2.jar
[18Sep2024 03:30:01.929] [main/DEBUG] [net.minecraftforge.fml.loading.moddiscovery.ModFileInfo/LOADING]: Found valid mod file deep_aether-1.19.2-1.0.2.jar with {deep_aether} mods - versions {1.19.2-1.0.2}
[18Sep2024 03:30:01.930] [main/DEBUG] [net.minecraftforge.fml.loading.moddiscovery.ModFileParser/LOADING]: Considering mod file candidate /workspaces/Mamaron-/servidor_minecraft/mods/defaultoptions-forge-1.19-15.0.2.jar
[18Sep2024 03:30:01.931] [main/DEBUG] [net.minecraftforge.fml.loading.moddiscovery.ModFileInfo/LOADING]: Found valid mod file defaultoptions-forge-1.19-15.0.2.jar with {defaultoptions} mods - versions {15.0.2}
[18Sep2024 03:30:01.932] [main/DEBUG] [net.minecraftforge.fml.loading.moddiscovery.ModFileParser/LOADING]: Considering mod file candidate /workspaces/Mamaron-/servidor_minecraft/mods/Delightful-1.19.2-3.4.1.jar
[18Sep2024 03:30:01.933] [main/DEBUG] [net.minecraftforge.fml.loading.moddiscovery.ModFileInfo/LOADING]: Found valid mod file Delightful-1.19.2-3.4.1.jar with {delightful} mods - versions {3.4.1}
[18Sep2024 03:30:01.934] [main/DEBUG] [net.minecraftforge.fml.loading.moddiscovery.ModFileParser/LOADING]: Considering mod file candidate /workspaces/Mamaron-/servidor_minecraft/mods/doapi-1.1.0b.jar
[18Sep2024 03:30:01.935] [main/DEBUG] [net.minecraftforge.fml.loading.moddiscovery.ModFileInfo/LOADING]: Found valid mod file doapi-1.1.0b.jar with {doapi,terraform} mods - versions {1.1.0b,4.2.0}
[18Sep2024 03:30:01.936] [main/DEBUG] [net.minecraftforge.fml.loading.moddiscovery.ModFileParser/LOADING]: Considering mod file candidate /workspaces/Mamaron-/servidor_minecraft/mods/doespotatotick-1.19.2-4.0.2.jar
[18Sep2024 03:30:01.936] [main/DEBUG] [net.minecraftforge.fml.loading.moddiscovery.ModFileInfo/LOADING]: Found valid mod file doespotatotick-1.19.2-4.0.2.jar with {doespotatotick} mods - versions {1.19.2-4.0.2}
[18Sep2024 03:30:01.937] [main/DEBUG] [net.minecraftforge.fml.loading.moddiscovery.ModFileParser/LOADING]: Considering mod file candidate /workspaces/Mamaron-/servidor_minecraft/mods/dragon_enchants-1.0.4-1.19.2.jar
[18Sep2024 03:30:01.938] [main/DEBUG] [net.minecraftforge.fml.loading.moddiscovery.ModFileInfo/LOADING]: Found valid mod file dragon_enchants-1.0.4-1.19.2.jar with {dragonenchants} mods - versions {1.0.4}
[18Sep2024 03:30:01.939] [main/DEBUG] [net.minecraftforge.fml.loading.moddiscovery.ModFileParser/LOADING]: Considering mod file candidate /workspaces/Mamaron-/servidor_minecraft/mods/dragonmounts-1.19.2-1.2.3-beta.jar
[18Sep2024 03:30:01.940] [main/DEBUG] [net.minecraftforge.fml.loading.moddiscovery.ModFileInfo/LOADING]: Found valid mod file dragonmounts-1.19.2-1.2.3-beta.jar with {dragonmounts} mods - versions {1.2.3-beta}
[18Sep2024 03:30:01.940] [main/DEBUG] [net.minecraftforge.fml.loading.moddiscovery.ModFileParser/LOADING]: Considering mod file candidate /workspaces/Mamaron-/servidor_minecraft/mods/dreadsteel-1.19.2-1.1.6.jar
[18Sep2024 03:30:01.942] [main/DEBUG] [net.minecraftforge.fml.loading.moddiscovery.ModFileInfo/LOADING]: Found valid mod file dreadsteel-1.19.2-1.1.6.jar with {dreadsteel} mods - versions {1.19.2-1.1.6}
[18Sep2024 03:30:01.944] [main/DEBUG] [net.minecraftforge.fml.loading.moddiscovery.ModFileParser/LOADING]: Considering mod file candidate /workspaces/Mamaron-/servidor_minecraft/mods/Dreamland-forge-1.19.2-1.2.0.6.jar
[18Sep2024 03:30:01.944] [main/DEBUG] [net.minecraftforge.fml.loading.moddiscovery.ModFileInfo/LOADING]: Found valid mod file Dreamland-forge-1.19.2-1.2.0.6.jar with {dreamland} mods - versions {1.2.0.6}
[18Sep2024 03:30:01.945] [main/DEBUG] [net.minecraftforge.fml.loading.moddiscovery.ModFileParser/LOADING]: Considering mod file candidate /workspaces/Mamaron-/servidor_minecraft/mods/dummmmmmy-1.19.2-1.7.1.jar
[18Sep2024 03:30:01.946] [main/DEBUG] [net.minecraftforge.fml.loading.moddiscovery.ModFileInfo/LOADING]: Found valid mod file dummmmmmy-1.19.2-1.7.1.jar with {dummmmmmy} mods - versions {1.19.2-1.7.1}
[18Sep2024 03:30:01.947] [main/DEBUG] [net.minecraftforge.fml.loading.moddiscovery.ModFileParser/LOADING]: Considering mod file candidate /workspaces/Mamaron-/servidor_minecraft/mods/DungeonCrawl-1.19-2.3.12.jar
[18Sep2024 03:30:01.948] [main/DEBUG] [net.minecraftforge.fml.loading.moddiscovery.ModFileInfo/LOADING]: Found valid mod file DungeonCrawl-1.19-2.3.12.jar with {dungeoncrawl} mods - versions {2.3.12}
[18Sep2024 03:30:01.952] [main/DEBUG] [net.minecraftforge.fml.loading.moddiscovery.ModFileParser/LOADING]: Considering mod file candidate /workspaces/Mamaron-/servidor_minecraft/mods/dungeons-and-taverns-2.0.2 forge.jar
[18Sep2024 03:30:01.954] [main/DEBUG] [net.minecraftforge.fml.loading.moddiscovery.ModFileInfo/LOADING]: Found valid mod file dungeons-and-taverns-2.0.2 forge.jar with {dungeons_andtaverns_mr} mods - versions {2.0.2}
[18Sep2024 03:30:01.955] [main/DEBUG] [net.minecraftforge.fml.loading.moddiscovery.ModFileParser/LOADING]: Considering mod file candidate /workspaces/Mamaron-/servidor_minecraft/mods/dungeons_enhanced-1.19.2-4.1.jar
[18Sep2024 03:30:01.956] [main/DEBUG] [net.minecraftforge.fml.loading.moddiscovery.ModFileInfo/LOADING]: Found valid mod file dungeons_enhanced-1.19.2-4.1.jar with {dungeons_enhanced} mods - versions {4.1}
[18Sep2024 03:30:01.957] [main/DEBUG] [net.minecraftforge.fml.loading.moddiscovery.ModFileParser/LOADING]: Considering mod file candidate /workspaces/Mamaron-/servidor_minecraft/mods/dungeons_plus-1.19.2-1.3.1.jar
[18Sep2024 03:30:01.960] [main/DEBUG] [net.minecraftforge.fml.loading.moddiscovery.ModFileInfo/LOADING]: Found valid mod file dungeons_plus-1.19.2-1.3.1.jar with {dungeons_plus} mods - versions {1.3.1}
[18Sep2024 03:30:01.962] [main/DEBUG] [net.minecraftforge.fml.loading.moddiscovery.ModFileParser/LOADING]: Considering mod file candidate /workspaces/Mamaron-/servidor_minecraft/mods/DungeonsArise-1.19.2-2.1.54-release.jar
[18Sep2024 03:30:01.966] [main/DEBUG] [net.minecraftforge.fml.loading.moddiscovery.ModFileInfo/LOADING]: Found valid mod file DungeonsArise-1.19.2-2.1.54-release.jar with {dungeons_arise} mods - versions {2.1.54-1.19.2}
[18Sep2024 03:30:01.968] [main/DEBUG] [net.minecraftforge.fml.loading.moddiscovery.ModFileParser/LOADING]: Considering mod file candidate /workspaces/Mamaron-/servidor_minecraft/mods/DungeonsAriseSevenSeas-1.19.2-1.0.2-forge.jar
[18Sep2024 03:30:01.970] [main/DEBUG] [net.minecraftforge.fml.loading.moddiscovery.ModFileInfo/LOADING]: Found valid mod file DungeonsAriseSevenSeas-1.19.2-1.0.2-forge.jar with {dungeons_arise_seven_seas} mods - versions {1.0.2}
[18Sep2024 03:30:01.971] [main/DEBUG] [net.minecraftforge.fml.loading.moddiscovery.ModFileParser/LOADING]: Considering mod file candidate /workspaces/Mamaron-/servidor_minecraft/mods/easy-villagers-forge-1.19.2-1.1.17.jar
[18Sep2024 03:30:01.977] [main/DEBUG] [net.minecraftforge.fml.loading.moddiscovery.ModFileInfo/LOADING]: Found valid mod file easy-villagers-forge-1.19.2-1.1.17.jar with {easy_villagers} mods - versions {1.19.2-1.1.17}
[18Sep2024 03:30:01.978] [main/DEBUG] [net.minecraftforge.fml.loading.moddiscovery.ModFileParser/LOADING]: Considering mod file candidate /workspaces/Mamaron-/servidor_minecraft/mods/eccentrictome-1.19.2-1.10.2.jar
[18Sep2024 03:30:01.979] [main/DEBUG] [net.minecraftforge.fml.loading.moddiscovery.ModFileInfo/LOADING]: Found valid mod file eccentrictome-1.19.2-1.10.2.jar with {eccentrictome} mods - versions {1.19.2-1.10.2}
[18Sep2024 03:30:01.980] [main/DEBUG] [net.minecraftforge.fml.loading.moddiscovery.ModFileParser/LOADING]: Considering mod file candidate /workspaces/Mamaron-/servidor_minecraft/mods/ecologics-forge-1.19.2-2.1.11.jar
[18Sep2024 03:30:01.982] [main/DEBUG] [net.minecraftforge.fml.loading.moddiscovery.ModFileInfo/LOADING]: Found valid mod file ecologics-forge-1.19.2-2.1.11.jar with {ecologics} mods - versions {2.1.11}
[18Sep2024 03:30:01.983] [main/DEBUG] [net.minecraftforge.fml.loading.moddiscovery.ModFileParser/LOADING]: Considering mod file candidate /workspaces/Mamaron-/servidor_minecraft/mods/elytraslot-forge-6.1.2+1.19.2.jar
[18Sep2024 03:30:01.985] [main/DEBUG] [net.minecraftforge.fml.loading.moddiscovery.ModFileInfo/LOADING]: Found valid mod file elytraslot-forge-6.1.2+1.19.2.jar with {elytraslot} mods - versions {6.1.2+1.19.2}
[18Sep2024 03:30:01.989] [main/DEBUG] [net.minecraftforge.fml.loading.moddiscovery.ModFileParser/LOADING]: Considering mod file candidate /workspaces/Mamaron-/servidor_minecraft/mods/EnchantmentDescriptions-Forge-1.19.2-13.0.14.jar
[18Sep2024 03:30:01.991] [main/DEBUG] [net.minecraftforge.fml.loading.moddiscovery.ModFileInfo/LOADING]: Found valid mod file EnchantmentDescriptions-Forge-1.19.2-13.0.14.jar with {enchdesc} mods - versions {13.0.14}
[18Sep2024 03:30:01.993] [main/DEBUG] [net.minecraftforge.fml.loading.moddiscovery.ModFileParser/LOADING]: Considering mod file candidate /workspaces/Mamaron-/servidor_minecraft/mods/End's Phantasm - BETAv1.2.10.5 - 1.19.2.jar
[18Sep2024 03:30:01.996] [main/DEBUG] [net.minecraftforge.fml.loading.moddiscovery.ModFileInfo/LOADING]: Found valid mod file End's Phantasm - BETAv1.2.10.5 - 1.19.2.jar with {phantasm} mods - versions {1.2.10.5}
[18Sep2024 03:30:01.998] [main/DEBUG] [net.minecraftforge.fml.loading.moddiscovery.ModFileParser/LOADING]: Considering mod file candidate /workspaces/Mamaron-/servidor_minecraft/mods/EndlessBiomes 1.4s - 1.19.2 (Server-friendly).jar
[18Sep2024 03:30:01.999] [main/DEBUG] [net.minecraftforge.fml.loading.moddiscovery.ModFileInfo/LOADING]: Found valid mod file EndlessBiomes 1.4s - 1.19.2 (Server-friendly).jar with {endlessbiomes} mods - versions {1.0.0}
[18Sep2024 03:30:01.999] [main/DEBUG] [net.minecraftforge.fml.loading.moddiscovery.ModFileParser/LOADING]: Considering mod file candidate /workspaces/Mamaron-/servidor_minecraft/mods/endrem_forge-5.2.1-R-1.19.X.jar
[18Sep2024 03:30:02.000] [main/DEBUG] [net.minecraftforge.fml.loading.moddiscovery.ModFileInfo/LOADING]: Found valid mod file endrem_forge-5.2.1-R-1.19.X.jar with {endrem} mods - versions {5.2.1-R-1.19.2}
[18Sep2024 03:30:02.001] [main/DEBUG] [net.minecraftforge.fml.loading.moddiscovery.ModFileParser/LOADING]: Considering mod file candidate /workspaces/Mamaron-/servidor_minecraft/mods/enemyexpansion-2.3.2-forge-1.19.2.jar
[18Sep2024 03:30:02.002] [main/DEBUG] [net.minecraftforge.fml.loading.moddiscovery.ModFileInfo/LOADING]: Found valid mod file enemyexpansion-2.3.2-forge-1.19.2.jar with {enemyexpansion} mods - versions {2.3.2}
[18Sep2024 03:30:02.004] [main/DEBUG] [net.minecraftforge.fml.loading.moddiscovery.ModFileParser/LOADING]: Considering mod file candidate /workspaces/Mamaron-/servidor_minecraft/mods/EnigmaticLegacy-2.26.5.jar
[18Sep2024 03:30:02.005] [main/DEBUG] [net.minecraftforge.fml.loading.moddiscovery.ModFileInfo/LOADING]: Found valid mod file EnigmaticLegacy-2.26.5.jar with {enigmaticlegacy} mods - versions {2.26.5}
[18Sep2024 03:30:02.006] [main/DEBUG] [net.minecraftforge.fml.loading.moddiscovery.ModFileParser/LOADING]: Considering mod file candidate /workspaces/Mamaron-/servidor_minecraft/mods/Entity_Collision_FPS_Fix-forge-1.19-2.0.0.0.jar
[18Sep2024 03:30:02.007] [main/DEBUG] [net.minecraftforge.fml.loading.moddiscovery.ModFileInfo/LOADING]: Found valid mod file Entity_Collision_FPS_Fix-forge-1.19-2.0.0.0.jar with {entitycollisionfpsfix} mods - versions {2.0.0.0}
[18Sep2024 03:30:02.008] [main/DEBUG] [net.minecraftforge.fml.loading.moddiscovery.ModFileParser/LOADING]: Considering mod file candidate /workspaces/Mamaron-/servidor_minecraft/mods/entityculling-forge-1.6.1-mc1.19.2.jar
[18Sep2024 03:30:02.011] [main/DEBUG] [net.minecraftforge.fml.loading.moddiscovery.ModFileInfo/LOADING]: Found valid mod file entityculling-forge-1.6.1-mc1.19.2.jar with {entityculling} mods - versions {1.6.1}
[18Sep2024 03:30:02.011] [main/DEBUG] [net.minecraftforge.fml.loading.moddiscovery.ModFileParser/LOADING]: Considering mod file candidate /workspaces/Mamaron-/servidor_minecraft/mods/ExplorersCompass-1.19.2-1.3.0-forge.jar
[18Sep2024 03:30:02.015] [main/DEBUG] [net.minecraftforge.fml.loading.moddiscovery.ModFileInfo/LOADING]: Found valid mod file ExplorersCompass-1.19.2-1.3.0-forge.jar with {explorerscompass} mods - versions {1.19.2-1.3.0-forge}
[18Sep2024 03:30:02.016] [main/DEBUG] [net.minecraftforge.fml.loading.moddiscovery.ModFileParser/LOADING]: Considering mod file candidate /workspaces/Mamaron-/servidor_minecraft/mods/Explorify v1.6.1 f10-48.jar
[18Sep2024 03:30:02.017] [main/DEBUG] [net.minecraftforge.fml.loading.moddiscovery.ModFileInfo/LOADING]: Found valid mod file Explorify v1.6.1 f10-48.jar with {explorify} mods - versions {1.6.1}
[18Sep2024 03:30:02.019] [main/DEBUG] [net.minecraftforge.fml.loading.moddiscovery.ModFileParser/LOADING]: Considering mod file candidate /workspaces/Mamaron-/servidor_minecraft/mods/fantasyfurniture-1.19.2-6.7.0.jar
[18Sep2024 03:30:02.021] [main/DEBUG] [net.minecraftforge.fml.loading.moddiscovery.ModFileInfo/LOADING]: Found valid mod file fantasyfurniture-1.19.2-6.7.0.jar with {fantasyfurniture} mods - versions {6.7.0}
[18Sep2024 03:30:02.024] [main/DEBUG] [net.minecraftforge.fml.loading.moddiscovery.ModFileParser/LOADING]: Considering mod file candidate /workspaces/Mamaron-/servidor_minecraft/mods/FarmersDelight-1.19.2-1.2.4.jar
[18Sep2024 03:30:02.026] [main/DEBUG] [net.minecraftforge.fml.loading.moddiscovery.ModFileInfo/LOADING]: Found valid mod file FarmersDelight-1.19.2-1.2.4.jar with {farmersdelight} mods - versions {1.19.2-1.2.4}
[18Sep2024 03:30:02.027] [main/DEBUG] [net.minecraftforge.fml.loading.moddiscovery.ModFileParser/LOADING]: Considering mod file candidate /workspaces/Mamaron-/servidor_minecraft/mods/FarmersRespite-1.19-2.0.jar
[18Sep2024 03:30:02.033] [main/DEBUG] [net.minecraftforge.fml.loading.moddiscovery.ModFileInfo/LOADING]: Found valid mod file FarmersRespite-1.19-2.0.jar with {farmersrespite} mods - versions {1.19-2.0}
[18Sep2024 03:30:02.035] [main/DEBUG] [net.minecraftforge.fml.loading.moddiscovery.ModFileParser/LOADING]: Considering mod file candidate /workspaces/Mamaron-/servidor_minecraft/mods/fastpaintings-1.19-1.1.3.jar
[18Sep2024 03:30:02.040] [main/DEBUG] [net.minecraftforge.fml.loading.moddiscovery.ModFileInfo/LOADING]: Found valid mod file fastpaintings-1.19-1.1.3.jar with {fastpaintings} mods - versions {1.19-1.1.3}
[18Sep2024 03:30:02.045] [main/DEBUG] [net.minecraftforge.fml.loading.moddiscovery.ModFileParser/LOADING]: Considering mod file candidate /workspaces/Mamaron-/servidor_minecraft/mods/ferritecore-5.0.3-forge.jar
[18Sep2024 03:30:02.047] [main/DEBUG] [net.minecraftforge.fml.loading.moddiscovery.ModFileInfo/LOADING]: Found valid mod file ferritecore-5.0.3-forge.jar with {ferritecore} mods - versions {5.0.3}
[18Sep2024 03:30:02.050] [main/DEBUG] [net.minecraftforge.fml.loading.moddiscovery.ModFileParser/LOADING]: Considering mod file candidate /workspaces/Mamaron-/servidor_minecraft/mods/forbidden_arcanus-1.19.2-2.1.5.jar
[18Sep2024 03:30:02.054] [main/DEBUG] [net.minecraftforge.fml.loading.moddiscovery.ModFileInfo/LOADING]: Found valid mod file forbidden_arcanus-1.19.2-2.1.5.jar with {forbidden_arcanus} mods - versions {1.19.2-2.1.5}
[18Sep2024 03:30:02.057] [main/DEBUG] [net.minecraftforge.fml.loading.moddiscovery.ModFileParser/LOADING]: Considering mod file candidate /workspaces/Mamaron-/servidor_minecraft/mods/ftb-chunks-forge-1902.4.6-build.360.jar
[18Sep2024 03:30:02.058] [main/DEBUG] [net.minecraftforge.fml.loading.moddiscovery.ModFileInfo/LOADING]: Found valid mod file ftb-chunks-forge-1902.4.6-build.360.jar with {ftbchunks} mods - versions {1902.4.6-build.360}
[18Sep2024 03:30:02.059] [main/DEBUG] [net.minecraftforge.fml.loading.moddiscovery.ModFileParser/LOADING]: Considering mod file candidate /workspaces/Mamaron-/servidor_minecraft/mods/ftb-library-forge-1902.4.1-build.236.jar
[18Sep2024 03:30:02.060] [main/DEBUG] [net.minecraftforge.fml.loading.moddiscovery.ModFileInfo/LOADING]: Found valid mod file ftb-library-forge-1902.4.1-build.236.jar with {ftblibrary} mods - versions {1902.4.1-build.236}
[18Sep2024 03:30:02.061] [main/DEBUG] [net.minecraftforge.fml.loading.moddiscovery.ModFileParser/LOADING]: Considering mod file candidate /workspaces/Mamaron-/servidor_minecraft/mods/ftb-quests-forge-1902.5.9-build.399.jar
[18Sep2024 03:30:02.062] [main/DEBUG] [net.minecraftforge.fml.loading.moddiscovery.ModFileInfo/LOADING]: Found valid mod file ftb-quests-forge-1902.5.9-build.399.jar with {ftbquests} mods - versions {1902.5.9-build.399}
[18Sep2024 03:30:02.063] [main/DEBUG] [net.minecraftforge.fml.loading.moddiscovery.ModFileParser/LOADING]: Considering mod file candidate /workspaces/Mamaron-/servidor_minecraft/mods/ftb-teams-forge-1902.2.14-build.123.jar
[18Sep2024 03:30:02.066] [main/DEBUG] [net.minecraftforge.fml.loading.moddiscovery.ModFileInfo/LOADING]: Found valid mod file ftb-teams-forge-1902.2.14-build.123.jar with {ftbteams} mods - versions {1902.2.14-build.123}
[18Sep2024 03:30:02.066] [main/DEBUG] [net.minecraftforge.fml.loading.moddiscovery.ModFileParser/LOADING]: Considering mod file candidate /workspaces/Mamaron-/servidor_minecraft/mods/ftb-ultimine-forge-1902.4.1-build.90.jar
[18Sep2024 03:30:02.067] [main/DEBUG] [net.minecraftforge.fml.loading.moddiscovery.ModFileInfo/LOADING]: Found valid mod file ftb-ultimine-forge-1902.4.1-build.90.jar with {ftbultimine} mods - versions {1902.4.1-build.90}
[18Sep2024 03:30:02.068] [main/DEBUG] [net.minecraftforge.fml.loading.moddiscovery.ModFileParser/LOADING]: Considering mod file candidate /workspaces/Mamaron-/servidor_minecraft/mods/ftb-xmod-compat-forge-1.2.4.jar
[18Sep2024 03:30:02.073] [main/DEBUG] [net.minecraftforge.fml.loading.moddiscovery.ModFileInfo/LOADING]: Found valid mod file ftb-xmod-compat-forge-1.2.4.jar with {ftbxmodcompat} mods - versions {1.2.4}
[18Sep2024 03:30:02.078] [main/DEBUG] [net.minecraftforge.fml.loading.moddiscovery.ModFileParser/LOADING]: Considering mod file candidate /workspaces/Mamaron-/servidor_minecraft/mods/GameStages-Forge-1.19.2-11.1.4.jar
[18Sep2024 03:30:02.079] [main/DEBUG] [net.minecraftforge.fml.loading.moddiscovery.ModFileInfo/LOADING]: Found valid mod file GameStages-Forge-1.19.2-11.1.4.jar with {gamestages} mods - versions {11.1.4}
[18Sep2024 03:30:02.079] [main/DEBUG] [net.minecraftforge.fml.loading.moddiscovery.ModFileParser/LOADING]: Considering mod file candidate /workspaces/Mamaron-/servidor_minecraft/mods/GatewaysToEternity-1.19.2-3.2.3.jar
[18Sep2024 03:30:02.080] [main/DEBUG] [net.minecraftforge.fml.loading.moddiscovery.ModFileInfo/LOADING]: Found valid mod file GatewaysToEternity-1.19.2-3.2.3.jar with {gateways} mods - versions {3.2.3}
[18Sep2024 03:30:02.082] [main/DEBUG] [net.minecraftforge.fml.loading.moddiscovery.ModFileParser/LOADING]: Considering mod file candidate /workspaces/Mamaron-/servidor_minecraft/mods/geckolib-forge-1.19-3.1.40.jar
[18Sep2024 03:30:02.085] [main/DEBUG] [net.minecraftforge.fml.loading.moddiscovery.ModFileInfo/LOADING]: Found valid mod file geckolib-forge-1.19-3.1.40.jar with {geckolib3} mods - versions {3.1.40}
[18Sep2024 03:30:02.086] [main/DEBUG] [net.minecraftforge.fml.loading.moddiscovery.ModFileParser/LOADING]: Considering mod file candidate /workspaces/Mamaron-/servidor_minecraft/mods/getittogetherdrops-forge-1.19.2-1.3.jar
[18Sep2024 03:30:02.091] [main/DEBUG] [net.minecraftforge.fml.loading.moddiscovery.ModFileInfo/LOADING]: Found valid mod file getittogetherdrops-forge-1.19.2-1.3.jar with {getittogetherdrops} mods - versions {1.3}
[18Sep2024 03:30:02.091] [main/DEBUG] [net.minecraftforge.fml.loading.moddiscovery.ModFileParser/LOADING]: Considering mod file candidate /workspaces/Mamaron-/servidor_minecraft/mods/gpumemleakfix-1.19.2-1.6.jar
[18Sep2024 03:30:02.093] [main/DEBUG] [net.minecraftforge.fml.loading.moddiscovery.ModFileInfo/LOADING]: Found valid mod file gpumemleakfix-1.19.2-1.6.jar with {gpumemleakfix} mods - versions {1.19.2-1.6}
[18Sep2024 03:30:02.094] [main/DEBUG] [net.minecraftforge.fml.loading.moddiscovery.ModFileParser/LOADING]: Considering mod file candidate /workspaces/Mamaron-/servidor_minecraft/mods/Iceberg-1.19.2-forge-1.1.4.jar
[18Sep2024 03:30:02.095] [main/DEBUG] [net.minecraftforge.fml.loading.moddiscovery.ModFileInfo/LOADING]: Found valid mod file Iceberg-1.19.2-forge-1.1.4.jar with {iceberg} mods - versions {1.1.4}
[18Sep2024 03:30:02.096] [main/DEBUG] [net.minecraftforge.fml.loading.moddiscovery.ModFileParser/LOADING]: Considering mod file candidate /workspaces/Mamaron-/servidor_minecraft/mods/ImmediatelyFast-Forge-1.2.20+1.19.2.jar
[18Sep2024 03:30:02.096] [main/DEBUG] [net.minecraftforge.fml.loading.moddiscovery.ModFileInfo/LOADING]: Found valid mod file ImmediatelyFast-Forge-1.2.20+1.19.2.jar with {immediatelyfast} mods - versions {1.2.20+1.19.2}
[18Sep2024 03:30:02.097] [main/DEBUG] [net.minecraftforge.fml.loading.moddiscovery.ModFileParser/LOADING]: Considering mod file candidate /workspaces/Mamaron-/servidor_minecraft/mods/immersive_armors-1.5.6+1.19.2-forge.jar
[18Sep2024 03:30:02.098] [main/DEBUG] [net.minecraftforge.fml.loading.moddiscovery.ModFileInfo/LOADING]: Found valid mod file immersive_armors-1.5.6+1.19.2-forge.jar with {immersive_armors} mods - versions {1.5.6+1.19.2}
[18Sep2024 03:30:02.101] [main/DEBUG] [net.minecraftforge.fml.loading.moddiscovery.ModFileParser/LOADING]: Considering mod file candidate /workspaces/Mamaron-/servidor_minecraft/mods/Incendium_1.19.3_v5.1.6.jar
[18Sep2024 03:30:02.102] [main/DEBUG] [net.minecraftforge.fml.loading.moddiscovery.ModFileInfo/LOADING]: Found valid mod file Incendium_1.19.3_v5.1.6.jar with {incendium} mods - versions {5.1.6}
[18Sep2024 03:30:02.102] [main/DEBUG] [net.minecraftforge.fml.loading.moddiscovery.ModFileParser/LOADING]: Considering mod file candidate /workspaces/Mamaron-/servidor_minecraft/mods/infernalmobs-1.19.2.4.jar
[18Sep2024 03:30:02.103] [main/DEBUG] [net.minecraftforge.fml.loading.moddiscovery.ModFileInfo/LOADING]: Found valid mod file infernalmobs-1.19.2.4.jar with {infernalmobs} mods - versions {1.19.2.4}
[18Sep2024 03:30:02.104] [main/DEBUG] [net.minecraftforge.fml.loading.moddiscovery.ModFileParser/LOADING]: Considering mod file candidate /workspaces/Mamaron-/servidor_minecraft/mods/InsaneLib-1.7.5-mc1.19.2.jar
[18Sep2024 03:30:02.105] [main/DEBUG] [net.minecraftforge.fml.loading.moddiscovery.ModFileInfo/LOADING]: Found valid mod file InsaneLib-1.7.5-mc1.19.2.jar with {insanelib} mods - versions {1.7.5}
[18Sep2024 03:30:02.105] [main/DEBUG] [net.minecraftforge.fml.loading.moddiscovery.ModFileParser/LOADING]: Considering mod file candidate /workspaces/Mamaron-/servidor_minecraft/mods/inventorysorter-1.19.2-21.0.4.jar
[18Sep2024 03:30:02.107] [main/DEBUG] [net.minecraftforge.fml.loading.moddiscovery.ModFileInfo/LOADING]: Found valid mod file inventorysorter-1.19.2-21.0.4.jar with {inventorysorter} mods - versions {21.0.4}
[18Sep2024 03:30:02.108] [main/DEBUG] [net.minecraftforge.fml.loading.moddiscovery.ModFileParser/LOADING]: Considering mod file candidate /workspaces/Mamaron-/servidor_minecraft/mods/ironchest-1.19.2-14.2.7.jar
[18Sep2024 03:30:02.108] [main/DEBUG] [net.minecraftforge.fml.loading.moddiscovery.ModFileInfo/LOADING]: Found valid mod file ironchest-1.19.2-14.2.7.jar with {ironchest} mods - versions {1.19.2-14.2.7}
[18Sep2024 03:30:02.109] [main/DEBUG] [net.minecraftforge.fml.loading.moddiscovery.ModFileParser/LOADING]: Considering mod file candidate /workspaces/Mamaron-/servidor_minecraft/mods/ironfurnaces-1.19.2-3.6.5.jar
[18Sep2024 03:30:02.110] [main/DEBUG] [net.minecraftforge.fml.loading.moddiscovery.ModFileInfo/LOADING]: Found valid mod file ironfurnaces-1.19.2-3.6.5.jar with {ironfurnaces} mods - versions {3.6.5}
[18Sep2024 03:30:02.113] [main/DEBUG] [net.minecraftforge.fml.loading.moddiscovery.ModFileParser/LOADING]: Considering mod file candidate /workspaces/Mamaron-/servidor_minecraft/mods/irons_spellbooks-1.19.2-3.4.0.jar
[18Sep2024 03:30:02.115] [main/DEBUG] [net.minecraftforge.fml.loading.moddiscovery.ModFileInfo/LOADING]: Found valid mod file irons_spellbooks-1.19.2-3.4.0.jar with {irons_spellbooks} mods - versions {1.19.2-3.4.0}
[18Sep2024 03:30:02.115] [main/DEBUG] [net.minecraftforge.fml.loading.moddiscovery.ModFileParser/LOADING]: Considering mod file candidate /workspaces/Mamaron-/servidor_minecraft/mods/item-filters-forge-1902.2.9-build.51.jar
[18Sep2024 03:30:02.116] [main/DEBUG] [net.minecraftforge.fml.loading.moddiscovery.ModFileInfo/LOADING]: Found valid mod file item-filters-forge-1902.2.9-build.51.jar with {itemfilters} mods - versions {1902.2.9-build.51}
[18Sep2024 03:30:02.117] [main/DEBUG] [net.minecraftforge.fml.loading.moddiscovery.ModFileParser/LOADING]: Considering mod file candidate /workspaces/Mamaron-/servidor_minecraft/mods/Item_Obliterator-FORGE-MC1.19.2-1.6.2.jar
[18Sep2024 03:30:02.118] [main/DEBUG] [net.minecraftforge.fml.loading.moddiscovery.ModFileInfo/LOADING]: Found valid mod file Item_Obliterator-FORGE-MC1.19.2-1.6.2.jar with {item_obliterator} mods - versions {1.6.2}
[18Sep2024 03:30:02.118] [main/DEBUG] [net.minecraftforge.fml.loading.moddiscovery.ModFileParser/LOADING]: Considering mod file candidate /workspaces/Mamaron-/servidor_minecraft/mods/ItemProductionLib-1.19.2-1.0.2a-all.jar
[18Sep2024 03:30:02.120] [main/DEBUG] [net.minecraftforge.fml.loading.moddiscovery.ModFileInfo/LOADING]: Found valid mod file ItemProductionLib-1.19.2-1.0.2a-all.jar with {itemproductionlib} mods - versions {1.0.2a}
[18Sep2024 03:30:02.127] [main/DEBUG] [net.minecraftforge.fml.loading.moddiscovery.ModFileParser/LOADING]: Considering mod file candidate /workspaces/Mamaron-/servidor_minecraft/mods/ItemStages-Forge-1.19.2-5.1.4.jar
[18Sep2024 03:30:02.128] [main/DEBUG] [net.minecraftforge.fml.loading.moddiscovery.ModFileInfo/LOADING]: Found valid mod file ItemStages-Forge-1.19.2-5.1.4.jar with {itemstages} mods - versions {5.1.4}
[18Sep2024 03:30:02.131] [main/DEBUG] [net.minecraftforge.fml.loading.moddiscovery.ModFileParser/LOADING]: Considering mod file candidate /workspaces/Mamaron-/servidor_minecraft/mods/iterpg-0.5.0-1.19.2.jar
[18Sep2024 03:30:02.133] [main/DEBUG] [net.minecraftforge.fml.loading.moddiscovery.ModFileInfo/LOADING]: Found valid mod file iterpg-0.5.0-1.19.2.jar with {iter_rpg} mods - versions {0.5.0}
[18Sep2024 03:30:02.137] [main/DEBUG] [net.minecraftforge.fml.loading.moddiscovery.ModFileParser/LOADING]: Considering mod file candidate /workspaces/Mamaron-/servidor_minecraft/mods/Jade-1.19.1-forge-8.9.2.jar
[18Sep2024 03:30:02.138] [main/DEBUG] [net.minecraftforge.fml.loading.moddiscovery.ModFileInfo/LOADING]: Found valid mod file Jade-1.19.1-forge-8.9.2.jar with {jade} mods - versions {8.9.2}
[18Sep2024 03:30:02.140] [main/DEBUG] [net.minecraftforge.fml.loading.moddiscovery.ModFileParser/LOADING]: Considering mod file candidate /workspaces/Mamaron-/servidor_minecraft/mods/jei-1.19.2-forge-11.6.0.1019.jar
[18Sep2024 03:30:02.142] [main/DEBUG] [net.minecraftforge.fml.loading.moddiscovery.ModFileInfo/LOADING]: Found valid mod file jei-1.19.2-forge-11.6.0.1019.jar with {jei} mods - versions {11.6.0.1019}
[18Sep2024 03:30:02.144] [main/DEBUG] [net.minecraftforge.fml.loading.moddiscovery.ModFileParser/LOADING]: Considering mod file candidate /workspaces/Mamaron-/servidor_minecraft/mods/konkrete_forge_1.8.0_MC_1.19-1.19.2.jar
[18Sep2024 03:30:02.146] [main/DEBUG] [net.minecraftforge.fml.loading.moddiscovery.ModFileInfo/LOADING]: Found valid mod file konkrete_forge_1.8.0_MC_1.19-1.19.2.jar with {konkrete} mods - versions {1.8.0}
[18Sep2024 03:30:02.148] [main/DEBUG] [net.minecraftforge.fml.loading.moddiscovery.ModFileParser/LOADING]: Considering mod file candidate /workspaces/Mamaron-/servidor_minecraft/mods/kubejs-forge-1902.6.2-build.73.jar
[18Sep2024 03:30:02.149] [main/DEBUG] [net.minecraftforge.fml.loading.moddiscovery.ModFileInfo/LOADING]: Found valid mod file kubejs-forge-1902.6.2-build.73.jar with {kubejs} mods - versions {1902.6.2-build.73}
[18Sep2024 03:30:02.153] [main/DEBUG] [net.minecraftforge.fml.loading.moddiscovery.ModFileParser/LOADING]: Considering mod file candidate /workspaces/Mamaron-/servidor_minecraft/mods/L_Enders_Cataclysm-1.99.6-1.19.2.jar
[18Sep2024 03:30:02.154] [main/DEBUG] [net.minecraftforge.fml.loading.moddiscovery.ModFileInfo/LOADING]: Found valid mod file L_Enders_Cataclysm-1.99.6-1.19.2.jar with {cataclysm} mods - versions {1.99.5 - 1.19.2}
[18Sep2024 03:30:02.155] [main/DEBUG] [net.minecraftforge.fml.loading.moddiscovery.ModFileParser/LOADING]: Considering mod file candidate /workspaces/Mamaron-/servidor_minecraft/mods/lazydfu-1.19-1.0.2.jar
[18Sep2024 03:30:02.157] [main/DEBUG] [net.minecraftforge.fml.loading.moddiscovery.ModFileInfo/LOADING]: Found valid mod file lazydfu-1.19-1.0.2.jar with {lazydfu} mods - versions {0.1.3}
[18Sep2024 03:30:02.158] [main/DEBUG] [net.minecraftforge.fml.loading.moddiscovery.ModFileParser/LOADING]: Considering mod file candidate /workspaces/Mamaron-/servidor_minecraft/mods/letmedespawn-1.18.x-1.19.x-forge-1.0.3.jar
[18Sep2024 03:30:02.160] [main/DEBUG] [net.minecraftforge.fml.loading.moddiscovery.ModFileInfo/LOADING]: Found valid mod file letmedespawn-1.18.x-1.19.x-forge-1.0.3.jar with {letmedespawn} mods - versions {0.0NONE}
[18Sep2024 03:30:02.162] [main/DEBUG] [net.minecraftforge.fml.loading.moddiscovery.ModFileParser/LOADING]: Considering mod file candidate /workspaces/Mamaron-/servidor_minecraft/mods/letsdo-bakery-forge-1.0.6.jar
[18Sep2024 03:30:02.163] [main/DEBUG] [net.minecraftforge.fml.loading.moddiscovery.ModFileInfo/LOADING]: Found valid mod file letsdo-bakery-forge-1.0.6.jar with {bakery} mods - versions {1.0.6}
[18Sep2024 03:30:02.165] [main/DEBUG] [net.minecraftforge.fml.loading.moddiscovery.ModFileParser/LOADING]: Considering mod file candidate /workspaces/Mamaron-/servidor_minecraft/mods/letsdo-vinery-forge-1.3.12b.jar
[18Sep2024 03:30:02.167] [main/DEBUG] [net.minecraftforge.fml.loading.moddiscovery.ModFileInfo/LOADING]: Found valid mod file letsdo-vinery-forge-1.3.12b.jar with {vinery} mods - versions {1.3.12}
[18Sep2024 03:30:02.170] [main/DEBUG] [net.minecraftforge.fml.loading.moddiscovery.ModFileParser/LOADING]: Considering mod file candidate /workspaces/Mamaron-/servidor_minecraft/mods/lionfishapi-1.8.jar
[18Sep2024 03:30:02.174] [main/DEBUG] [net.minecraftforge.fml.loading.moddiscovery.ModFileInfo/LOADING]: Found valid mod file lionfishapi-1.8.jar with {lionfishapi} mods - versions {1.8}
[18Sep2024 03:30:02.175] [main/DEBUG] [net.minecraftforge.fml.loading.moddiscovery.ModFileParser/LOADING]: Considering mod file candidate /workspaces/Mamaron-/servidor_minecraft/mods/lootintegrations-1.19.2-3.7.jar
[18Sep2024 03:30:02.177] [main/DEBUG] [net.minecraftforge.fml.loading.moddiscovery.ModFileInfo/LOADING]: Found valid mod file lootintegrations-1.19.2-3.7.jar with {lootintegrations} mods - versions {1.19.2-3.7}
[18Sep2024 03:30:02.178] [main/DEBUG] [net.minecraftforge.fml.loading.moddiscovery.ModFileParser/LOADING]: Considering mod file candidate /workspaces/Mamaron-/servidor_minecraft/mods/lootr-forge-1.19-0.4.28.74.jar
[18Sep2024 03:30:02.179] [main/DEBUG] [net.minecraftforge.fml.loading.moddiscovery.ModFileInfo/LOADING]: Found valid mod file lootr-forge-1.19-0.4.28.74.jar with {lootr} mods - versions {0.4.28.73}
[18Sep2024 03:30:02.180] [main/DEBUG] [net.minecraftforge.fml.loading.moddiscovery.ModFileParser/LOADING]: Considering mod file candidate /workspaces/Mamaron-/servidor_minecraft/mods/majrusz-library-forge-1.19.2-7.0.5-backport.1.jar
[18Sep2024 03:30:02.181] [main/DEBUG] [net.minecraftforge.fml.loading.moddiscovery.ModFileInfo/LOADING]: Found valid mod file majrusz-library-forge-1.19.2-7.0.5-backport.1.jar with {majruszlibrary} mods - versions {7.0.5-backport.1}
[18Sep2024 03:30:02.182] [main/DEBUG] [net.minecraftforge.fml.loading.moddiscovery.ModFileParser/LOADING]: Considering mod file candidate /workspaces/Mamaron-/servidor_minecraft/mods/majruszs-accessories-forge-1.19.2-1.5.2-backport.2.jar
[18Sep2024 03:30:02.184] [main/DEBUG] [net.minecraftforge.fml.loading.moddiscovery.ModFileInfo/LOADING]: Found valid mod file majruszs-accessories-forge-1.19.2-1.5.2-backport.2.jar with {majruszsaccessories} mods - versions {1.5.2-backport.2}
[18Sep2024 03:30:02.185] [main/DEBUG] [net.minecraftforge.fml.loading.moddiscovery.ModFileParser/LOADING]: Considering mod file candidate /workspaces/Mamaron-/servidor_minecraft/mods/majruszs-difficulty-forge-1.19.2-1.9.9-backport.1.jar
[18Sep2024 03:30:02.186] [main/DEBUG] [net.minecraftforge.fml.loading.moddiscovery.ModFileInfo/LOADING]: Found valid mod file majruszs-difficulty-forge-1.19.2-1.9.9-backport.1.jar with {majruszsdifficulty} mods - versions {1.9.9-backport.1}
[18Sep2024 03:30:02.187] [main/DEBUG] [net.minecraftforge.fml.loading.moddiscovery.ModFileParser/LOADING]: Considering mod file candidate /workspaces/Mamaron-/servidor_minecraft/mods/majruszs-enchantments-forge-1.19.2-1.10.7-backport.1.jar
[18Sep2024 03:30:02.188] [main/DEBUG] [net.minecraftforge.fml.loading.moddiscovery.ModFileInfo/LOADING]: Found valid mod file majruszs-enchantments-forge-1.19.2-1.10.7-backport.1.jar with {majruszsenchantments} mods - versions {1.10.7-backport.1}
[18Sep2024 03:30:02.192] [main/DEBUG] [net.minecraftforge.fml.loading.moddiscovery.ModFileParser/LOADING]: Considering mod file candidate /workspaces/Mamaron-/servidor_minecraft/mods/MaxHealthFix-Forge-1.19.2-8.0.2.jar
[18Sep2024 03:30:02.193] [main/DEBUG] [net.minecraftforge.fml.loading.moddiscovery.ModFileInfo/LOADING]: Found valid mod file MaxHealthFix-Forge-1.19.2-8.0.2.jar with {maxhealthfix} mods - versions {8.0.2}
[18Sep2024 03:30:02.194] [main/DEBUG] [net.minecraftforge.fml.loading.moddiscovery.ModFileParser/LOADING]: Considering mod file candidate /workspaces/Mamaron-/servidor_minecraft/mods/mcsa-forge-3.1.4+1.19.jar
[18Sep2024 03:30:02.195] [main/DEBUG] [net.minecraftforge.fml.loading.moddiscovery.ModFileInfo/LOADING]: Found valid mod file mcsa-forge-3.1.4+1.19.jar with {mcsa} mods - versions {3.1.4+1.19}
[18Sep2024 03:30:02.196] [main/DEBUG] [net.minecraftforge.fml.loading.moddiscovery.ModFileParser/LOADING]: Considering mod file candidate /workspaces/Mamaron-/servidor_minecraft/mods/medieval_paintings-1.19.2-7.0.jar
[18Sep2024 03:30:02.197] [main/DEBUG] [net.minecraftforge.fml.loading.moddiscovery.ModFileInfo/LOADING]: Found valid mod file medieval_paintings-1.19.2-7.0.jar with {medieval_paintings} mods - versions {7.0}
[18Sep2024 03:30:02.198] [main/DEBUG] [net.minecraftforge.fml.loading.moddiscovery.ModFileParser/LOADING]: Considering mod file candidate /workspaces/Mamaron-/servidor_minecraft/mods/meetyourfight-1.19.2-1.3.4.jar
[18Sep2024 03:30:02.199] [main/DEBUG] [net.minecraftforge.fml.loading.moddiscovery.ModFileInfo/LOADING]: Found valid mod file meetyourfight-1.19.2-1.3.4.jar with {meetyourfight} mods - versions {1.19.2-1.3.4}
[18Sep2024 03:30:02.199] [main/DEBUG] [net.minecraftforge.fml.loading.moddiscovery.ModFileParser/LOADING]: Considering mod file candidate /workspaces/Mamaron-/servidor_minecraft/mods/melody_forge_1.0.1_MC_1.19.2.jar
[18Sep2024 03:30:02.200] [main/DEBUG] [net.minecraftforge.fml.loading.moddiscovery.ModFileInfo/LOADING]: Found valid mod file melody_forge_1.0.1_MC_1.19.2.jar with {melody} mods - versions {1.0.1}
[18Sep2024 03:30:02.201] [main/DEBUG] [net.minecraftforge.fml.loading.moddiscovery.ModFileParser/LOADING]: Considering mod file candidate /workspaces/Mamaron-/servidor_minecraft/mods/memoryleakfix-forge-1.17+-1.0.0.jar
[18Sep2024 03:30:02.202] [main/DEBUG] [net.minecraftforge.fml.loading.moddiscovery.ModFileInfo/LOADING]: Found valid mod file memoryleakfix-forge-1.17+-1.0.0.jar with {memoryleakfix} mods - versions {1.0.0}
[18Sep2024 03:30:02.204] [main/DEBUG] [net.minecraftforge.fml.loading.moddiscovery.ModFileParser/LOADING]: Considering mod file candidate /workspaces/Mamaron-/servidor_minecraft/mods/modernfix-forge-5.18.0+mc1.19.2.jar
[18Sep2024 03:30:02.206] [main/DEBUG] [net.minecraftforge.fml.loading.moddiscovery.ModFileInfo/LOADING]: Found valid mod file modernfix-forge-5.18.0+mc1.19.2.jar with {modernfix} mods - versions {5.18.0+mc1.19.2}
[18Sep2024 03:30:02.211] [main/DEBUG] [net.minecraftforge.fml.loading.moddiscovery.ModFileParser/LOADING]: Considering mod file candidate /workspaces/Mamaron-/servidor_minecraft/mods/moonlight-1.19.2-2.3.7-forge.jar
[18Sep2024 03:30:02.213] [main/DEBUG] [net.minecraftforge.fml.loading.moddiscovery.ModFileInfo/LOADING]: Found valid mod file moonlight-1.19.2-2.3.7-forge.jar with {moonlight} mods - versions {1.19.2-2.3.7}
[18Sep2024 03:30:02.214] [main/DEBUG] [net.minecraftforge.fml.loading.moddiscovery.ModFileParser/LOADING]: Considering mod file candidate /workspaces/Mamaron-/servidor_minecraft/mods/morevillagers-forge-1.19-4.0.3.jar
[18Sep2024 03:30:02.215] [main/DEBUG] [net.minecraftforge.fml.loading.moddiscovery.ModFileInfo/LOADING]: Found valid mod file morevillagers-forge-1.19-4.0.3.jar with {morevillagers} mods - versions {4.0.3}
[18Sep2024 03:30:02.216] [main/DEBUG] [net.minecraftforge.fml.loading.moddiscovery.ModFileParser/LOADING]: Considering mod file candidate /workspaces/Mamaron-/servidor_minecraft/mods/MouseTweaks-forge-mc1.19-2.23.jar
[18Sep2024 03:30:02.217] [main/DEBUG] [net.minecraftforge.fml.loading.moddiscovery.ModFileInfo/LOADING]: Found valid mod file MouseTweaks-forge-mc1.19-2.23.jar with {mousetweaks} mods - versions {2.23}
[18Sep2024 03:30:02.219] [main/DEBUG] [net.minecraftforge.fml.loading.moddiscovery.ModFileParser/LOADING]: Considering mod file candidate /workspaces/Mamaron-/servidor_minecraft/mods/mowziesmobs-1.6.3.jar
[18Sep2024 03:30:02.220] [main/DEBUG] [net.minecraftforge.fml.loading.moddiscovery.ModFileInfo/LOADING]: Found valid mod file mowziesmobs-1.6.3.jar with {mowziesmobs} mods - versions {1.6.3}
[18Sep2024 03:30:02.231] [main/DEBUG] [net.minecraftforge.fml.loading.moddiscovery.ModFileParser/LOADING]: Considering mod file candidate /workspaces/Mamaron-/servidor_minecraft/mods/MutantMonsters-v4.0.6-1.19.2-Forge.jar
[18Sep2024 03:30:02.232] [main/DEBUG] [net.minecraftforge.fml.loading.moddiscovery.ModFileInfo/LOADING]: Found valid mod file MutantMonsters-v4.0.6-1.19.2-Forge.jar with {mutantmonsters} mods - versions {4.0.6}
[18Sep2024 03:30:02.234] [main/DEBUG] [net.minecraftforge.fml.loading.moddiscovery.ModFileParser/LOADING]: Considering mod file candidate /workspaces/Mamaron-/servidor_minecraft/mods/MyServerIsCompatible-1.19-1.0.jar
[18Sep2024 03:30:02.240] [main/DEBUG] [net.minecraftforge.fml.loading.moddiscovery.ModFileInfo/LOADING]: Found valid mod file MyServerIsCompatible-1.19-1.0.jar with {myserveriscompatible} mods - versions {1.0}
[18Sep2024 03:30:02.242] [main/DEBUG] [net.minecraftforge.fml.loading.moddiscovery.ModFileParser/LOADING]: Considering mod file candidate /workspaces/Mamaron-/servidor_minecraft/mods/NaNny-1.0.1.jar
[18Sep2024 03:30:02.243] [main/DEBUG] [net.minecraftforge.fml.loading.moddiscovery.ModFileInfo/LOADING]: Found valid mod file NaNny-1.0.1.jar with {nanny} mods - versions {1.0.1}
[18Sep2024 03:30:02.248] [main/DEBUG] [net.minecraftforge.fml.loading.moddiscovery.ModFileParser/LOADING]: Considering mod file candidate /workspaces/Mamaron-/servidor_minecraft/mods/NaturesCompass-1.19.2-1.10.0-forge.jar
[18Sep2024 03:30:02.249] [main/DEBUG] [net.minecraftforge.fml.loading.moddiscovery.ModFileInfo/LOADING]: Found valid mod file NaturesCompass-1.19.2-1.10.0-forge.jar with {naturescompass} mods - versions {1.19.2-1.10.0-forge}
[18Sep2024 03:30:02.250] [main/DEBUG] [net.minecraftforge.fml.loading.moddiscovery.ModFileParser/LOADING]: Considering mod file candidate /workspaces/Mamaron-/servidor_minecraft/mods/Necronomicon-Forge-1.4.2.jar
[18Sep2024 03:30:02.251] [main/DEBUG] [net.minecraftforge.fml.loading.moddiscovery.ModFileInfo/LOADING]: Found valid mod file Necronomicon-Forge-1.4.2.jar with {necronomicon} mods - versions {1.4.2}
[18Sep2024 03:30:02.252] [main/DEBUG] [net.minecraftforge.fml.loading.moddiscovery.ModFileParser/LOADING]: Considering mod file candidate /workspaces/Mamaron-/servidor_minecraft/mods/nerb-1.19.2-0.3-FORGE.jar
[18Sep2024 03:30:02.254] [main/DEBUG] [net.minecraftforge.fml.loading.moddiscovery.ModFileInfo/LOADING]: Found valid mod file nerb-1.19.2-0.3-FORGE.jar with {nerb} mods - versions {0.3}
[18Sep2024 03:30:02.280] [main/DEBUG] [net.minecraftforge.fml.loading.moddiscovery.ModFileParser/LOADING]: Considering mod file candidate /workspaces/Mamaron-/servidor_minecraft/mods/NethersDelight-1.19-3.1.jar
[18Sep2024 03:30:02.281] [main/DEBUG] [net.minecraftforge.fml.loading.moddiscovery.ModFileInfo/LOADING]: Found valid mod file NethersDelight-1.19-3.1.jar with {nethersdelight} mods - versions {1.19-3.1}
[18Sep2024 03:30:02.287] [main/DEBUG] [net.minecraftforge.fml.loading.moddiscovery.ModFileParser/LOADING]: Considering mod file candidate /workspaces/Mamaron-/servidor_minecraft/mods/NightConfigFixes-v4.0.7-1.19.2-Forge.jar
[18Sep2024 03:30:02.290] [main/DEBUG] [net.minecraftforge.fml.loading.moddiscovery.ModFileInfo/LOADING]: Found valid mod file NightConfigFixes-v4.0.7-1.19.2-Forge.jar with {nightconfigfixes} mods - versions {4.0.7}
[18Sep2024 03:30:02.304] [main/DEBUG] [net.minecraftforge.fml.loading.moddiscovery.ModFileParser/LOADING]: Considering mod file candidate /workspaces/Mamaron-/servidor_minecraft/mods/no_nv_flash-1.19.2-1.5.0.3.jar
[18Sep2024 03:30:02.306] [main/DEBUG] [net.minecraftforge.fml.loading.moddiscovery.ModFileInfo/LOADING]: Found valid mod file no_nv_flash-1.19.2-1.5.0.3.jar with {no_nv_flash} mods - versions {1.5.0.3}
[18Sep2024 03:30:02.307] [main/DEBUG] [net.minecraftforge.fml.loading.moddiscovery.ModFileParser/LOADING]: Considering mod file candidate /workspaces/Mamaron-/servidor_minecraft/mods/obscure_api-15.jar
[18Sep2024 03:30:02.308] [main/DEBUG] [net.minecraftforge.fml.loading.moddiscovery.ModFileInfo/LOADING]: Found valid mod file obscure_api-15.jar with {obscure_api} mods - versions {15}
[18Sep2024 03:30:02.309] [main/DEBUG] [net.minecraftforge.fml.loading.moddiscovery.ModFileParser/LOADING]: Considering mod file candidate /workspaces/Mamaron-/servidor_minecraft/mods/octolib-1.19.2-0.3.jar
[18Sep2024 03:30:02.310] [main/DEBUG] [net.minecraftforge.fml.loading.moddiscovery.ModFileInfo/LOADING]: Found valid mod file octolib-1.19.2-0.3.jar with {octolib} mods - versions {0.3}
[18Sep2024 03:30:02.312] [main/DEBUG] [net.minecraftforge.fml.loading.moddiscovery.ModFileParser/LOADING]: Considering mod file candidate /workspaces/Mamaron-/servidor_minecraft/mods/origins-accessbilities-1.19.2-1.1.1.jar
[18Sep2024 03:30:02.313] [main/DEBUG] [net.minecraftforge.fml.loading.moddiscovery.ModFileInfo/LOADING]: Found valid mod file origins-accessbilities-1.19.2-1.1.1.jar with {oriacs} mods - versions {1.1.0}
[18Sep2024 03:30:02.314] [main/DEBUG] [net.minecraftforge.fml.loading.moddiscovery.ModFileParser/LOADING]: Considering mod file candidate /workspaces/Mamaron-/servidor_minecraft/mods/origins-classes-forge-1.2.1.jar
[18Sep2024 03:30:02.315] [main/DEBUG] [net.minecraftforge.fml.loading.moddiscovery.ModFileInfo/LOADING]: Found valid mod file origins-classes-forge-1.2.1.jar with {origins_classes} mods - versions {1.2.1}
[18Sep2024 03:30:02.316] [main/DEBUG] [net.minecraftforge.fml.loading.moddiscovery.ModFileParser/LOADING]: Considering mod file candidate /workspaces/Mamaron-/servidor_minecraft/mods/origins-forge-1.19.2-1.7.1.7-all.jar
[18Sep2024 03:30:02.317] [main/DEBUG] [net.minecraftforge.fml.loading.moddiscovery.ModFileInfo/LOADING]: Found valid mod file origins-forge-1.19.2-1.7.1.7-all.jar with {origins} mods - versions {1.19.2-1.7.1.7}
[18Sep2024 03:30:02.320] [main/DEBUG] [net.minecraftforge.fml.loading.moddiscovery.ModFileParser/LOADING]: Considering mod file candidate /workspaces/Mamaron-/servidor_minecraft/mods/OverflowingBars-v4.0.1-1.19.2-Forge.jar
[18Sep2024 03:30:02.321] [main/DEBUG] [net.minecraftforge.fml.loading.moddiscovery.ModFileInfo/LOADING]: Found valid mod file OverflowingBars-v4.0.1-1.19.2-Forge.jar with {overflowingbars} mods - versions {4.0.1}
[18Sep2024 03:30:02.323] [main/DEBUG] [net.minecraftforge.fml.loading.moddiscovery.ModFileParser/LOADING]: Considering mod file candidate /workspaces/Mamaron-/servidor_minecraft/mods/PassiveSkillTree-1.19.2-BETA-0.6.13a-all.jar
[18Sep2024 03:30:02.324] [main/DEBUG] [net.minecraftforge.fml.loading.moddiscovery.ModFileInfo/LOADING]: Found valid mod file PassiveSkillTree-1.19.2-BETA-0.6.13a-all.jar with {skilltree} mods - versions {0.6.13a}
[18Sep2024 03:30:02.325] [main/DEBUG] [net.minecraftforge.fml.loading.moddiscovery.ModFileParser/LOADING]: Considering mod file candidate /workspaces/Mamaron-/servidor_minecraft/mods/Patchouli-1.19.2-77.jar
[18Sep2024 03:30:02.326] [main/DEBUG] [net.minecraftforge.fml.loading.moddiscovery.ModFileInfo/LOADING]: Found valid mod file Patchouli-1.19.2-77.jar with {patchouli} mods - versions {1.19.2-77}
[18Sep2024 03:30:02.327] [main/DEBUG] [net.minecraftforge.fml.loading.moddiscovery.ModFileParser/LOADING]: Considering mod file candidate /workspaces/Mamaron-/servidor_minecraft/mods/Paxi-1.19.2-Forge-3.0.1.jar
[18Sep2024 03:30:02.328] [main/DEBUG] [net.minecraftforge.fml.loading.moddiscovery.ModFileInfo/LOADING]: Found valid mod file Paxi-1.19.2-Forge-3.0.1.jar with {paxi} mods - versions {1.19.2-Forge-3.0.1}
[18Sep2024 03:30:02.329] [main/DEBUG] [net.minecraftforge.fml.loading.moddiscovery.ModFileParser/LOADING]: Considering mod file candidate /workspaces/Mamaron-/servidor_minecraft/mods/Pehkui-3.8.2+1.19.2-forge.jar
[18Sep2024 03:30:02.330] [main/DEBUG] [net.minecraftforge.fml.loading.moddiscovery.ModFileInfo/LOADING]: Found valid mod file Pehkui-3.8.2+1.19.2-forge.jar with {pehkui} mods - versions {3.8.2+1.19.2-forge}
[18Sep2024 03:30:02.331] [main/DEBUG] [net.minecraftforge.fml.loading.moddiscovery.ModFileParser/LOADING]: Considering mod file candidate /workspaces/Mamaron-/servidor_minecraft/mods/Placebo-1.19.2-7.4.0.jar
[18Sep2024 03:30:02.332] [main/DEBUG] [net.minecraftforge.fml.loading.moddiscovery.ModFileInfo/LOADING]: Found valid mod file Placebo-1.19.2-7.4.0.jar with {placebo} mods - versions {7.4.0}
[18Sep2024 03:30:02.333] [main/DEBUG] [net.minecraftforge.fml.loading.moddiscovery.ModFileParser/LOADING]: Considering mod file candidate /workspaces/Mamaron-/servidor_minecraft/mods/player-animation-lib-forge-1.0.2.jar
[18Sep2024 03:30:02.334] [main/DEBUG] [net.minecraftforge.fml.loading.moddiscovery.ModFileInfo/LOADING]: Found valid mod file player-animation-lib-forge-1.0.2.jar with {playeranimator} mods - versions {1.0.2}
[18Sep2024 03:30:02.337] [main/DEBUG] [net.minecraftforge.fml.loading.moddiscovery.ModFileParser/LOADING]: Considering mod file candidate /workspaces/Mamaron-/servidor_minecraft/mods/pluto-mc1.19.2-0.0.9.jar
[18Sep2024 03:30:02.338] [main/DEBUG] [net.minecraftforge.fml.loading.moddiscovery.ModFileInfo/LOADING]: Found valid mod file pluto-mc1.19.2-0.0.9.jar with {pluto} mods - versions {0.0.9}
[18Sep2024 03:30:02.341] [main/DEBUG] [net.minecraftforge.fml.loading.moddiscovery.ModFileParser/LOADING]: Considering mod file candidate /workspaces/Mamaron-/servidor_minecraft/mods/polymorph-forge-0.46.6+1.19.2.jar
[18Sep2024 03:30:02.343] [main/DEBUG] [net.minecraftforge.fml.loading.moddiscovery.ModFileInfo/LOADING]: Found valid mod file polymorph-forge-0.46.6+1.19.2.jar with {polymorph} mods - versions {0.46.6+1.19.2}
[18Sep2024 03:30:02.344] [main/DEBUG] [net.minecraftforge.fml.loading.moddiscovery.ModFileParser/LOADING]: Considering mod file candidate /workspaces/Mamaron-/servidor_minecraft/mods/Prism-1.19.1-1.0.2.jar
[18Sep2024 03:30:02.347] [main/DEBUG] [net.minecraftforge.fml.loading.moddiscovery.ModFileInfo/LOADING]: Found valid mod file Prism-1.19.1-1.0.2.jar with {prism} mods - versions {1.0.2}
[18Sep2024 03:30:02.347] [main/DEBUG] [net.minecraftforge.fml.loading.moddiscovery.ModFileParser/LOADING]: Considering mod file candidate /workspaces/Mamaron-/servidor_minecraft/mods/ProgressiveBosses-3.7.6-mc1.19.2.jar
[18Sep2024 03:30:02.348] [main/DEBUG] [net.minecraftforge.fml.loading.moddiscovery.ModFileInfo/LOADING]: Found valid mod file ProgressiveBosses-3.7.6-mc1.19.2.jar with {progressivebosses} mods - versions {3.7.6}
[18Sep2024 03:30:02.352] [main/DEBUG] [net.minecraftforge.fml.loading.moddiscovery.ModFileParser/LOADING]: Considering mod file candidate /workspaces/Mamaron-/servidor_minecraft/mods/PuzzlesLib-v4.4.3-1.19.2-Forge.jar
[18Sep2024 03:30:02.352] [main/DEBUG] [net.minecraftforge.fml.loading.moddiscovery.ModFileInfo/LOADING]: Found valid mod file PuzzlesLib-v4.4.3-1.19.2-Forge.jar with {puzzleslib} mods - versions {4.4.3}
[18Sep2024 03:30:02.354] [main/DEBUG] [net.minecraftforge.fml.loading.moddiscovery.ModFileParser/LOADING]: Considering mod file candidate /workspaces/Mamaron-/servidor_minecraft/mods/Raided-1.19.2-0.1.4.jar
[18Sep2024 03:30:02.355] [main/DEBUG] [net.minecraftforge.fml.loading.moddiscovery.ModFileInfo/LOADING]: Found valid mod file Raided-1.19.2-0.1.4.jar with {raided} mods - versions {0.1.4}
[18Sep2024 03:30:02.356] [main/DEBUG] [net.minecraftforge.fml.loading.moddiscovery.ModFileParser/LOADING]: Considering mod file candidate /workspaces/Mamaron-/servidor_minecraft/mods/recipeessentials-1.19.2-3.5.jar
[18Sep2024 03:30:02.357] [main/DEBUG] [net.minecraftforge.fml.loading.moddiscovery.ModFileInfo/LOADING]: Found valid mod file recipeessentials-1.19.2-3.5.jar with {recipeessentials} mods - versions {1.19.2-3.5}
[18Sep2024 03:30:02.358] [main/DEBUG] [net.minecraftforge.fml.loading.moddiscovery.ModFileParser/LOADING]: Considering mod file candidate /workspaces/Mamaron-/servidor_minecraft/mods/relics-1.19.2-0.4.7.5.jar
[18Sep2024 03:30:02.359] [main/DEBUG] [net.minecraftforge.fml.loading.moddiscovery.ModFileInfo/LOADING]: Found valid mod file relics-1.19.2-0.4.7.5.jar with {relics} mods - versions {0.4.7.5}
[18Sep2024 03:30:02.364] [main/DEBUG] [net.minecraftforge.fml.loading.moddiscovery.ModFileParser/LOADING]: Considering mod file candidate /workspaces/Mamaron-/servidor_minecraft/mods/repurposed_structures_forge-6.3.29+1.19.2.jar
[18Sep2024 03:30:02.365] [main/DEBUG] [net.minecraftforge.fml.loading.moddiscovery.ModFileInfo/LOADING]: Found valid mod file repurposed_structures_forge-6.3.29+1.19.2.jar with {repurposed_structures} mods - versions {6.3.29+1.19.2}
[18Sep2024 03:30:02.366] [main/DEBUG] [net.minecraftforge.fml.loading.moddiscovery.ModFileParser/LOADING]: Considering mod file candidate /workspaces/Mamaron-/servidor_minecraft/mods/rhino-forge-1902.2.3-build.284.jar
[18Sep2024 03:30:02.366] [main/DEBUG] [net.minecraftforge.fml.loading.moddiscovery.ModFileInfo/LOADING]: Found valid mod file rhino-forge-1902.2.3-build.284.jar with {rhino} mods - versions {1902.2.3-build.284}
[18Sep2024 03:30:02.367] [main/DEBUG] [net.minecraftforge.fml.loading.moddiscovery.ModFileParser/LOADING]: Considering mod file candidate /workspaces/Mamaron-/servidor_minecraft/mods/RingsOfAscension-1.19-1.0.1.jar
[18Sep2024 03:30:02.368] [main/DEBUG] [net.minecraftforge.fml.loading.moddiscovery.ModFileInfo/LOADING]: Found valid mod file RingsOfAscension-1.19-1.0.1.jar with {ringsofascension} mods - versions {1.0.0}
[18Sep2024 03:30:02.369] [main/DEBUG] [net.minecraftforge.fml.loading.moddiscovery.ModFileParser/LOADING]: Considering mod file candidate /workspaces/Mamaron-/servidor_minecraft/mods/rubidium-mc1.19.2-0.6.2c.jar
[18Sep2024 03:30:02.369] [main/DEBUG] [net.minecraftforge.fml.loading.moddiscovery.ModFileInfo/LOADING]: Found valid mod file rubidium-mc1.19.2-0.6.2c.jar with {rubidium} mods - versions {0.6.2c}
[18Sep2024 03:30:02.370] [main/DEBUG] [net.minecraftforge.fml.loading.moddiscovery.ModFileParser/LOADING]: Considering mod file candidate /workspaces/Mamaron-/servidor_minecraft/mods/rubidium_extras-1.19.2_v1.4.3.jar
[18Sep2024 03:30:02.370] [main/DEBUG] [net.minecraftforge.fml.loading.moddiscovery.ModFileInfo/LOADING]: Found valid mod file rubidium_extras-1.19.2_v1.4.3.jar with {rubidium_extras} mods - versions {1.19.2_v1.4.3}
[18Sep2024 03:30:02.378] [main/DEBUG] [net.minecraftforge.fml.loading.moddiscovery.ModFileParser/LOADING]: Considering mod file candidate /workspaces/Mamaron-/servidor_minecraft/mods/saturn-mc1.19.2-0.1.4.jar
[18Sep2024 03:30:02.381] [main/DEBUG] [net.minecraftforge.fml.loading.moddiscovery.ModFileInfo/LOADING]: Found valid mod file saturn-mc1.19.2-0.1.4.jar with {saturn} mods - versions {0.1.4}
[18Sep2024 03:30:02.382] [main/DEBUG] [net.minecraftforge.fml.loading.moddiscovery.ModFileParser/LOADING]: Considering mod file candidate /workspaces/Mamaron-/servidor_minecraft/mods/savage_and_ravage-1.19.2-5.0.5.jar
[18Sep2024 03:30:02.384] [main/DEBUG] [net.minecraftforge.fml.loading.moddiscovery.ModFileInfo/LOADING]: Found valid mod file savage_and_ravage-1.19.2-5.0.5.jar with {savage_and_ravage} mods - versions {5.0.5}
[18Sep2024 03:30:02.386] [main/DEBUG] [net.minecraftforge.fml.loading.moddiscovery.ModFileParser/LOADING]: Considering mod file candidate /workspaces/Mamaron-/servidor_minecraft/mods/shadowizardlib-1.19.2-1.0.8.jar
[18Sep2024 03:30:02.387] [main/DEBUG] [net.minecraftforge.fml.loading.moddiscovery.ModFileInfo/LOADING]: Found valid mod file shadowizardlib-1.19.2-1.0.8.jar with {shadowizardlib} mods - versions {1.19.2-1.0.8}
[18Sep2024 03:30:02.391] [main/DEBUG] [net.minecraftforge.fml.loading.moddiscovery.ModFileParser/LOADING]: Considering mod file candidate /workspaces/Mamaron-/servidor_minecraft/mods/simplyswords-forge-1.47.0-1.19.2.jar
[18Sep2024 03:30:02.391] [main/DEBUG] [net.minecraftforge.fml.loading.moddiscovery.ModFileInfo/LOADING]: Found valid mod file simplyswords-forge-1.47.0-1.19.2.jar with {simplyswords} mods - versions {1.47.0-1.19.2}
[18Sep2024 03:30:02.392] [main/DEBUG] [net.minecraftforge.fml.loading.moddiscovery.ModFileParser/LOADING]: Considering mod file candidate /workspaces/Mamaron-/servidor_minecraft/mods/smallships-forge-1.19.2-2.0.0-b1.3.1.jar
[18Sep2024 03:30:02.393] [main/DEBUG] [net.minecraftforge.fml.loading.moddiscovery.ModFileInfo/LOADING]: Found valid mod file smallships-forge-1.19.2-2.0.0-b1.3.1.jar with {smallships} mods - versions {2.0.0-b1.3.1}
[18Sep2024 03:30:02.393] [main/DEBUG] [net.minecraftforge.fml.loading.moddiscovery.ModFileParser/LOADING]: Considering mod file candidate /workspaces/Mamaron-/servidor_minecraft/mods/smoothboot(reloaded)-mc1.19.2-0.0.4.jar
[18Sep2024 03:30:02.396] [main/DEBUG] [net.minecraftforge.fml.loading.moddiscovery.ModFileInfo/LOADING]: Found valid mod file smoothboot(reloaded)-mc1.19.2-0.0.4.jar with {smoothboot} mods - versions {0.0.4}
[18Sep2024 03:30:02.396] [main/DEBUG] [net.minecraftforge.fml.loading.moddiscovery.ModFileParser/LOADING]: Considering mod file candidate /workspaces/Mamaron-/servidor_minecraft/mods/smoothchunk-1.19.2-3.5.jar
[18Sep2024 03:30:02.397] [main/DEBUG] [net.minecraftforge.fml.loading.moddiscovery.ModFileInfo/LOADING]: Found valid mod file smoothchunk-1.19.2-3.5.jar with {smoothchunk} mods - versions {1.19.2-3.5}
[18Sep2024 03:30:02.398] [main/DEBUG] [net.minecraftforge.fml.loading.moddiscovery.ModFileParser/LOADING]: Considering mod file candidate /workspaces/Mamaron-/servidor_minecraft/mods/solapplepie-1.19.2-2.2.0.jar
[18Sep2024 03:30:02.399] [main/DEBUG] [net.minecraftforge.fml.loading.moddiscovery.ModFileInfo/LOADING]: Found valid mod file solapplepie-1.19.2-2.2.0.jar with {solapplepie} mods - versions {1.19.2-2.2.0}
[18Sep2024 03:30:02.400] [main/DEBUG] [net.minecraftforge.fml.loading.moddiscovery.ModFileParser/LOADING]: Considering mod file candidate /workspaces/Mamaron-/servidor_minecraft/mods/sons-of-sins-1.19.2-2.1.6.jar
[18Sep2024 03:30:02.401] [main/DEBUG] [net.minecraftforge.fml.loading.moddiscovery.ModFileInfo/LOADING]: Found valid mod file sons-of-sins-1.19.2-2.1.6.jar with {sons_of_sins} mods - versions {2.1.6}
[18Sep2024 03:30:02.402] [main/DEBUG] [net.minecraftforge.fml.loading.moddiscovery.ModFileParser/LOADING]: Considering mod file candidate /workspaces/Mamaron-/servidor_minecraft/mods/sophisticatedbackpacks-1.19.2-3.20.2.1035.jar
[18Sep2024 03:30:02.403] [main/DEBUG] [net.minecraftforge.fml.loading.moddiscovery.ModFileInfo/LOADING]: Found valid mod file sophisticatedbackpacks-1.19.2-3.20.2.1035.jar with {sophisticatedbackpacks} mods - versions {1.19.2-3.20.2.1035}
[18Sep2024 03:30:02.406] [main/DEBUG] [net.minecraftforge.fml.loading.moddiscovery.ModFileParser/LOADING]: Considering mod file candidate /workspaces/Mamaron-/servidor_minecraft/mods/sophisticatedcore-1.19.2-0.6.4.605.jar
[18Sep2024 03:30:02.407] [main/DEBUG] [net.minecraftforge.fml.loading.moddiscovery.ModFileInfo/LOADING]: Found valid mod file sophisticatedcore-1.19.2-0.6.4.605.jar with {sophisticatedcore} mods - versions {1.19.2-0.6.4.605}
[18Sep2024 03:30:02.408] [main/DEBUG] [net.minecraftforge.fml.loading.moddiscovery.ModFileParser/LOADING]: Considering mod file candidate /workspaces/Mamaron-/servidor_minecraft/mods/stalwart-dungeons-1.19.2-1.2.8.jar
[18Sep2024 03:30:02.409] [main/DEBUG] [net.minecraftforge.fml.loading.moddiscovery.ModFileInfo/LOADING]: Found valid mod file stalwart-dungeons-1.19.2-1.2.8.jar with {stalwart_dungeons} mods - versions {1.2.8}
[18Sep2024 03:30:02.409] [main/DEBUG] [net.minecraftforge.fml.loading.moddiscovery.ModFileParser/LOADING]: Considering mod file candidate /workspaces/Mamaron-/servidor_minecraft/mods/starlight-1.1.1+forge.cf5b10b.jar
[18Sep2024 03:30:02.410] [main/DEBUG] [net.minecraftforge.fml.loading.moddiscovery.ModFileInfo/LOADING]: Found valid mod file starlight-1.1.1+forge.cf5b10b.jar with {starlight} mods - versions {1.1.1+forge.a3aea74}
[18Sep2024 03:30:02.411] [main/DEBUG] [net.minecraftforge.fml.loading.moddiscovery.ModFileParser/LOADING]: Considering mod file candidate /workspaces/Mamaron-/servidor_minecraft/mods/StorageDrawers-1.19.2-11.4.1.jar
[18Sep2024 03:30:02.411] [main/DEBUG] [net.minecraftforge.fml.loading.moddiscovery.ModFileInfo/LOADING]: Found valid mod file StorageDrawers-1.19.2-11.4.1.jar with {storagedrawers} mods - versions {11.4.1}
[18Sep2024 03:30:02.412] [main/DEBUG] [net.minecraftforge.fml.loading.moddiscovery.ModFileParser/LOADING]: Considering mod file candidate /workspaces/Mamaron-/servidor_minecraft/mods/strictly_origins_v9.2.1_1.19.2.jar
[18Sep2024 03:30:02.412] [main/DEBUG] [net.minecraftforge.fml.loading.moddiscovery.ModFileInfo/LOADING]: Found valid mod file strictly_origins_v9.2.1_1.19.2.jar with {strictly_origins} mods - versions {8}
[18Sep2024 03:30:02.413] [main/DEBUG] [net.minecraftforge.fml.loading.moddiscovery.ModFileParser/LOADING]: Considering mod file candidate /workspaces/Mamaron-/servidor_minecraft/mods/Structory_1.19.3_v1.3.1a.jar
[18Sep2024 03:30:02.414] [main/DEBUG] [net.minecraftforge.fml.loading.moddiscovery.ModFileInfo/LOADING]: Found valid mod file Structory_1.19.3_v1.3.1a.jar with {structory} mods - versions {1.3.1a}
[18Sep2024 03:30:02.414] [main/DEBUG] [net.minecraftforge.fml.loading.moddiscovery.ModFileParser/LOADING]: Considering mod file candidate /workspaces/Mamaron-/servidor_minecraft/mods/structure_gel-1.19.2-2.7.3.jar
[18Sep2024 03:30:02.415] [main/DEBUG] [net.minecraftforge.fml.loading.moddiscovery.ModFileInfo/LOADING]: Found valid mod file structure_gel-1.19.2-2.7.3.jar with {structure_gel} mods - versions {2.7.3}
[18Sep2024 03:30:02.416] [main/DEBUG] [net.minecraftforge.fml.loading.moddiscovery.ModFileParser/LOADING]: Considering mod file candidate /workspaces/Mamaron-/servidor_minecraft/mods/structureessentials-1.19.2-3.2.jar
[18Sep2024 03:30:02.417] [main/DEBUG] [net.minecraftforge.fml.loading.moddiscovery.ModFileInfo/LOADING]: Found valid mod file structureessentials-1.19.2-3.2.jar with {structureessentials} mods - versions {1.19.2-3.2}
[18Sep2024 03:30:02.417] [main/DEBUG] [net.minecraftforge.fml.loading.moddiscovery.ModFileParser/LOADING]: Considering mod file candidate /workspaces/Mamaron-/servidor_minecraft/mods/takesapillage-1.0.3-1.19.2.jar
[18Sep2024 03:30:02.419] [main/DEBUG] [net.minecraftforge.fml.loading.moddiscovery.ModFileInfo/LOADING]: Found valid mod file takesapillage-1.0.3-1.19.2.jar with {takesapillage} mods - versions {1.0.3}
[18Sep2024 03:30:02.419] [main/DEBUG] [net.minecraftforge.fml.loading.moddiscovery.ModFileParser/LOADING]: Considering mod file candidate /workspaces/Mamaron-/servidor_minecraft/mods/TerraBlender-forge-1.19.2-2.0.1.166.jar
[18Sep2024 03:30:02.420] [main/DEBUG] [net.minecraftforge.fml.loading.moddiscovery.ModFileInfo/LOADING]: Found valid mod file TerraBlender-forge-1.19.2-2.0.1.166.jar with {terrablender} mods - versions {2.0.1.166}
[18Sep2024 03:30:02.423] [main/DEBUG] [net.minecraftforge.fml.loading.moddiscovery.ModFileParser/LOADING]: Considering mod file candidate /workspaces/Mamaron-/servidor_minecraft/mods/Terralith_1.19.3_v2.3.12.jar
[18Sep2024 03:30:02.424] [main/DEBUG] [net.minecraftforge.fml.loading.moddiscovery.ModFileInfo/LOADING]: Found valid mod file Terralith_1.19.3_v2.3.12.jar with {terralith} mods - versions {2.3.12}
[18Sep2024 03:30:02.424] [main/DEBUG] [net.minecraftforge.fml.loading.moddiscovery.ModFileParser/LOADING]: Considering mod file candidate /workspaces/Mamaron-/servidor_minecraft/mods/TextruesRubidiumOptions-1.0.7-mc1.19.2.jar
[18Sep2024 03:30:02.425] [main/DEBUG] [net.minecraftforge.fml.loading.moddiscovery.ModFileInfo/LOADING]: Found valid mod file TextruesRubidiumOptions-1.0.7-mc1.19.2.jar with {reeses_sodium_options} mods - versions {1.0.7-mc1.19.2}
[18Sep2024 03:30:02.426] [main/DEBUG] [net.minecraftforge.fml.loading.moddiscovery.ModFileParser/LOADING]: Considering mod file candidate /workspaces/Mamaron-/servidor_minecraft/mods/tlc_forge-1.0.2-R-1.19.2.jar
[18Sep2024 03:30:02.426] [main/DEBUG] [net.minecraftforge.fml.loading.moddiscovery.ModFileInfo/LOADING]: Found valid mod file tlc_forge-1.0.2-R-1.19.2.jar with {tlc} mods - versions {1.0.2}
[18Sep2024 03:30:02.427] [main/DEBUG] [net.minecraftforge.fml.loading.moddiscovery.ModFileParser/LOADING]: Considering mod file candidate /workspaces/Mamaron-/servidor_minecraft/mods/toms_storage-1.19-1.5.11.jar
[18Sep2024 03:30:02.429] [main/DEBUG] [net.minecraftforge.fml.loading.moddiscovery.ModFileInfo/LOADING]: Found valid mod file toms_storage-1.19-1.5.11.jar with {toms_storage} mods - versions {1.5.11}
[18Sep2024 03:30:02.429] [main/DEBUG] [net.minecraftforge.fml.loading.moddiscovery.ModFileParser/LOADING]: Considering mod file candidate /workspaces/Mamaron-/servidor_minecraft/mods/toomanyglyphs-1.19.2-2.2.376.1564.jar
[18Sep2024 03:30:02.431] [main/DEBUG] [net.minecraftforge.fml.loading.moddiscovery.ModFileInfo/LOADING]: Found valid mod file toomanyglyphs-1.19.2-2.2.376.1564.jar with {toomanyglyphs} mods - versions {2.2.376.1564}
[18Sep2024 03:30:02.432] [main/DEBUG] [net.minecraftforge.fml.loading.moddiscovery.ModFileParser/LOADING]: Considering mod file candidate /workspaces/Mamaron-/servidor_minecraft/mods/Towns-and-Towers-v.1.10-_FORGE-1.19.2_.jar
[18Sep2024 03:30:02.433] [main/DEBUG] [net.minecraftforge.fml.loading.moddiscovery.ModFileInfo/LOADING]: Found valid mod file Towns-and-Towers-v.1.10-_FORGE-1.19.2_.jar with {t_and_t} mods - versions {1.10}
[18Sep2024 03:30:02.434] [main/DEBUG] [net.minecraftforge.fml.loading.moddiscovery.ModFileParser/LOADING]: Considering mod file candidate /workspaces/Mamaron-/servidor_minecraft/mods/transmog-forge-1.2.2+1.19.2.jar
[18Sep2024 03:30:02.435] [main/DEBUG] [net.minecraftforge.fml.loading.moddiscovery.ModFileInfo/LOADING]: Found valid mod file transmog-forge-1.2.2+1.19.2.jar with {transmog} mods - versions {1.2.2+1.19.2}
[18Sep2024 03:30:02.435] [main/DEBUG] [net.minecraftforge.fml.loading.moddiscovery.ModFileParser/LOADING]: Considering mod file candidate /workspaces/Mamaron-/servidor_minecraft/mods/TravelersTitles-1.19.2-Forge-3.1.2.jar
[18Sep2024 03:30:02.437] [main/DEBUG] [net.minecraftforge.fml.loading.moddiscovery.ModFileInfo/LOADING]: Found valid mod file TravelersTitles-1.19.2-Forge-3.1.2.jar with {travelerstitles} mods - versions {1.19.2-Forge-3.1.2}
[18Sep2024 03:30:02.439] [main/DEBUG] [net.minecraftforge.fml.loading.moddiscovery.ModFileParser/LOADING]: Considering mod file candidate /workspaces/Mamaron-/servidor_minecraft/mods/twigs-forge-1.19.2-3.0.1.jar
[18Sep2024 03:30:02.440] [main/DEBUG] [net.minecraftforge.fml.loading.moddiscovery.ModFileInfo/LOADING]: Found valid mod file twigs-forge-1.19.2-3.0.1.jar with {twigs} mods - versions {1.19.2-3.0.1}
[18Sep2024 03:30:02.446] [main/DEBUG] [net.minecraftforge.fml.loading.moddiscovery.ModFileParser/LOADING]: Considering mod file candidate /workspaces/Mamaron-/servidor_minecraft/mods/twilightforest-1.19.2-4.2.1518-universal.jar
[18Sep2024 03:30:02.447] [main/DEBUG] [net.minecraftforge.fml.loading.moddiscovery.ModFileInfo/LOADING]: Found valid mod file twilightforest-1.19.2-4.2.1518-universal.jar with {twilightforest} mods - versions {4.2.1518}
[18Sep2024 03:30:02.448] [main/DEBUG] [net.minecraftforge.fml.loading.moddiscovery.ModFileParser/LOADING]: Considering mod file candidate /workspaces/Mamaron-/servidor_minecraft/mods/UndeadUnleashed-1.1.1-1.19.2.jar
[18Sep2024 03:30:02.449] [main/DEBUG] [net.minecraftforge.fml.loading.moddiscovery.ModFileInfo/LOADING]: Found valid mod file UndeadUnleashed-1.1.1-1.19.2.jar with {undead_unleashed} mods - versions {1.1.0}
[18Sep2024 03:30:02.450] [main/DEBUG] [net.minecraftforge.fml.loading.moddiscovery.ModFileParser/LOADING]: Considering mod file candidate /workspaces/Mamaron-/servidor_minecraft/mods/UnusualEnd1.19.2_V1.4.3.jar
[18Sep2024 03:30:02.451] [main/DEBUG] [net.minecraftforge.fml.loading.moddiscovery.ModFileInfo/LOADING]: Found valid mod file UnusualEnd1.19.2_V1.4.3.jar with {unusualend} mods - versions {1.4.3}
[18Sep2024 03:30:02.451] [main/DEBUG] [net.minecraftforge.fml.loading.moddiscovery.ModFileParser/LOADING]: Considering mod file candidate /workspaces/Mamaron-/servidor_minecraft/mods/upgradedcore-1.19.2-4.1.0.1-release.jar
[18Sep2024 03:30:02.453] [main/DEBUG] [net.minecraftforge.fml.loading.moddiscovery.ModFileInfo/LOADING]: Found valid mod file upgradedcore-1.19.2-4.1.0.1-release.jar with {upgradedcore} mods - versions {1.19.2-4.1.0.1-release}
[18Sep2024 03:30:02.455] [main/DEBUG] [net.minecraftforge.fml.loading.moddiscovery.ModFileParser/LOADING]: Considering mod file candidate /workspaces/Mamaron-/servidor_minecraft/mods/upgradednetherite-1.19.2-5.1.0.9-release.jar
[18Sep2024 03:30:02.456] [main/DEBUG] [net.minecraftforge.fml.loading.moddiscovery.ModFileInfo/LOADING]: Found valid mod file upgradednetherite-1.19.2-5.1.0.9-release.jar with {upgradednetherite} mods - versions {1.19.2-5.1.0.9-release}
[18Sep2024 03:30:02.456] [main/DEBUG] [net.minecraftforge.fml.loading.moddiscovery.ModFileParser/LOADING]: Considering mod file candidate /workspaces/Mamaron-/servidor_minecraft/mods/upgradednetherite_items-1.19.2-4.1.0.2-release.jar
[18Sep2024 03:30:02.457] [main/DEBUG] [net.minecraftforge.fml.loading.moddiscovery.ModFileInfo/LOADING]: Found valid mod file upgradednetherite_items-1.19.2-4.1.0.2-release.jar with {upgradednetherite_items} mods - versions {1.19.2-4.1.0.2-release}
[18Sep2024 03:30:02.458] [main/DEBUG] [net.minecraftforge.fml.loading.moddiscovery.ModFileParser/LOADING]: Considering mod file candidate /workspaces/Mamaron-/servidor_minecraft/mods/upgradednetherite_ultimate-1.19.2-4.1.0.4-release.jar
[18Sep2024 03:30:02.459] [main/DEBUG] [net.minecraftforge.fml.loading.moddiscovery.ModFileInfo/LOADING]: Found valid mod file upgradednetherite_ultimate-1.19.2-4.1.0.4-release.jar with {upgradednetherite_ultimate} mods - versions {1.19.2-4.1.0.4-release}
[18Sep2024 03:30:02.460] [main/DEBUG] [net.minecraftforge.fml.loading.moddiscovery.ModFileParser/LOADING]: Considering mod file candidate /workspaces/Mamaron-/servidor_minecraft/mods/valhelsia_core-forge-1.19.2-0.5.0.jar
[18Sep2024 03:30:02.461] [main/DEBUG] [net.minecraftforge.fml.loading.moddiscovery.ModFileInfo/LOADING]: Found valid mod file valhelsia_core-forge-1.19.2-0.5.0.jar with {valhelsia_core} mods - versions {1.19.2-0.5.0}
[18Sep2024 03:30:02.462] [main/DEBUG] [net.minecraftforge.fml.loading.moddiscovery.ModFileParser/LOADING]: Considering mod file candidate /workspaces/Mamaron-/servidor_minecraft/mods/Wabi-Sabi-Structures-1.2.0-1.19-Forge.jar
[18Sep2024 03:30:02.463] [main/DEBUG] [net.minecraftforge.fml.loading.moddiscovery.ModFileInfo/LOADING]: Found valid mod file Wabi-Sabi-Structures-1.2.0-1.19-Forge.jar with {wabi_sabi_structures} mods - versions {1.2.0-1.19}
[18Sep2024 03:30:02.464] [main/DEBUG] [net.minecraftforge.fml.loading.moddiscovery.ModFileParser/LOADING]: Considering mod file candidate /workspaces/Mamaron-/servidor_minecraft/mods/waystones-forge-1.19.2-11.4.2.jar
[18Sep2024 03:30:02.465] [main/DEBUG] [net.minecraftforge.fml.loading.moddiscovery.ModFileInfo/LOADING]: Found valid mod file waystones-forge-1.19.2-11.4.2.jar with {waystones} mods - versions {11.4.2}
[18Sep2024 03:30:02.466] [main/DEBUG] [net.minecraftforge.fml.loading.moddiscovery.ModFileParser/LOADING]: Considering mod file candidate /workspaces/Mamaron-/servidor_minecraft/mods/Xaeros_Minimap_24.3.0_Forge_1.19.1.jar
[18Sep2024 03:30:02.466] [main/DEBUG] [net.minecraftforge.fml.loading.moddiscovery.ModFileInfo/LOADING]: Found valid mod file Xaeros_Minimap_24.3.0_Forge_1.19.1.jar with {xaerominimap} mods - versions {24.3.0}
[18Sep2024 03:30:02.470] [main/DEBUG] [net.minecraftforge.fml.loading.moddiscovery.ModFileParser/LOADING]: Considering mod file candidate /workspaces/Mamaron-/servidor_minecraft/mods/XaerosWorldMap_1.38.8_Forge_1.19.1.jar
[18Sep2024 03:30:02.471] [main/DEBUG] [net.minecraftforge.fml.loading.moddiscovery.ModFileInfo/LOADING]: Found valid mod file XaerosWorldMap_1.38.8_Forge_1.19.1.jar with {xaeroworldmap} mods - versions {1.38.8}
[18Sep2024 03:30:02.472] [main/DEBUG] [net.minecraftforge.fml.loading.moddiscovery.ModFileParser/LOADING]: Considering mod file candidate /workspaces/Mamaron-/servidor_minecraft/mods/xlpackets-1.18.2-2.1.jar
[18Sep2024 03:30:02.477] [main/DEBUG] [net.minecraftforge.fml.loading.moddiscovery.ModFileInfo/LOADING]: Found valid mod file xlpackets-1.18.2-2.1.jar with {xlpackets} mods - versions {1.18.2-2.1}
[18Sep2024 03:30:02.478] [main/DEBUG] [net.minecraftforge.fml.loading.moddiscovery.ModFileParser/LOADING]: Considering mod file candidate /workspaces/Mamaron-/servidor_minecraft/mods/xptome-1.19-2.1.7.jar
[18Sep2024 03:30:02.478] [main/DEBUG] [net.minecraftforge.fml.loading.moddiscovery.ModFileInfo/LOADING]: Found valid mod file xptome-1.19-2.1.7.jar with {xpbook} mods - versions {2.1.7}
[18Sep2024 03:30:02.479] [main/DEBUG] [net.minecraftforge.fml.loading.moddiscovery.ModFileParser/LOADING]: Considering mod file candidate /workspaces/Mamaron-/servidor_minecraft/mods/yeetusexperimentus-1.0.1-build.2+mc1.19.1.jar
[18Sep2024 03:30:02.479] [main/DEBUG] [net.minecraftforge.fml.loading.moddiscovery.ModFileInfo/LOADING]: Found valid mod file yeetusexperimentus-1.0.1-build.2+mc1.19.1.jar with {yeetusexperimentus} mods - versions {1.0.1-build.2+mc1.19.1}
[18Sep2024 03:30:02.480] [main/DEBUG] [net.minecraftforge.fml.loading.moddiscovery.ModFileParser/LOADING]: Considering mod file candidate /workspaces/Mamaron-/servidor_minecraft/mods/YungsApi-1.19.2-Forge-3.8.10.jar
[18Sep2024 03:30:02.481] [main/DEBUG] [net.minecraftforge.fml.loading.moddiscovery.ModFileInfo/LOADING]: Found valid mod file YungsApi-1.19.2-Forge-3.8.10.jar with {yungsapi} mods - versions {1.19.2-Forge-3.8.10}
[18Sep2024 03:30:02.482] [main/DEBUG] [net.minecraftforge.fml.loading.moddiscovery.ModFileParser/LOADING]: Considering mod file candidate /workspaces/Mamaron-/servidor_minecraft/mods/YungsBetterDesertTemples-1.19.2-Forge-2.2.2.jar
[18Sep2024 03:30:02.482] [main/DEBUG] [net.minecraftforge.fml.loading.moddiscovery.ModFileInfo/LOADING]: Found valid mod file YungsBetterDesertTemples-1.19.2-Forge-2.2.2.jar with {betterdeserttemples} mods - versions {1.19.2-Forge-2.2.2}
[18Sep2024 03:30:02.483] [main/DEBUG] [net.minecraftforge.fml.loading.moddiscovery.ModFileParser/LOADING]: Considering mod file candidate /workspaces/Mamaron-/servidor_minecraft/mods/YungsBetterDungeons-1.19.2-Forge-3.2.2.jar
[18Sep2024 03:30:02.484] [main/DEBUG] [net.minecraftforge.fml.loading.moddiscovery.ModFileInfo/LOADING]: Found valid mod file YungsBetterDungeons-1.19.2-Forge-3.2.2.jar with {betterdungeons} mods - versions {1.19.2-Forge-3.2.2}
[18Sep2024 03:30:02.484] [main/DEBUG] [net.minecraftforge.fml.loading.moddiscovery.ModFileParser/LOADING]: Considering mod file candidate /workspaces/Mamaron-/servidor_minecraft/mods/YungsBetterEndIsland-1.19.2-Forge-1.0.jar
[18Sep2024 03:30:02.485] [main/DEBUG] [net.minecraftforge.fml.loading.moddiscovery.ModFileInfo/LOADING]: Found valid mod file YungsBetterEndIsland-1.19.2-Forge-1.0.jar with {betterendisland} mods - versions {1.19.2-Forge-1.0}
[18Sep2024 03:30:02.486] [main/DEBUG] [net.minecraftforge.fml.loading.moddiscovery.ModFileParser/LOADING]: Considering mod file candidate /workspaces/Mamaron-/servidor_minecraft/mods/YungsBetterJungleTemples-1.19.2-Forge-1.0.1.jar
[18Sep2024 03:30:02.487] [main/DEBUG] [net.minecraftforge.fml.loading.moddiscovery.ModFileInfo/LOADING]: Found valid mod file YungsBetterJungleTemples-1.19.2-Forge-1.0.1.jar with {betterjungletemples} mods - versions {1.19.2-Forge-1.0.1}
[18Sep2024 03:30:02.487] [main/DEBUG] [net.minecraftforge.fml.loading.moddiscovery.ModFileParser/LOADING]: Considering mod file candidate /workspaces/Mamaron-/servidor_minecraft/mods/YungsBetterMineshafts-1.19.2-Forge-3.2.1.jar
[18Sep2024 03:30:02.489] [main/DEBUG] [net.minecraftforge.fml.loading.moddiscovery.ModFileInfo/LOADING]: Found valid mod file YungsBetterMineshafts-1.19.2-Forge-3.2.1.jar with {bettermineshafts} mods - versions {1.19.2-Forge-3.2.1}
[18Sep2024 03:30:02.489] [main/DEBUG] [net.minecraftforge.fml.loading.moddiscovery.ModFileParser/LOADING]: Considering mod file candidate /workspaces/Mamaron-/servidor_minecraft/mods/YungsBetterNetherFortresses-1.19.2-Forge-1.0.6.jar
[18Sep2024 03:30:02.490] [main/DEBUG] [net.minecraftforge.fml.loading.moddiscovery.ModFileInfo/LOADING]: Found valid mod file YungsBetterNetherFortresses-1.19.2-Forge-1.0.6.jar with {betterfortresses} mods - versions {1.19.2-Forge-1.0.6}
[18Sep2024 03:30:02.491] [main/DEBUG] [net.minecraftforge.fml.loading.moddiscovery.ModFileParser/LOADING]: Considering mod file candidate /workspaces/Mamaron-/servidor_minecraft/mods/YungsBetterOceanMonuments-1.19.2-Forge-2.1.1.jar
[18Sep2024 03:30:02.491] [main/DEBUG] [net.minecraftforge.fml.loading.moddiscovery.ModFileInfo/LOADING]: Found valid mod file YungsBetterOceanMonuments-1.19.2-Forge-2.1.1.jar with {betteroceanmonuments} mods - versions {1.19.2-Forge-2.1.1}
[18Sep2024 03:30:02.492] [main/DEBUG] [net.minecraftforge.fml.loading.moddiscovery.ModFileParser/LOADING]: Considering mod file candidate /workspaces/Mamaron-/servidor_minecraft/mods/YungsBetterStrongholds-1.19.2-Forge-3.2.0.jar
[18Sep2024 03:30:02.493] [main/DEBUG] [net.minecraftforge.fml.loading.moddiscovery.ModFileInfo/LOADING]: Found valid mod file YungsBetterStrongholds-1.19.2-Forge-3.2.0.jar with {betterstrongholds} mods - versions {1.19.2-Forge-3.2.0}
[18Sep2024 03:30:02.631] [main/DEBUG] [net.minecraftforge.fml.loading.moddiscovery.ModFileInfo/LOADING]: Found valid mod file server-1.19.2-20220805.130853-srg.jar with {minecraft} mods - versions {1.19.2}
[18Sep2024 03:30:02.633] [main/DEBUG] [net.minecraftforge.fml.loading.moddiscovery.ModFileParser/LOADING]: Considering mod file candidate /workspaces/Mamaron-/servidor_minecraft/libraries/net/minecraftforge/fmlcore/1.19.2-43.3.0/fmlcore-1.19.2-43.3.0.jar
[18Sep2024 03:30:02.634] [main/WARN] [net.minecraftforge.fml.loading.moddiscovery.ModFileParser/LOADING]: Mod file /workspaces/Mamaron-/servidor_minecraft/libraries/net/minecraftforge/fmlcore/1.19.2-43.3.0/fmlcore-1.19.2-43.3.0.jar is missing mods.toml file
[18Sep2024 03:30:02.635] [main/DEBUG] [net.minecraftforge.fml.loading.moddiscovery.ModFileParser/LOADING]: Considering mod file candidate /workspaces/Mamaron-/servidor_minecraft/libraries/net/minecraftforge/javafmllanguage/1.19.2-43.3.0/javafmllanguage-1.19.2-43.3.0.jar
[18Sep2024 03:30:02.635] [main/WARN] [net.minecraftforge.fml.loading.moddiscovery.ModFileParser/LOADING]: Mod file /workspaces/Mamaron-/servidor_minecraft/libraries/net/minecraftforge/javafmllanguage/1.19.2-43.3.0/javafmllanguage-1.19.2-43.3.0.jar is missing mods.toml file
[18Sep2024 03:30:02.636] [main/DEBUG] [net.minecraftforge.fml.loading.moddiscovery.ModFileParser/LOADING]: Considering mod file candidate /workspaces/Mamaron-/servidor_minecraft/libraries/net/minecraftforge/lowcodelanguage/1.19.2-43.3.0/lowcodelanguage-1.19.2-43.3.0.jar
[18Sep2024 03:30:02.636] [main/WARN] [net.minecraftforge.fml.loading.moddiscovery.ModFileParser/LOADING]: Mod file /workspaces/Mamaron-/servidor_minecraft/libraries/net/minecraftforge/lowcodelanguage/1.19.2-43.3.0/lowcodelanguage-1.19.2-43.3.0.jar is missing mods.toml file
[18Sep2024 03:30:02.637] [main/DEBUG] [net.minecraftforge.fml.loading.moddiscovery.ModFileParser/LOADING]: Considering mod file candidate /workspaces/Mamaron-/servidor_minecraft/libraries/net/minecraftforge/mclanguage/1.19.2-43.3.0/mclanguage-1.19.2-43.3.0.jar
[18Sep2024 03:30:02.637] [main/WARN] [net.minecraftforge.fml.loading.moddiscovery.ModFileParser/LOADING]: Mod file /workspaces/Mamaron-/servidor_minecraft/libraries/net/minecraftforge/mclanguage/1.19.2-43.3.0/mclanguage-1.19.2-43.3.0.jar is missing mods.toml file
[18Sep2024 03:30:02.725] [main/DEBUG] [net.minecraftforge.fml.loading.moddiscovery.ModFileParser/LOADING]: Considering mod file candidate /workspaces/Mamaron-/servidor_minecraft/libraries/net/minecraftforge/forge/1.19.2-43.3.0/forge-1.19.2-43.3.0-universal.jar
[18Sep2024 03:30:02.725] [main/DEBUG] [net.minecraftforge.fml.loading.moddiscovery.ModFileInfo/LOADING]: Found valid mod file forge-1.19.2-43.3.0-universal.jar with {forge} mods - versions {43.3.0}
[18Sep2024 03:30:02.744] [main/DEBUG] [net.minecraftforge.fml.loading.moddiscovery.AbstractJarFileDependencyLocator/]: Failed to load resource META-INF/jarjar/metadata.json from saturn-mc1.19.2-0.1.4.jar, it does not contain dependency information.
[18Sep2024 03:30:02.744] [main/DEBUG] [net.minecraftforge.fml.loading.moddiscovery.AbstractJarFileDependencyLocator/]: Failed to load resource META-INF/jarjar/metadata.json from YungsBetterDungeons-1.19.2-Forge-3.2.2.jar, it does not contain dependency information.
[18Sep2024 03:30:02.744] [main/DEBUG] [net.minecraftforge.fml.loading.moddiscovery.AbstractJarFileDependencyLocator/]: Failed to load resource META-INF/jarjar/metadata.json from alexsmobs-1.21.1.jar, it does not contain dependency information.
[18Sep2024 03:30:02.745] [main/DEBUG] [net.minecraftforge.fml.loading.moddiscovery.AbstractJarFileDependencyLocator/]: Failed to load resource META-INF/jarjar/metadata.json from origins-accessbilities-1.19.2-1.1.1.jar, it does not contain dependency information.
[18Sep2024 03:30:02.745] [main/DEBUG] [net.minecraftforge.fml.loading.moddiscovery.AbstractJarFileDependencyLocator/]: Failed to load resource META-INF/jarjar/metadata.json from player-animation-lib-forge-1.0.2.jar, it does not contain dependency information.
[18Sep2024 03:30:02.745] [main/DEBUG] [net.minecraftforge.fml.loading.moddiscovery.AbstractJarFileDependencyLocator/]: Failed to load resource META-INF/jarjar/metadata.json from majruszs-difficulty-forge-1.19.2-1.9.9-backport.1.jar, it does not contain dependency information.
[18Sep2024 03:30:02.746] [main/DEBUG] [net.minecraftforge.fml.loading.moddiscovery.AbstractJarFileDependencyLocator/]: Failed to load resource META-INF/jarjar/metadata.json from nerb-1.19.2-0.3-FORGE.jar, it does not contain dependency information.
[18Sep2024 03:30:02.746] [main/DEBUG] [net.minecraftforge.fml.loading.moddiscovery.AbstractJarFileDependencyLocator/]: Failed to load resource META-INF/jarjar/metadata.json from Entity_Collision_FPS_Fix-forge-1.19-2.0.0.0.jar, it does not contain dependency information.
[18Sep2024 03:30:02.746] [main/DEBUG] [net.minecraftforge.fml.loading.moddiscovery.AbstractJarFileDependencyLocator/]: Failed to load resource META-INF/jarjar/metadata.json from stalwart-dungeons-1.19.2-1.2.8.jar, it does not contain dependency information.
[18Sep2024 03:30:02.746] [main/DEBUG] [net.minecraftforge.fml.loading.moddiscovery.AbstractJarFileDependencyLocator/]: Failed to load resource META-INF/jarjar/metadata.json from rubidium-mc1.19.2-0.6.2c.jar, it does not contain dependency information.
[18Sep2024 03:30:02.746] [main/DEBUG] [net.minecraftforge.fml.loading.moddiscovery.AbstractJarFileDependencyLocator/]: Failed to load resource META-INF/jarjar/metadata.json from NaNny-1.0.1.jar, it does not contain dependency information.
[18Sep2024 03:30:02.746] [main/DEBUG] [net.minecraftforge.fml.loading.moddiscovery.AbstractJarFileDependencyLocator/]: Failed to load resource META-INF/jarjar/metadata.json from YungsApi-1.19.2-Forge-3.8.10.jar, it does not contain dependency information.
[18Sep2024 03:30:02.747] [main/DEBUG] [net.minecraftforge.fml.loading.moddiscovery.AbstractJarFileDependencyLocator/]: Failed to load resource META-INF/jarjar/metadata.json from GatewaysToEternity-1.19.2-3.2.3.jar, it does not contain dependency information.
[18Sep2024 03:30:02.747] [main/DEBUG] [net.minecraftforge.fml.loading.moddiscovery.AbstractJarFileDependencyLocator/]: Failed to load resource META-INF/jarjar/metadata.json from MaxHealthFix-Forge-1.19.2-8.0.2.jar, it does not contain dependency information.
[18Sep2024 03:30:02.747] [main/DEBUG] [net.minecraftforge.fml.loading.moddiscovery.AbstractJarFileDependencyLocator/]: Failed to load resource META-INF/jarjar/metadata.json from upgradednetherite_items-1.19.2-4.1.0.2-release.jar, it does not contain dependency information.
[18Sep2024 03:30:02.748] [main/DEBUG] [net.minecraftforge.fml.loading.moddiscovery.AbstractJarFileDependencyLocator/]: Failed to load resource META-INF/jarjar/metadata.json from letsdo-vinery-forge-1.3.12b.jar, it does not contain dependency information.
[18Sep2024 03:30:02.748] [main/DEBUG] [net.minecraftforge.fml.loading.moddiscovery.AbstractJarFileDependencyLocator/]: Failed to load resource META-INF/jarjar/metadata.json from Apotheosis-1.19.2-6.5.1.jar, it does not contain dependency information.
[18Sep2024 03:30:02.748] [main/DEBUG] [net.minecraftforge.fml.loading.moddiscovery.AbstractJarFileDependencyLocator/]: Failed to load resource META-INF/jarjar/metadata.json from savage_and_ravage-1.19.2-5.0.5.jar, it does not contain dependency information.
[18Sep2024 03:30:02.748] [main/DEBUG] [net.minecraftforge.fml.loading.moddiscovery.AbstractJarFileDependencyLocator/]: Failed to load resource META-INF/jarjar/metadata.json from balm-forge-1.19.2-4.6.0.jar, it does not contain dependency information.
[18Sep2024 03:30:02.748] [main/DEBUG] [net.minecraftforge.fml.loading.moddiscovery.AbstractJarFileDependencyLocator/]: Failed to load resource META-INF/jarjar/metadata.json from immersive_armors-1.5.6+1.19.2-forge.jar, it does not contain dependency information.
[18Sep2024 03:30:02.748] [main/DEBUG] [net.minecraftforge.fml.loading.moddiscovery.AbstractJarFileDependencyLocator/]: Failed to load resource META-INF/jarjar/metadata.json from YungsBetterNetherFortresses-1.19.2-Forge-1.0.6.jar, it does not contain dependency information.
[18Sep2024 03:30:02.749] [main/DEBUG] [net.minecraftforge.fml.loading.moddiscovery.AbstractJarFileDependencyLocator/]: Failed to load resource META-INF/jarjar/metadata.json from cloth-config-8.3.115-forge.jar, it does not contain dependency information.
[18Sep2024 03:30:02.749] [main/DEBUG] [net.minecraftforge.fml.loading.moddiscovery.AbstractJarFileDependencyLocator/]: Failed to load resource META-INF/jarjar/metadata.json from AutoLeveling-1.19.2-1.19b.jar, it does not contain dependency information.
[18Sep2024 03:30:02.749] [main/DEBUG] [net.minecraftforge.fml.loading.moddiscovery.AbstractJarFileDependencyLocator/]: Failed to load resource META-INF/jarjar/metadata.json from iterpg-0.5.0-1.19.2.jar, it does not contain dependency information.
[18Sep2024 03:30:02.749] [main/DEBUG] [net.minecraftforge.fml.loading.moddiscovery.AbstractJarFileDependencyLocator/]: Failed to load resource META-INF/jarjar/metadata.json from upgradednetherite-1.19.2-5.1.0.9-release.jar, it does not contain dependency information.
[18Sep2024 03:30:02.749] [main/DEBUG] [net.minecraftforge.fml.loading.moddiscovery.AbstractJarFileDependencyLocator/]: Failed to load resource META-INF/jarjar/metadata.json from structure_gel-1.19.2-2.7.3.jar, it does not contain dependency information.
[18Sep2024 03:30:02.749] [main/DEBUG] [net.minecraftforge.fml.loading.moddiscovery.AbstractJarFileDependencyLocator/]: Failed to load resource META-INF/jarjar/metadata.json from solapplepie-1.19.2-2.2.0.jar, it does not contain dependency information.
[18Sep2024 03:30:02.750] [main/DEBUG] [net.minecraftforge.fml.loading.moddiscovery.AbstractJarFileDependencyLocator/]: Failed to load resource META-INF/jarjar/metadata.json from corpse-forge-1.19.2-1.0.14.jar, it does not contain dependency information.
[18Sep2024 03:30:02.750] [main/DEBUG] [net.minecraftforge.fml.loading.moddiscovery.AbstractJarFileDependencyLocator/]: Failed to load resource META-INF/jarjar/metadata.json from AdvancementPlaques-1.19.2-1.4.7.jar, it does not contain dependency information.
[18Sep2024 03:30:02.750] [main/DEBUG] [net.minecraftforge.fml.loading.moddiscovery.AbstractJarFileDependencyLocator/]: Failed to load resource META-INF/jarjar/metadata.json from ftb-xmod-compat-forge-1.2.4.jar, it does not contain dependency information.
[18Sep2024 03:30:02.750] [main/DEBUG] [net.minecraftforge.fml.loading.moddiscovery.AbstractJarFileDependencyLocator/]: Failed to load resource META-INF/jarjar/metadata.json from combatroll-forge-1.1.5+1.19.jar, it does not contain dependency information.
[18Sep2024 03:30:02.750] [main/DEBUG] [net.minecraftforge.fml.loading.moddiscovery.AbstractJarFileDependencyLocator/]: Failed to load resource META-INF/jarjar/metadata.json from morevillagers-forge-1.19-4.0.3.jar, it does not contain dependency information.
[18Sep2024 03:30:02.750] [main/DEBUG] [net.minecraftforge.fml.loading.moddiscovery.AbstractJarFileDependencyLocator/]: Failed to load resource META-INF/jarjar/metadata.json from Explorify v1.6.1 f10-48.jar, it does not contain dependency information.
[18Sep2024 03:30:02.751] [main/DEBUG] [net.minecraftforge.fml.loading.moddiscovery.AbstractJarFileDependencyLocator/]: Failed to load resource META-INF/jarjar/metadata.json from ironfurnaces-1.19.2-3.6.5.jar, it does not contain dependency information.
[18Sep2024 03:30:02.751] [main/DEBUG] [net.minecraftforge.fml.loading.moddiscovery.AbstractJarFileDependencyLocator/]: Failed to load resource META-INF/jarjar/metadata.json from dungeons_plus-1.19.2-1.3.1.jar, it does not contain dependency information.
[18Sep2024 03:30:02.751] [main/DEBUG] [net.minecraftforge.fml.loading.moddiscovery.AbstractJarFileDependencyLocator/]: Failed to load resource META-INF/jarjar/metadata.json from UnusualEnd1.19.2_V1.4.3.jar, it does not contain dependency information.
[18Sep2024 03:30:02.751] [main/DEBUG] [net.minecraftforge.fml.loading.moddiscovery.AbstractJarFileDependencyLocator/]: Failed to load resource META-INF/jarjar/metadata.json from TextruesRubidiumOptions-1.0.7-mc1.19.2.jar, it does not contain dependency information.
[18Sep2024 03:30:02.751] [main/DEBUG] [net.minecraftforge.fml.loading.moddiscovery.AbstractJarFileDependencyLocator/]: Failed to load resource META-INF/jarjar/metadata.json from mcsa-forge-3.1.4+1.19.jar, it does not contain dependency information.
[18Sep2024 03:30:02.751] [main/DEBUG] [net.minecraftforge.fml.loading.moddiscovery.AbstractJarFileDependencyLocator/]: Failed to load resource META-INF/jarjar/metadata.json from curios-forge-1.19.2-5.1.6.3.jar, it does not contain dependency information.
[18Sep2024 03:30:02.753] [main/DEBUG] [net.minecraftforge.fml.loading.moddiscovery.AbstractJarFileDependencyLocator/]: Failed to load resource META-INF/jarjar/metadata.json from GameStages-Forge-1.19.2-11.1.4.jar, it does not contain dependency information.
[18Sep2024 03:30:02.753] [main/DEBUG] [net.minecraftforge.fml.loading.moddiscovery.AbstractJarFileDependencyLocator/]: Failed to load resource META-INF/jarjar/metadata.json from dragon_enchants-1.0.4-1.19.2.jar, it does not contain dependency information.
[18Sep2024 03:30:02.753] [main/DEBUG] [net.minecraftforge.fml.loading.moddiscovery.AbstractJarFileDependencyLocator/]: Failed to load resource META-INF/jarjar/metadata.json from pluto-mc1.19.2-0.0.9.jar, it does not contain dependency information.
[18Sep2024 03:30:02.753] [main/DEBUG] [net.minecraftforge.fml.loading.moddiscovery.AbstractJarFileDependencyLocator/]: Failed to load resource META-INF/jarjar/metadata.json from constructionwand-1.19.2-2.10.jar, it does not contain dependency information.
[18Sep2024 03:30:02.754] [main/DEBUG] [net.minecraftforge.fml.loading.moddiscovery.AbstractJarFileDependencyLocator/]: Failed to load resource META-INF/jarjar/metadata.json from ApothicCurios-1.19.2-1.0.3c.jar, it does not contain dependency information.
[18Sep2024 03:30:02.754] [main/DEBUG] [net.minecraftforge.fml.loading.moddiscovery.AbstractJarFileDependencyLocator/]: Failed to load resource META-INF/jarjar/metadata.json from YungsBetterEndIsland-1.19.2-Forge-1.0.jar, it does not contain dependency information.
[18Sep2024 03:30:02.754] [main/DEBUG] [net.minecraftforge.fml.loading.moddiscovery.AbstractJarFileDependencyLocator/]: Failed to load resource META-INF/jarjar/metadata.json from celestisynth-1.19.2-1.1.5.jar, it does not contain dependency information.
[18Sep2024 03:30:02.754] [main/DEBUG] [net.minecraftforge.fml.loading.moddiscovery.AbstractJarFileDependencyLocator/]: Failed to load resource META-INF/jarjar/metadata.json from toms_storage-1.19-1.5.11.jar, it does not contain dependency information.
[18Sep2024 03:30:02.754] [main/DEBUG] [net.minecraftforge.fml.loading.moddiscovery.AbstractJarFileDependencyLocator/]: Failed to load resource META-INF/jarjar/metadata.json from deep_aether-1.19.2-1.0.2.jar, it does not contain dependency information.
[18Sep2024 03:30:02.755] [main/DEBUG] [net.minecraftforge.fml.loading.moddiscovery.AbstractJarFileDependencyLocator/]: Failed to load resource META-INF/jarjar/metadata.json from YungsBetterMineshafts-1.19.2-Forge-3.2.1.jar, it does not contain dependency information.
[18Sep2024 03:30:02.756] [main/DEBUG] [net.minecraftforge.fml.loading.moddiscovery.AbstractJarFileDependencyLocator/]: Failed to load resource META-INF/jarjar/metadata.json from geckolib-forge-1.19-3.1.40.jar, it does not contain dependency information.
[18Sep2024 03:30:02.756] [main/DEBUG] [net.minecraftforge.fml.loading.moddiscovery.AbstractJarFileDependencyLocator/]: Failed to load resource META-INF/jarjar/metadata.json from majrusz-library-forge-1.19.2-7.0.5-backport.1.jar, it does not contain dependency information.
[18Sep2024 03:30:02.756] [main/DEBUG] [net.minecraftforge.fml.loading.moddiscovery.AbstractJarFileDependencyLocator/]: Failed to load resource META-INF/jarjar/metadata.json from YungsBetterJungleTemples-1.19.2-Forge-1.0.1.jar, it does not contain dependency information.
[18Sep2024 03:30:02.756] [main/DEBUG] [net.minecraftforge.fml.loading.moddiscovery.AbstractJarFileDependencyLocator/]: Failed to load resource META-INF/jarjar/metadata.json from mowziesmobs-1.6.3.jar, it does not contain dependency information.
[18Sep2024 03:30:02.757] [main/DEBUG] [net.minecraftforge.fml.loading.moddiscovery.AbstractJarFileDependencyLocator/]: Failed to load resource META-INF/jarjar/metadata.json from ftb-library-forge-1902.4.1-build.236.jar, it does not contain dependency information.
[18Sep2024 03:30:02.757] [main/DEBUG] [net.minecraftforge.fml.loading.moddiscovery.AbstractJarFileDependencyLocator/]: Failed to load resource META-INF/jarjar/metadata.json from MutantMonsters-v4.0.6-1.19.2-Forge.jar, it does not contain dependency information.
[18Sep2024 03:30:02.757] [main/DEBUG] [net.minecraftforge.fml.loading.moddiscovery.AbstractJarFileDependencyLocator/]: Failed to load resource META-INF/jarjar/metadata.json from jei-1.19.2-forge-11.6.0.1019.jar, it does not contain dependency information.
[18Sep2024 03:30:02.758] [main/DEBUG] [net.minecraftforge.fml.loading.moddiscovery.AbstractJarFileDependencyLocator/]: Failed to load resource META-INF/jarjar/metadata.json from AttributeFix-Forge-1.19.2-17.2.8.jar, it does not contain dependency information.
[18Sep2024 03:30:02.758] [main/DEBUG] [net.minecraftforge.fml.loading.moddiscovery.AbstractJarFileDependencyLocator/]: Failed to load resource META-INF/jarjar/metadata.json from caelus-forge-1.19.2-3.0.0.6.jar, it does not contain dependency information.
[18Sep2024 03:30:02.758] [main/DEBUG] [net.minecraftforge.fml.loading.moddiscovery.AbstractJarFileDependencyLocator/]: Failed to load resource META-INF/jarjar/metadata.json from Paxi-1.19.2-Forge-3.0.1.jar, it does not contain dependency information.
[18Sep2024 03:30:02.759] [main/DEBUG] [net.minecraftforge.fml.loading.moddiscovery.AbstractJarFileDependencyLocator/]: Failed to load resource META-INF/jarjar/metadata.json from RingsOfAscension-1.19-1.0.1.jar, it does not contain dependency information.
[18Sep2024 03:30:02.759] [main/DEBUG] [net.minecraftforge.fml.loading.moddiscovery.AbstractJarFileDependencyLocator/]: Failed to load resource META-INF/jarjar/metadata.json from apotheotic_additions1.0.4.jar, it does not contain dependency information.
[18Sep2024 03:30:02.759] [main/DEBUG] [net.minecraftforge.fml.loading.moddiscovery.AbstractJarFileDependencyLocator/]: Failed to load resource META-INF/jarjar/metadata.json from NaturesCompass-1.19.2-1.10.0-forge.jar, it does not contain dependency information.
[18Sep2024 03:30:02.759] [main/DEBUG] [net.minecraftforge.fml.loading.moddiscovery.AbstractJarFileDependencyLocator/]: Failed to load resource META-INF/jarjar/metadata.json from CraterLib-Forge-1.19.2-2.0.3.jar, it does not contain dependency information.
[18Sep2024 03:30:02.760] [main/DEBUG] [net.minecraftforge.fml.loading.moddiscovery.AbstractJarFileDependencyLocator/]: Failed to load resource META-INF/jarjar/metadata.json from starlight-1.1.1+forge.cf5b10b.jar, it does not contain dependency information.
[18Sep2024 03:30:02.760] [main/DEBUG] [net.minecraftforge.fml.loading.moddiscovery.AbstractJarFileDependencyLocator/]: Failed to load resource META-INF/jarjar/metadata.json from medieval_paintings-1.19.2-7.0.jar, it does not contain dependency information.
[18Sep2024 03:30:02.760] [main/DEBUG] [net.minecraftforge.fml.loading.moddiscovery.AbstractJarFileDependencyLocator/]: Failed to load resource META-INF/jarjar/metadata.json from memoryleakfix-forge-1.17+-1.0.0.jar, it does not contain dependency information.
[18Sep2024 03:30:02.760] [main/DEBUG] [net.minecraftforge.fml.loading.moddiscovery.AbstractJarFileDependencyLocator/]: Failed to load resource META-INF/jarjar/metadata.json from CraftTweaker-forge-1.19.2-10.1.55.jar, it does not contain dependency information.
[18Sep2024 03:30:02.761] [main/DEBUG] [net.minecraftforge.fml.loading.moddiscovery.AbstractJarFileDependencyLocator/]: Failed to load resource META-INF/jarjar/metadata.json from ars_nouveau-1.19.2-3.23.0.jar, it does not contain dependency information.
[18Sep2024 03:30:02.761] [main/DEBUG] [net.minecraftforge.fml.loading.moddiscovery.AbstractJarFileDependencyLocator/]: Failed to load resource META-INF/jarjar/metadata.json from rubidium_extras-1.19.2_v1.4.3.jar, it does not contain dependency information.
[18Sep2024 03:30:02.761] [main/DEBUG] [net.minecraftforge.fml.loading.moddiscovery.AbstractJarFileDependencyLocator/]: Failed to load resource META-INF/jarjar/metadata.json from DungeonsAriseSevenSeas-1.19.2-1.0.2-forge.jar, it does not contain dependency information.
[18Sep2024 03:30:02.761] [main/DEBUG] [net.minecraftforge.fml.loading.moddiscovery.AbstractJarFileDependencyLocator/]: Failed to load resource META-INF/jarjar/metadata.json from forge-1.19.2-43.3.0-universal.jar, it does not contain dependency information.
[18Sep2024 03:30:02.762] [main/DEBUG] [net.minecraftforge.fml.loading.moddiscovery.AbstractJarFileDependencyLocator/]: Failed to load resource META-INF/jarjar/metadata.json from ironchest-1.19.2-14.2.7.jar, it does not contain dependency information.
[18Sep2024 03:30:02.762] [main/DEBUG] [net.minecraftforge.fml.loading.moddiscovery.AbstractJarFileDependencyLocator/]: Failed to load resource META-INF/jarjar/metadata.json from infernalmobs-1.19.2.4.jar, it does not contain dependency information.
[18Sep2024 03:30:02.762] [main/DEBUG] [net.minecraftforge.fml.loading.moddiscovery.AbstractJarFileDependencyLocator/]: Failed to load resource META-INF/jarjar/metadata.json from DungeonsArise-1.19.2-2.1.54-release.jar, it does not contain dependency information.
[18Sep2024 03:30:02.763] [main/DEBUG] [net.minecraftforge.fml.loading.moddiscovery.AbstractJarFileDependencyLocator/]: Failed to load resource META-INF/jarjar/metadata.json from server-1.19.2-20220805.130853-srg.jar, it does not contain dependency information.
[18Sep2024 03:30:02.763] [main/DEBUG] [net.minecraftforge.fml.loading.moddiscovery.AbstractJarFileDependencyLocator/]: Failed to load resource META-INF/jarjar/metadata.json from sons-of-sins-1.19.2-2.1.6.jar, it does not contain dependency information.
[18Sep2024 03:30:02.763] [main/DEBUG] [net.minecraftforge.fml.loading.moddiscovery.AbstractJarFileDependencyLocator/]: Failed to load resource META-INF/jarjar/metadata.json from smoothchunk-1.19.2-3.5.jar, it does not contain dependency information.
[18Sep2024 03:30:02.764] [main/DEBUG] [net.minecraftforge.fml.loading.moddiscovery.AbstractJarFileDependencyLocator/]: Failed to load resource META-INF/jarjar/metadata.json from TerraBlender-forge-1.19.2-2.0.1.166.jar, it does not contain dependency information.
[18Sep2024 03:30:02.764] [main/DEBUG] [net.minecraftforge.fml.loading.moddiscovery.AbstractJarFileDependencyLocator/]: Failed to load resource META-INF/jarjar/metadata.json from MouseTweaks-forge-mc1.19-2.23.jar, it does not contain dependency information.
[18Sep2024 03:30:02.764] [main/DEBUG] [net.minecraftforge.fml.loading.moddiscovery.AbstractJarFileDependencyLocator/]: Failed to load resource META-INF/jarjar/metadata.json from bettercombat-forge-1.7.1+1.19.jar, it does not contain dependency information.
[18Sep2024 03:30:02.766] [main/DEBUG] [net.minecraftforge.fml.loading.moddiscovery.AbstractJarFileDependencyLocator/]: Failed to load resource META-INF/jarjar/metadata.json from Necronomicon-Forge-1.4.2.jar, it does not contain dependency information.
[18Sep2024 03:30:02.766] [main/DEBUG] [net.minecraftforge.fml.loading.moddiscovery.AbstractJarFileDependencyLocator/]: Failed to load resource META-INF/jarjar/metadata.json from ftb-quests-forge-1902.5.9-build.399.jar, it does not contain dependency information.
[18Sep2024 03:30:02.767] [main/DEBUG] [net.minecraftforge.fml.loading.moddiscovery.AbstractJarFileDependencyLocator/]: Failed to load resource META-INF/jarjar/metadata.json from CorgiLib-forge-1.19.2-1.0.0.34.jar, it does not contain dependency information.
[18Sep2024 03:30:02.767] [main/DEBUG] [net.minecraftforge.fml.loading.moddiscovery.AbstractJarFileDependencyLocator/]: Failed to load resource META-INF/jarjar/metadata.json from aeroblender-1.19.2-1.0.1.jar, it does not contain dependency information.
[18Sep2024 03:30:02.767] [main/DEBUG] [net.minecraftforge.fml.loading.moddiscovery.AbstractJarFileDependencyLocator/]: Failed to load resource META-INF/jarjar/metadata.json from betterfpsdist-1.19.2-4.1.jar, it does not contain dependency information.
[18Sep2024 03:30:02.768] [main/DEBUG] [net.minecraftforge.fml.loading.moddiscovery.AbstractJarFileDependencyLocator/]: Failed to load resource META-INF/jarjar/metadata.json from BrewinAndChewin-1.19-2.0.jar, it does not contain dependency information.
[18Sep2024 03:30:02.768] [main/DEBUG] [net.minecraftforge.fml.loading.moddiscovery.AbstractJarFileDependencyLocator/]: Failed to load resource META-INF/jarjar/metadata.json from FarmersRespite-1.19-2.0.jar, it does not contain dependency information.
[18Sep2024 03:30:02.768] [main/DEBUG] [net.minecraftforge.fml.loading.moddiscovery.AbstractJarFileDependencyLocator/]: Failed to load resource META-INF/jarjar/metadata.json from archaeology-1.0.0.jar, it does not contain dependency information.
[18Sep2024 03:30:02.769] [main/DEBUG] [net.minecraftforge.fml.loading.moddiscovery.AbstractJarFileDependencyLocator/]: Failed to load resource META-INF/jarjar/metadata.json from ecologics-forge-1.19.2-2.1.11.jar, it does not contain dependency information.
[18Sep2024 03:30:02.771] [main/DEBUG] [net.minecraftforge.fml.loading.moddiscovery.AbstractJarFileDependencyLocator/]: Failed to load resource META-INF/jarjar/metadata.json from Xaeros_Minimap_24.3.0_Forge_1.19.1.jar, it does not contain dependency information.
[18Sep2024 03:30:02.771] [main/DEBUG] [net.minecraftforge.fml.loading.moddiscovery.AbstractJarFileDependencyLocator/]: Failed to load resource META-INF/jarjar/metadata.json from shadowizardlib-1.19.2-1.0.8.jar, it does not contain dependency information.
[18Sep2024 03:30:02.771] [main/DEBUG] [net.minecraftforge.fml.loading.moddiscovery.AbstractJarFileDependencyLocator/]: Failed to load resource META-INF/jarjar/metadata.json from bocchium-1.19.2-0.0.3.jar, it does not contain dependency information.
[18Sep2024 03:30:02.772] [main/DEBUG] [net.minecraftforge.fml.loading.moddiscovery.AbstractJarFileDependencyLocator/]: Failed to load resource META-INF/jarjar/metadata.json from entityculling-forge-1.6.1-mc1.19.2.jar, it does not contain dependency information.
[18Sep2024 03:30:02.772] [main/DEBUG] [net.minecraftforge.fml.loading.moddiscovery.AbstractJarFileDependencyLocator/]: Failed to load resource META-INF/jarjar/metadata.json from canary-mc1.19.2-0.3.3.jar, it does not contain dependency information.
[18Sep2024 03:30:02.772] [main/DEBUG] [net.minecraftforge.fml.loading.moddiscovery.AbstractJarFileDependencyLocator/]: Failed to load resource META-INF/jarjar/metadata.json from strictly_origins_v9.2.1_1.19.2.jar, it does not contain dependency information.
[18Sep2024 03:30:02.773] [main/DEBUG] [net.minecraftforge.fml.loading.moddiscovery.AbstractJarFileDependencyLocator/]: Failed to load resource META-INF/jarjar/metadata.json from tlc_forge-1.0.2-R-1.19.2.jar, it does not contain dependency information.
[18Sep2024 03:30:02.773] [main/DEBUG] [net.minecraftforge.fml.loading.moddiscovery.AbstractJarFileDependencyLocator/]: Failed to load resource META-INF/jarjar/metadata.json from lootr-forge-1.19-0.4.28.74.jar, it does not contain dependency information.
[18Sep2024 03:30:02.773] [main/DEBUG] [net.minecraftforge.fml.loading.moddiscovery.AbstractJarFileDependencyLocator/]: Failed to load resource META-INF/jarjar/metadata.json from upgradednetherite_ultimate-1.19.2-4.1.0.4-release.jar, it does not contain dependency information.
[18Sep2024 03:30:02.773] [main/DEBUG] [net.minecraftforge.fml.loading.moddiscovery.AbstractJarFileDependencyLocator/]: Failed to load resource META-INF/jarjar/metadata.json from biomemusic-1.19.2-2.2.jar, it does not contain dependency information.
[18Sep2024 03:30:02.774] [main/DEBUG] [net.minecraftforge.fml.loading.moddiscovery.AbstractJarFileDependencyLocator/]: Failed to load resource META-INF/jarjar/metadata.json from PuzzlesLib-v4.4.3-1.19.2-Forge.jar, it does not contain dependency information.
[18Sep2024 03:30:02.774] [main/DEBUG] [net.minecraftforge.fml.loading.moddiscovery.AbstractJarFileDependencyLocator/]: Failed to load resource META-INF/jarjar/metadata.json from Aquaculture-1.19.2-2.4.17.jar, it does not contain dependency information.
[18Sep2024 03:30:02.774] [main/DEBUG] [net.minecraftforge.fml.loading.moddiscovery.AbstractJarFileDependencyLocator/]: Failed to load resource META-INF/jarjar/metadata.json from Delightful-1.19.2-3.4.1.jar, it does not contain dependency information.
[18Sep2024 03:30:02.774] [main/DEBUG] [net.minecraftforge.fml.loading.moddiscovery.AbstractJarFileDependencyLocator/]: Failed to load resource META-INF/jarjar/metadata.json from chunksending-1.19.2-2.8.jar, it does not contain dependency information.
[18Sep2024 03:30:02.775] [main/DEBUG] [net.minecraftforge.fml.loading.moddiscovery.AbstractJarFileDependencyLocator/]: Failed to load resource META-INF/jarjar/metadata.json from End's Phantasm - BETAv1.2.10.5 - 1.19.2.jar, it does not contain dependency information.
[18Sep2024 03:30:02.775] [main/DEBUG] [net.minecraftforge.fml.loading.moddiscovery.AbstractJarFileDependencyLocator/]: Failed to load resource META-INF/jarjar/metadata.json from aquamirae-6.API15.jar, it does not contain dependency information.
[18Sep2024 03:30:02.775] [main/DEBUG] [net.minecraftforge.fml.loading.moddiscovery.AbstractJarFileDependencyLocator/]: Failed to load resource META-INF/jarjar/metadata.json from xptome-1.19-2.1.7.jar, it does not contain dependency information.
[18Sep2024 03:30:02.775] [main/DEBUG] [net.minecraftforge.fml.loading.moddiscovery.AbstractJarFileDependencyLocator/]: Failed to load resource META-INF/jarjar/metadata.json from defaultoptions-forge-1.19-15.0.2.jar, it does not contain dependency information.
[18Sep2024 03:30:02.775] [main/DEBUG] [net.minecraftforge.fml.loading.moddiscovery.AbstractJarFileDependencyLocator/]: Failed to load resource META-INF/jarjar/metadata.json from blue_skies-1.19.2-1.3.20.jar, it does not contain dependency information.
[18Sep2024 03:30:02.776] [main/DEBUG] [net.minecraftforge.fml.loading.moddiscovery.AbstractJarFileDependencyLocator/]: Failed to load resource META-INF/jarjar/metadata.json from transmog-forge-1.2.2+1.19.2.jar, it does not contain dependency information.
[18Sep2024 03:30:02.776] [main/DEBUG] [net.minecraftforge.fml.loading.moddiscovery.AbstractJarFileDependencyLocator/]: Failed to load resource META-INF/jarjar/metadata.json from recipeessentials-1.19.2-3.5.jar, it does not contain dependency information.
[18Sep2024 03:30:02.777] [main/DEBUG] [net.minecraftforge.fml.loading.moddiscovery.AbstractJarFileDependencyLocator/]: Failed to load resource META-INF/jarjar/metadata.json from YungsBetterOceanMonuments-1.19.2-Forge-2.1.1.jar, it does not contain dependency information.
[18Sep2024 03:30:02.777] [main/DEBUG] [net.minecraftforge.fml.loading.moddiscovery.AbstractJarFileDependencyLocator/]: Failed to load resource META-INF/jarjar/metadata.json from connectivity-1.19.2-4.6.jar, it does not contain dependency information.
[18Sep2024 03:30:02.777] [main/DEBUG] [net.minecraftforge.fml.loading.moddiscovery.AbstractJarFileDependencyLocator/]: Failed to load resource META-INF/jarjar/metadata.json from Incendium_1.19.3_v5.1.6.jar, it does not contain dependency information.
[18Sep2024 03:30:02.777] [main/DEBUG] [net.minecraftforge.fml.loading.moddiscovery.AbstractJarFileDependencyLocator/]: Failed to load resource META-INF/jarjar/metadata.json from sophisticatedcore-1.19.2-0.6.4.605.jar, it does not contain dependency information.
[18Sep2024 03:30:02.778] [main/DEBUG] [net.minecraftforge.fml.loading.moddiscovery.AbstractJarFileDependencyLocator/]: Failed to load resource META-INF/jarjar/metadata.json from gpumemleakfix-1.19.2-1.6.jar, it does not contain dependency information.
[18Sep2024 03:30:02.778] [main/DEBUG] [net.minecraftforge.fml.loading.moddiscovery.AbstractJarFileDependencyLocator/]: Failed to load resource META-INF/jarjar/metadata.json from InsaneLib-1.7.5-mc1.19.2.jar, it does not contain dependency information.
[18Sep2024 03:30:02.778] [main/DEBUG] [net.minecraftforge.fml.loading.moddiscovery.AbstractJarFileDependencyLocator/]: Failed to load resource META-INF/jarjar/metadata.json from structureessentials-1.19.2-3.2.jar, it does not contain dependency information.
[18Sep2024 03:30:02.779] [main/DEBUG] [net.minecraftforge.fml.loading.moddiscovery.AbstractJarFileDependencyLocator/]: Failed to load resource META-INF/jarjar/metadata.json from XaerosWorldMap_1.38.8_Forge_1.19.1.jar, it does not contain dependency information.
[18Sep2024 03:30:02.779] [main/DEBUG] [net.minecraftforge.fml.loading.moddiscovery.AbstractJarFileDependencyLocator/]: Failed to load resource META-INF/jarjar/metadata.json from Controlling-forge-1.19.2-10.0+7.jar, it does not contain dependency information.
[18Sep2024 03:30:02.779] [main/DEBUG] [net.minecraftforge.fml.loading.moddiscovery.AbstractJarFileDependencyLocator/]: Failed to load resource META-INF/jarjar/metadata.json from Prism-1.19.1-1.0.2.jar, it does not contain dependency information.
[18Sep2024 03:30:02.779] [main/DEBUG] [net.minecraftforge.fml.loading.moddiscovery.AbstractJarFileDependencyLocator/]: Failed to load resource META-INF/jarjar/metadata.json from Placebo-1.19.2-7.4.0.jar, it does not contain dependency information.
[18Sep2024 03:30:02.780] [main/DEBUG] [net.minecraftforge.fml.loading.moddiscovery.AbstractJarFileDependencyLocator/]: Failed to load resource META-INF/jarjar/metadata.json from citadel-2.1.4-1.19.jar, it does not contain dependency information.
[18Sep2024 03:30:02.780] [main/DEBUG] [net.minecraftforge.fml.loading.moddiscovery.AbstractJarFileDependencyLocator/]: Failed to load resource META-INF/jarjar/metadata.json from lootintegrations-1.19.2-3.7.jar, it does not contain dependency information.
[18Sep2024 03:30:02.780] [main/DEBUG] [net.minecraftforge.fml.loading.moddiscovery.AbstractJarFileDependencyLocator/]: Failed to load resource META-INF/jarjar/metadata.json from Item_Obliterator-FORGE-MC1.19.2-1.6.2.jar, it does not contain dependency information.
[18Sep2024 03:30:02.781] [main/DEBUG] [net.minecraftforge.fml.loading.moddiscovery.AbstractJarFileDependencyLocator/]: Failed to load resource META-INF/jarjar/metadata.json from letsdo-bakery-forge-1.0.6.jar, it does not contain dependency information.
[18Sep2024 03:30:02.781] [main/DEBUG] [net.minecraftforge.fml.loading.moddiscovery.AbstractJarFileDependencyLocator/]: Failed to load resource META-INF/jarjar/metadata.json from Bookshelf-Forge-1.19.2-16.3.20.jar, it does not contain dependency information.
[18Sep2024 03:30:02.781] [main/DEBUG] [net.minecraftforge.fml.loading.moddiscovery.AbstractJarFileDependencyLocator/]: Failed to load resource META-INF/jarjar/metadata.json from sophisticatedbackpacks-1.19.2-3.20.2.1035.jar, it does not contain dependency information.
[18Sep2024 03:30:02.781] [main/DEBUG] [net.minecraftforge.fml.loading.moddiscovery.AbstractJarFileDependencyLocator/]: Failed to load resource META-INF/jarjar/metadata.json from twigs-forge-1.19.2-3.0.1.jar, it does not contain dependency information.
[18Sep2024 03:30:02.782] [main/DEBUG] [net.minecraftforge.fml.loading.moddiscovery.AbstractJarFileDependencyLocator/]: Failed to load resource META-INF/jarjar/metadata.json from relics-1.19.2-0.4.7.5.jar, it does not contain dependency information.
[18Sep2024 03:30:02.782] [main/DEBUG] [net.minecraftforge.fml.loading.moddiscovery.AbstractJarFileDependencyLocator/]: Failed to load resource META-INF/jarjar/metadata.json from takesapillage-1.0.3-1.19.2.jar, it does not contain dependency information.
[18Sep2024 03:30:02.782] [main/DEBUG] [net.minecraftforge.fml.loading.moddiscovery.AbstractJarFileDependencyLocator/]: Failed to load resource META-INF/jarjar/metadata.json from ProgressiveBosses-3.7.6-mc1.19.2.jar, it does not contain dependency information.
[18Sep2024 03:30:02.782] [main/DEBUG] [net.minecraftforge.fml.loading.moddiscovery.AbstractJarFileDependencyLocator/]: Failed to load resource META-INF/jarjar/metadata.json from bygonenether-1.3.2-1.19.2.jar, it does not contain dependency information.
[18Sep2024 03:30:02.783] [main/DEBUG] [net.minecraftforge.fml.loading.moddiscovery.AbstractJarFileDependencyLocator/]: Failed to load resource META-INF/jarjar/metadata.json from ftb-teams-forge-1902.2.14-build.123.jar, it does not contain dependency information.
[18Sep2024 03:30:02.783] [main/DEBUG] [net.minecraftforge.fml.loading.moddiscovery.AbstractJarFileDependencyLocator/]: Failed to load resource META-INF/jarjar/metadata.json from dragonmounts-1.19.2-1.2.3-beta.jar, it does not contain dependency information.
[18Sep2024 03:30:02.784] [main/DEBUG] [net.minecraftforge.fml.loading.moddiscovery.AbstractJarFileDependencyLocator/]: Failed to load resource META-INF/jarjar/metadata.json from dummmmmmy-1.19.2-1.7.1.jar, it does not contain dependency information.
[18Sep2024 03:30:02.784] [main/DEBUG] [net.minecraftforge.fml.loading.moddiscovery.AbstractJarFileDependencyLocator/]: Failed to load resource META-INF/jarjar/metadata.json from twilightforest-1.19.2-4.2.1518-universal.jar, it does not contain dependency information.
[18Sep2024 03:30:02.784] [main/DEBUG] [net.minecraftforge.fml.loading.moddiscovery.AbstractJarFileDependencyLocator/]: Failed to load resource META-INF/jarjar/metadata.json from no_nv_flash-1.19.2-1.5.0.3.jar, it does not contain dependency information.
[18Sep2024 03:30:02.784] [main/DEBUG] [net.minecraftforge.fml.loading.moddiscovery.AbstractJarFileDependencyLocator/]: Failed to load resource META-INF/jarjar/metadata.json from konkrete_forge_1.8.0_MC_1.19-1.19.2.jar, it does not contain dependency information.
[18Sep2024 03:30:02.785] [main/DEBUG] [net.minecraftforge.fml.loading.moddiscovery.AbstractJarFileDependencyLocator/]: Failed to load resource META-INF/jarjar/metadata.json from enemyexpansion-2.3.2-forge-1.19.2.jar, it does not contain dependency information.
[18Sep2024 03:30:02.785] [main/DEBUG] [net.minecraftforge.fml.loading.moddiscovery.AbstractJarFileDependencyLocator/]: Failed to load resource META-INF/jarjar/metadata.json from collection-of-singiro-1.19.x-1.1.4.jar, it does not contain dependency information.
[18Sep2024 03:30:02.785] [main/DEBUG] [net.minecraftforge.fml.loading.moddiscovery.AbstractJarFileDependencyLocator/]: Failed to load resource META-INF/jarjar/metadata.json from FarmersDelight-1.19.2-1.2.4.jar, it does not contain dependency information.
[18Sep2024 03:30:02.787] [main/DEBUG] [net.minecraftforge.fml.loading.moddiscovery.AbstractJarFileDependencyLocator/]: Failed to load resource META-INF/jarjar/metadata.json from getittogetherdrops-forge-1.19.2-1.3.jar, it does not contain dependency information.
[18Sep2024 03:30:02.787] [main/DEBUG] [net.minecraftforge.fml.loading.moddiscovery.AbstractJarFileDependencyLocator/]: Failed to load resource META-INF/jarjar/metadata.json from endrem_forge-5.2.1-R-1.19.X.jar, it does not contain dependency information.
[18Sep2024 03:30:02.787] [main/DEBUG] [net.minecraftforge.fml.loading.moddiscovery.AbstractJarFileDependencyLocator/]: Failed to load resource META-INF/jarjar/metadata.json from lionfishapi-1.8.jar, it does not contain dependency information.
[18Sep2024 03:30:02.787] [main/DEBUG] [net.minecraftforge.fml.loading.moddiscovery.AbstractJarFileDependencyLocator/]: Failed to load resource META-INF/jarjar/metadata.json from dungeons_enhanced-1.19.2-4.1.jar, it does not contain dependency information.
[18Sep2024 03:30:02.788] [main/DEBUG] [net.minecraftforge.fml.loading.moddiscovery.AbstractJarFileDependencyLocator/]: Failed to load resource META-INF/jarjar/metadata.json from L_Enders_Cataclysm-1.99.6-1.19.2.jar, it does not contain dependency information.
[18Sep2024 03:30:02.789] [main/DEBUG] [net.minecraftforge.fml.loading.moddiscovery.AbstractJarFileDependencyLocator/]: Failed to load resource META-INF/jarjar/metadata.json from Patchouli-1.19.2-77.jar, it does not contain dependency information.
[18Sep2024 03:30:02.789] [main/DEBUG] [net.minecraftforge.fml.loading.moddiscovery.AbstractJarFileDependencyLocator/]: Failed to load resource META-INF/jarjar/metadata.json from origins-classes-forge-1.2.1.jar, it does not contain dependency information.
[18Sep2024 03:30:02.789] [main/DEBUG] [net.minecraftforge.fml.loading.moddiscovery.AbstractJarFileDependencyLocator/]: Failed to load resource META-INF/jarjar/metadata.json from BetterThirdPerson-Forge-1.19-1.9.0.jar, it does not contain dependency information.
[18Sep2024 03:30:02.789] [main/DEBUG] [net.minecraftforge.fml.loading.moddiscovery.AbstractJarFileDependencyLocator/]: Failed to load resource META-INF/jarjar/metadata.json from NightConfigFixes-v4.0.7-1.19.2-Forge.jar, it does not contain dependency information.
[18Sep2024 03:30:02.790] [main/DEBUG] [net.minecraftforge.fml.loading.moddiscovery.AbstractJarFileDependencyLocator/]: Failed to load resource META-INF/jarjar/metadata.json from ftb-ultimine-forge-1902.4.1-build.90.jar, it does not contain dependency information.
[18Sep2024 03:30:02.790] [main/DEBUG] [net.minecraftforge.fml.loading.moddiscovery.AbstractJarFileDependencyLocator/]: Failed to load resource META-INF/jarjar/metadata.json from YungsBetterStrongholds-1.19.2-Forge-3.2.0.jar, it does not contain dependency information.
[18Sep2024 03:30:02.790] [main/DEBUG] [net.minecraftforge.fml.loading.moddiscovery.AbstractJarFileDependencyLocator/]: Failed to load resource META-INF/jarjar/metadata.json from EnigmaticLegacy-2.26.5.jar, it does not contain dependency information.
[18Sep2024 03:30:02.790] [main/DEBUG] [net.minecraftforge.fml.loading.moddiscovery.AbstractJarFileDependencyLocator/]: Failed to load resource META-INF/jarjar/metadata.json from architectury-6.6.92-forge.jar, it does not contain dependency information.
[18Sep2024 03:30:02.791] [main/DEBUG] [net.minecraftforge.fml.loading.moddiscovery.AbstractJarFileDependencyLocator/]: Failed to load resource META-INF/jarjar/metadata.json from AI-Improvements-1.19.2-0.5.2.jar, it does not contain dependency information.
[18Sep2024 03:30:02.791] [main/DEBUG] [net.minecraftforge.fml.loading.moddiscovery.AbstractJarFileDependencyLocator/]: Failed to load resource META-INF/jarjar/metadata.json from cupboard-1.19.2-2.6.jar, it does not contain dependency information.
[18Sep2024 03:30:02.791] [main/DEBUG] [net.minecraftforge.fml.loading.moddiscovery.AbstractJarFileDependencyLocator/]: Failed to load resource META-INF/jarjar/metadata.json from smallships-forge-1.19.2-2.0.0-b1.3.1.jar, it does not contain dependency information.
[18Sep2024 03:30:02.791] [main/DEBUG] [net.minecraftforge.fml.loading.moddiscovery.AbstractJarFileDependencyLocator/]: Failed to load resource META-INF/jarjar/metadata.json from letmedespawn-1.18.x-1.19.x-forge-1.0.3.jar, it does not contain dependency information.
[18Sep2024 03:30:02.792] [main/DEBUG] [net.minecraftforge.fml.loading.moddiscovery.AbstractJarFileDependencyLocator/]: Failed to load resource META-INF/jarjar/metadata.json from yeetusexperimentus-1.0.1-build.2+mc1.19.1.jar, it does not contain dependency information.
[18Sep2024 03:30:02.792] [main/DEBUG] [net.minecraftforge.fml.loading.moddiscovery.AbstractJarFileDependencyLocator/]: Failed to load resource META-INF/jarjar/metadata.json from toomanyglyphs-1.19.2-2.2.376.1564.jar, it does not contain dependency information.
[18Sep2024 03:30:02.792] [main/DEBUG] [net.minecraftforge.fml.loading.moddiscovery.AbstractJarFileDependencyLocator/]: Failed to load resource META-INF/jarjar/metadata.json from dreadsteel-1.19.2-1.1.6.jar, it does not contain dependency information.
[18Sep2024 03:30:02.793] [main/DEBUG] [net.minecraftforge.fml.loading.moddiscovery.AbstractJarFileDependencyLocator/]: Failed to load resource META-INF/jarjar/metadata.json from BetterAdvancements-1.19.2-0.2.2.142.jar, it does not contain dependency information.
[18Sep2024 03:30:02.793] [main/DEBUG] [net.minecraftforge.fml.loading.moddiscovery.AbstractJarFileDependencyLocator/]: Failed to load resource META-INF/jarjar/metadata.json from majruszs-accessories-forge-1.19.2-1.5.2-backport.2.jar, it does not contain dependency information.
[18Sep2024 03:30:02.793] [main/DEBUG] [net.minecraftforge.fml.loading.moddiscovery.AbstractJarFileDependencyLocator/]: Failed to load resource META-INF/jarjar/metadata.json from inventorysorter-1.19.2-21.0.4.jar, it does not contain dependency information.
[18Sep2024 03:30:02.793] [main/DEBUG] [net.minecraftforge.fml.loading.moddiscovery.AbstractJarFileDependencyLocator/]: Failed to load resource META-INF/jarjar/metadata.json from BHMenu-Forge-1.19.2-2.4.1.jar, it does not contain dependency information.
[18Sep2024 03:30:02.794] [main/DEBUG] [net.minecraftforge.fml.loading.moddiscovery.AbstractJarFileDependencyLocator/]: Failed to load resource META-INF/jarjar/metadata.json from rhino-forge-1902.2.3-build.284.jar, it does not contain dependency information.
[18Sep2024 03:30:02.794] [main/DEBUG] [net.minecraftforge.fml.loading.moddiscovery.AbstractJarFileDependencyLocator/]: Failed to load resource META-INF/jarjar/metadata.json from item-filters-forge-1902.2.9-build.51.jar, it does not contain dependency information.
[18Sep2024 03:30:02.794] [main/DEBUG] [net.minecraftforge.fml.loading.moddiscovery.AbstractJarFileDependencyLocator/]: Failed to load resource META-INF/jarjar/metadata.json from xlpackets-1.18.2-2.1.jar, it does not contain dependency information.
[18Sep2024 03:30:02.794] [main/DEBUG] [net.minecraftforge.fml.loading.moddiscovery.AbstractJarFileDependencyLocator/]: Failed to load resource META-INF/jarjar/metadata.json from obscure_api-15.jar, it does not contain dependency information.
[18Sep2024 03:30:02.795] [main/DEBUG] [net.minecraftforge.fml.loading.moddiscovery.AbstractJarFileDependencyLocator/]: Failed to load resource META-INF/jarjar/metadata.json from waystones-forge-1.19.2-11.4.2.jar, it does not contain dependency information.
[18Sep2024 03:30:02.795] [main/DEBUG] [net.minecraftforge.fml.loading.moddiscovery.AbstractJarFileDependencyLocator/]: Failed to load resource META-INF/jarjar/metadata.json from Structory_1.19.3_v1.3.1a.jar, it does not contain dependency information.
[18Sep2024 03:30:02.795] [main/DEBUG] [net.minecraftforge.fml.loading.moddiscovery.AbstractJarFileDependencyLocator/]: Failed to load resource META-INF/jarjar/metadata.json from Clumps-forge-1.19.2-9.0.0+14.jar, it does not contain dependency information.
[18Sep2024 03:30:02.795] [main/DEBUG] [net.minecraftforge.fml.loading.moddiscovery.AbstractJarFileDependencyLocator/]: Failed to load resource META-INF/jarjar/metadata.json from Decorative Blocks-forge-1.19.2-3.0.0.jar, it does not contain dependency information.
[18Sep2024 03:30:02.796] [main/DEBUG] [net.minecraftforge.fml.loading.moddiscovery.AbstractJarFileDependencyLocator/]: Failed to load resource META-INF/jarjar/metadata.json from MyServerIsCompatible-1.19-1.0.jar, it does not contain dependency information.
[18Sep2024 03:30:02.796] [main/DEBUG] [net.minecraftforge.fml.loading.moddiscovery.AbstractJarFileDependencyLocator/]: Failed to load resource META-INF/jarjar/metadata.json from DungeonCrawl-1.19-2.3.12.jar, it does not contain dependency information.
[18Sep2024 03:30:02.797] [main/DEBUG] [net.minecraftforge.fml.loading.moddiscovery.AbstractJarFileDependencyLocator/]: Failed to load resource META-INF/jarjar/metadata.json from BadMobs-1.19.2-16.1.3.jar, it does not contain dependency information.
[18Sep2024 03:30:02.797] [main/DEBUG] [net.minecraftforge.fml.loading.moddiscovery.AbstractJarFileDependencyLocator/]: Failed to load resource META-INF/jarjar/metadata.json from lazydfu-1.19-1.0.2.jar, it does not contain dependency information.
[18Sep2024 03:30:02.797] [main/DEBUG] [net.minecraftforge.fml.loading.moddiscovery.AbstractJarFileDependencyLocator/]: Failed to load resource META-INF/jarjar/metadata.json from YungsBetterDesertTemples-1.19.2-Forge-2.2.2.jar, it does not contain dependency information.
[18Sep2024 03:30:02.797] [main/DEBUG] [net.minecraftforge.fml.loading.moddiscovery.AbstractJarFileDependencyLocator/]: Failed to load resource META-INF/jarjar/metadata.json from ExplorersCompass-1.19.2-1.3.0-forge.jar, it does not contain dependency information.
[18Sep2024 03:30:02.798] [main/DEBUG] [net.minecraftforge.fml.loading.moddiscovery.AbstractJarFileDependencyLocator/]: Failed to load resource META-INF/jarjar/metadata.json from BOMD-Forge-1.19.2-1.0.6.jar, it does not contain dependency information.
[18Sep2024 03:30:02.798] [main/DEBUG] [net.minecraftforge.fml.loading.moddiscovery.AbstractJarFileDependencyLocator/]: Failed to load resource META-INF/jarjar/metadata.json from Terralith_1.19.3_v2.3.12.jar, it does not contain dependency information.
[18Sep2024 03:30:02.798] [main/DEBUG] [net.minecraftforge.fml.loading.moddiscovery.AbstractJarFileDependencyLocator/]: Failed to load resource META-INF/jarjar/metadata.json from blueprint-1.19.2-6.2.0.jar, it does not contain dependency information.
[18Sep2024 03:30:02.798] [main/DEBUG] [net.minecraftforge.fml.loading.moddiscovery.AbstractJarFileDependencyLocator/]: Failed to load resource META-INF/jarjar/metadata.json from ftb-chunks-forge-1902.4.6-build.360.jar, it does not contain dependency information.
[18Sep2024 03:30:02.799] [main/DEBUG] [net.minecraftforge.fml.loading.moddiscovery.AbstractJarFileDependencyLocator/]: Failed to load resource META-INF/jarjar/metadata.json from dungeons-and-taverns-2.0.2 forge.jar, it does not contain dependency information.
[18Sep2024 03:30:02.799] [main/DEBUG] [net.minecraftforge.fml.loading.moddiscovery.AbstractJarFileDependencyLocator/]: Failed to load resource META-INF/jarjar/metadata.json from TravelersTitles-1.19.2-Forge-3.1.2.jar, it does not contain dependency information.
[18Sep2024 03:30:02.799] [main/DEBUG] [net.minecraftforge.fml.loading.moddiscovery.AbstractJarFileDependencyLocator/]: Failed to load resource META-INF/jarjar/metadata.json from Raided-1.19.2-0.1.4.jar, it does not contain dependency information.
[18Sep2024 03:30:02.799] [main/DEBUG] [net.minecraftforge.fml.loading.moddiscovery.AbstractJarFileDependencyLocator/]: Failed to load resource META-INF/jarjar/metadata.json from meetyourfight-1.19.2-1.3.4.jar, it does not contain dependency information.
[18Sep2024 03:30:02.799] [main/DEBUG] [net.minecraftforge.fml.loading.moddiscovery.AbstractJarFileDependencyLocator/]: Failed to load resource META-INF/jarjar/metadata.json from simplyswords-forge-1.47.0-1.19.2.jar, it does not contain dependency information.
[18Sep2024 03:30:02.800] [main/DEBUG] [net.minecraftforge.fml.loading.moddiscovery.AbstractJarFileDependencyLocator/]: Failed to load resource META-INF/jarjar/metadata.json from EnchantmentDescriptions-Forge-1.19.2-13.0.14.jar, it does not contain dependency information.
[18Sep2024 03:30:02.800] [main/DEBUG] [net.minecraftforge.fml.loading.moddiscovery.AbstractJarFileDependencyLocator/]: Failed to load resource META-INF/jarjar/metadata.json from moonlight-1.19.2-2.3.7-forge.jar, it does not contain dependency information.
[18Sep2024 03:30:02.801] [main/DEBUG] [net.minecraftforge.fml.loading.moddiscovery.AbstractJarFileDependencyLocator/]: Failed to load resource META-INF/jarjar/metadata.json from ItemStages-Forge-1.19.2-5.1.4.jar, it does not contain dependency information.
[18Sep2024 03:30:02.801] [main/DEBUG] [net.minecraftforge.fml.loading.moddiscovery.AbstractJarFileDependencyLocator/]: Failed to load resource META-INF/jarjar/metadata.json from eccentrictome-1.19.2-1.10.2.jar, it does not contain dependency information.
[18Sep2024 03:30:02.801] [main/DEBUG] [net.minecraftforge.fml.loading.moddiscovery.AbstractJarFileDependencyLocator/]: Failed to load resource META-INF/jarjar/metadata.json from Jade-1.19.1-forge-8.9.2.jar, it does not contain dependency information.
[18Sep2024 03:30:02.801] [main/DEBUG] [net.minecraftforge.fml.loading.moddiscovery.AbstractJarFileDependencyLocator/]: Failed to load resource META-INF/jarjar/metadata.json from cisco_mod_8.0.jar, it does not contain dependency information.
[18Sep2024 03:30:02.802] [main/DEBUG] [net.minecraftforge.fml.loading.moddiscovery.AbstractJarFileDependencyLocator/]: Failed to load resource META-INF/jarjar/metadata.json from CullLessLeaves-Reforged-1.0.5.jar, it does not contain dependency information.
[18Sep2024 03:30:02.802] [main/DEBUG] [net.minecraftforge.fml.loading.moddiscovery.AbstractJarFileDependencyLocator/]: Failed to load resource META-INF/jarjar/metadata.json from forbidden_arcanus-1.19.2-2.1.5.jar, it does not contain dependency information.
[18Sep2024 03:30:02.802] [main/DEBUG] [net.minecraftforge.fml.loading.moddiscovery.AbstractJarFileDependencyLocator/]: Failed to load resource META-INF/jarjar/metadata.json from smoothboot(reloaded)-mc1.19.2-0.0.4.jar, it does not contain dependency information.
[18Sep2024 03:30:02.802] [main/DEBUG] [net.minecraftforge.fml.loading.moddiscovery.AbstractJarFileDependencyLocator/]: Failed to load resource META-INF/jarjar/metadata.json from NethersDelight-1.19-3.1.jar, it does not contain dependency information.
[18Sep2024 03:30:02.803] [main/DEBUG] [net.minecraftforge.fml.loading.moddiscovery.AbstractJarFileDependencyLocator/]: Failed to load resource META-INF/jarjar/metadata.json from atmospheric-1.19.2-5.1.2.jar, it does not contain dependency information.
[18Sep2024 03:30:02.803] [main/DEBUG] [net.minecraftforge.fml.loading.moddiscovery.AbstractJarFileDependencyLocator/]: Failed to load resource META-INF/jarjar/metadata.json from easy-villagers-forge-1.19.2-1.1.17.jar, it does not contain dependency information.
[18Sep2024 03:30:02.803] [main/DEBUG] [net.minecraftforge.fml.loading.moddiscovery.AbstractJarFileDependencyLocator/]: Failed to load resource META-INF/jarjar/metadata.json from Iceberg-1.19.2-forge-1.1.4.jar, it does not contain dependency information.
[18Sep2024 03:30:02.803] [main/DEBUG] [net.minecraftforge.fml.loading.moddiscovery.AbstractJarFileDependencyLocator/]: Failed to load resource META-INF/jarjar/metadata.json from brutalbosses-1.19.2-6.8.jar, it does not contain dependency information.
[18Sep2024 03:30:02.804] [main/DEBUG] [net.minecraftforge.fml.loading.moddiscovery.AbstractJarFileDependencyLocator/]: Failed to load resource META-INF/jarjar/metadata.json from StorageDrawers-1.19.2-11.4.1.jar, it does not contain dependency information.
[18Sep2024 03:30:02.804] [main/DEBUG] [net.minecraftforge.fml.loading.moddiscovery.AbstractJarFileDependencyLocator/]: Failed to load resource META-INF/jarjar/metadata.json from ars_elemental-1.19.2-0.5.9.4.1.jar, it does not contain dependency information.
[18Sep2024 03:30:02.804] [main/DEBUG] [net.minecraftforge.fml.loading.moddiscovery.AbstractJarFileDependencyLocator/]: Failed to load resource META-INF/jarjar/metadata.json from irons_spellbooks-1.19.2-3.4.0.jar, it does not contain dependency information.
[18Sep2024 03:30:02.804] [main/DEBUG] [net.minecraftforge.fml.loading.moddiscovery.AbstractJarFileDependencyLocator/]: Failed to load resource META-INF/jarjar/metadata.json from Dreamland-forge-1.19.2-1.2.0.6.jar, it does not contain dependency information.
[18Sep2024 03:30:02.805] [main/DEBUG] [net.minecraftforge.fml.loading.moddiscovery.AbstractJarFileDependencyLocator/]: Failed to load resource META-INF/jarjar/metadata.json from doespotatotick-1.19.2-4.0.2.jar, it does not contain dependency information.
[18Sep2024 03:30:02.805] [main/DEBUG] [net.minecraftforge.fml.loading.moddiscovery.AbstractJarFileDependencyLocator/]: Failed to load resource META-INF/jarjar/metadata.json from EndlessBiomes 1.4s - 1.19.2 (Server-friendly).jar, it does not contain dependency information.
[18Sep2024 03:30:02.805] [main/DEBUG] [net.minecraftforge.fml.loading.moddiscovery.AbstractJarFileDependencyLocator/]: Failed to load resource META-INF/jarjar/metadata.json from upgradedcore-1.19.2-4.1.0.1-release.jar, it does not contain dependency information.
[18Sep2024 03:30:02.805] [main/DEBUG] [net.minecraftforge.fml.loading.moddiscovery.AbstractJarFileDependencyLocator/]: Failed to load resource META-INF/jarjar/metadata.json from Wabi-Sabi-Structures-1.2.0-1.19-Forge.jar, it does not contain dependency information.
[18Sep2024 03:30:02.806] [main/DEBUG] [net.minecraftforge.fml.loading.moddiscovery.AbstractJarFileDependencyLocator/]: Failed to load resource META-INF/jarjar/metadata.json from alexsdelight-1.4.1.jar, it does not contain dependency information.
[18Sep2024 03:30:02.806] [main/DEBUG] [net.minecraftforge.fml.loading.moddiscovery.AbstractJarFileDependencyLocator/]: Failed to load resource META-INF/jarjar/metadata.json from ferritecore-5.0.3-forge.jar, it does not contain dependency information.
[18Sep2024 03:30:02.806] [main/DEBUG] [net.minecraftforge.fml.loading.moddiscovery.AbstractJarFileDependencyLocator/]: Failed to load resource META-INF/jarjar/metadata.json from majruszs-enchantments-forge-1.19.2-1.10.7-backport.1.jar, it does not contain dependency information.
[18Sep2024 03:30:02.806] [main/DEBUG] [net.minecraftforge.fml.loading.moddiscovery.AbstractJarFileDependencyLocator/]: Failed to load resource META-INF/jarjar/metadata.json from valhelsia_core-forge-1.19.2-0.5.0.jar, it does not contain dependency information.
[18Sep2024 03:30:02.807] [main/DEBUG] [net.minecraftforge.fml.loading.moddiscovery.AbstractJarFileDependencyLocator/]: Failed to load resource META-INF/jarjar/metadata.json from OverflowingBars-v4.0.1-1.19.2-Forge.jar, it does not contain dependency information.
[18Sep2024 03:30:02.807] [main/DEBUG] [net.minecraftforge.fml.loading.moddiscovery.AbstractJarFileDependencyLocator/]: Failed to load resource META-INF/jarjar/metadata.json from UndeadUnleashed-1.1.1-1.19.2.jar, it does not contain dependency information.
[18Sep2024 03:30:02.808] [main/DEBUG] [net.minecraftforge.fml.loading.moddiscovery.AbstractJarFileDependencyLocator/]: Failed to load resource META-INF/jarjar/metadata.json from mclanguage-1.19.2-43.3.0.jar, it does not contain dependency information.
[18Sep2024 03:30:02.808] [main/DEBUG] [net.minecraftforge.fml.loading.moddiscovery.AbstractJarFileDependencyLocator/]: Failed to load resource META-INF/jarjar/metadata.json from javafmllanguage-1.19.2-43.3.0.jar, it does not contain dependency information.
[18Sep2024 03:30:02.808] [main/DEBUG] [net.minecraftforge.fml.loading.moddiscovery.AbstractJarFileDependencyLocator/]: Failed to load resource META-INF/jarjar/metadata.json from fmlcore-1.19.2-43.3.0.jar, it does not contain dependency information.
[18Sep2024 03:30:02.808] [main/DEBUG] [net.minecraftforge.fml.loading.moddiscovery.AbstractJarFileDependencyLocator/]: Failed to load resource META-INF/jarjar/metadata.json from lowcodelanguage-1.19.2-43.3.0.jar, it does not contain dependency information.
[18Sep2024 03:30:02.891] [main/DEBUG] [net.minecraftforge.fml.loading.moddiscovery.ModFileParser/LOADING]: Considering mod file candidate 
[18Sep2024 03:30:02.892] [main/DEBUG] [net.minecraftforge.fml.loading.moddiscovery.ModFileInfo/LOADING]: Found valid mod file mixinextras-forge-0.3.6.jar with {mixinextras} mods - versions {0.3.6}
[18Sep2024 03:30:02.908] [main/DEBUG] [net.minecraftforge.fml.loading.moddiscovery.ModFileParser/LOADING]: Considering mod file candidate 
[18Sep2024 03:30:02.910] [main/DEBUG] [net.minecraftforge.fml.loading.moddiscovery.ModFileInfo/LOADING]: Found valid mod file spectrelib-forge-0.12.8+1.19.2.jar with {spectrelib} mods - versions {0.12.8+1.19.2}
[18Sep2024 03:30:02.914] [main/DEBUG] [net.minecraftforge.fml.loading.moddiscovery.ModFileParser/LOADING]: Considering mod file candidate 
[18Sep2024 03:30:02.915] [main/DEBUG] [net.minecraftforge.fml.loading.moddiscovery.ModFileInfo/LOADING]: Found valid mod file mixinextras-forge-0.2.1.jar with {mixinextras} mods - versions {0.2.1}
[18Sep2024 03:30:02.921] [main/DEBUG] [net.minecraftforge.fml.loading.moddiscovery.ModFileParser/LOADING]: Considering mod file candidate 
[18Sep2024 03:30:02.921] [main/DEBUG] [net.minecraftforge.fml.loading.moddiscovery.ModFileInfo/LOADING]: Found valid mod file mixinextras-forge-0.2.1-beta.2.jar with {mixinextras} mods - versions {0.2.1-beta.2}
[18Sep2024 03:30:02.922] [main/DEBUG] [net.minecraftforge.fml.loading.moddiscovery.ModFileParser/LOADING]: Considering mod file candidate 
[18Sep2024 03:30:02.923] [main/DEBUG] [net.minecraftforge.fml.loading.moddiscovery.ModFileInfo/LOADING]: Found valid mod file mixinextras-forge-0.3.6.jar with {mixinextras} mods - versions {0.3.6}
[18Sep2024 03:30:02.925] [main/DEBUG] [net.minecraftforge.fml.loading.moddiscovery.ModFileParser/LOADING]: Considering mod file candidate 
[18Sep2024 03:30:02.932] [main/DEBUG] [net.minecraftforge.fml.loading.moddiscovery.ModFileInfo/LOADING]: Found valid mod file midnightlib-1.0.0-forge.jar with {midnightlib} mods - versions {1.0.0}
[18Sep2024 03:30:02.938] [main/DEBUG] [net.minecraftforge.fml.loading.moddiscovery.ModFileParser/LOADING]: Considering mod file candidate 
[18Sep2024 03:30:02.939] [main/DEBUG] [net.minecraftforge.fml.loading.moddiscovery.ModFileInfo/LOADING]: Found valid mod file mixinextras-forge-0.2.0-beta.6.jar with {mixinextras} mods - versions {0.2.0-beta.6}
[18Sep2024 03:30:02.963] [main/DEBUG] [net.minecraftforge.fml.loading.moddiscovery.ModFileParser/LOADING]: Considering mod file candidate 
[18Sep2024 03:30:02.964] [main/DEBUG] [net.minecraftforge.fml.loading.moddiscovery.ModFileInfo/LOADING]: Found valid mod file mixinextras-forge-0.2.1.jar with {mixinextras} mods - versions {0.2.1}
[18Sep2024 03:30:02.968] [main/DEBUG] [net.minecraftforge.fml.loading.moddiscovery.ModFileParser/LOADING]: Considering mod file candidate 
[18Sep2024 03:30:02.972] [main/DEBUG] [net.minecraftforge.fml.loading.moddiscovery.ModFileInfo/LOADING]: Found valid mod file mixinextras-forge-0.2.0-beta.9.jar with {mixinextras} mods - versions {0.2.0-beta.9}
[18Sep2024 03:30:02.974] [main/DEBUG] [net.minecraftforge.fml.loading.moddiscovery.ModFileParser/LOADING]: Considering mod file candidate 
[18Sep2024 03:30:02.974] [main/DEBUG] [net.minecraftforge.fml.loading.moddiscovery.ModFileInfo/LOADING]: Found valid mod file additionalentityattributes-forge-1.19-1.0.1+1.19.jar with {additionalentityattributes} mods - versions {1.0.1+1.19}
[18Sep2024 03:30:02.978] [main/DEBUG] [net.minecraftforge.fml.loading.moddiscovery.ModFileParser/LOADING]: Considering mod file candidate 
[18Sep2024 03:30:02.979] [main/DEBUG] [net.minecraftforge.fml.loading.moddiscovery.ModFileInfo/LOADING]: Found valid mod file calio-forge-1.19.2-1.7.0.4.jar with {calio} mods - versions {1.19.2-1.7.0.4}
[18Sep2024 03:30:03.014] [main/DEBUG] [net.minecraftforge.fml.loading.moddiscovery.ModFileParser/LOADING]: Considering mod file candidate 
[18Sep2024 03:30:03.016] [main/DEBUG] [net.minecraftforge.fml.loading.moddiscovery.ModFileInfo/LOADING]: Found valid mod file apoli-forge-1.19.2-2.6.1.7.jar with {apoli} mods - versions {1.19.2-2.6.1.7}
[18Sep2024 03:30:03.018] [main/DEBUG] [net.minecraftforge.fml.loading.moddiscovery.ModFileParser/LOADING]: Considering mod file candidate 
[18Sep2024 03:30:03.019] [main/DEBUG] [net.minecraftforge.fml.loading.moddiscovery.ModFileInfo/LOADING]: Found valid mod file mixinextras-forge-0.2.0-rc.2.jar with {mixinextras} mods - versions {0.2.0-rc.2}
[18Sep2024 03:30:03.022] [main/DEBUG] [net.minecraftforge.fml.loading.moddiscovery.ModFileParser/LOADING]: Considering mod file candidate 
[18Sep2024 03:30:03.022] [main/DEBUG] [net.minecraftforge.fml.loading.moddiscovery.ModFileInfo/LOADING]: Found valid mod file mixinextras-forge-0.3.2.jar with {mixinextras} mods - versions {0.3.2}
[18Sep2024 03:30:03.024] [main/DEBUG] [net.minecraftforge.fml.loading.moddiscovery.ModFileParser/LOADING]: Considering mod file candidate 
[18Sep2024 03:30:03.024] [main/DEBUG] [net.minecraftforge.fml.loading.moddiscovery.ModFileInfo/LOADING]: Found valid mod file mixinsquared-forge-0.1.2-beta.6.jar with {mixinsquared} mods - versions {0.1.2-beta.6}
[18Sep2024 03:30:03.028] [main/DEBUG] [net.minecraftforge.fml.loading.moddiscovery.ModFileParser/LOADING]: Considering mod file candidate 
[18Sep2024 03:30:03.029] [main/DEBUG] [net.minecraftforge.fml.loading.moddiscovery.ModFileInfo/LOADING]: Found valid mod file apexcore-1.19.2-7.3.1.jar with {apexcore} mods - versions {7.3.1}
[18Sep2024 03:30:03.031] [main/DEBUG] [net.minecraftforge.fml.loading.moddiscovery.ModFileParser/LOADING]: Considering mod file candidate 
[18Sep2024 03:30:03.032] [main/DEBUG] [net.minecraftforge.fml.loading.moddiscovery.ModFileInfo/LOADING]: Found valid mod file mixinextras-forge-0.2.0-beta.9.jar with {mixinextras} mods - versions {0.2.0-beta.9}
[18Sep2024 03:30:03.037] [main/DEBUG] [net.minecraftforge.fml.loading.moddiscovery.ModFileParser/LOADING]: Considering mod file candidate 
[18Sep2024 03:30:03.038] [main/DEBUG] [net.minecraftforge.fml.loading.moddiscovery.ModFileInfo/LOADING]: Found valid mod file nitrogen_internals-1.19.2-1.0.3-forge.jar with {nitrogen_internals} mods - versions {1.19.2-1.0.3-forge}
[18Sep2024 03:30:03.043] [main/DEBUG] [net.minecraftforge.fml.loading.moddiscovery.ModFileParser/LOADING]: Considering mod file candidate 
[18Sep2024 03:30:03.045] [main/DEBUG] [net.minecraftforge.fml.loading.moddiscovery.ModFileInfo/LOADING]: Found valid mod file cumulus_menus-1.19.2-1.0.0-forge.jar with {cumulus_menus} mods - versions {1.19.2-1.0.0-forge}
[18Sep2024 03:30:03.049] [main/DEBUG] [net.minecraftforge.fml.loading.moddiscovery.ModFileParser/LOADING]: Considering mod file candidate 
[18Sep2024 03:30:03.051] [main/DEBUG] [net.minecraftforge.fml.loading.moddiscovery.ModFileInfo/LOADING]: Found valid mod file curios-forge-1.19.2-5.1.4.1.jar with {curios} mods - versions {1.19.2-5.1.4.1}
[18Sep2024 03:30:03.058] [main/DEBUG] [net.minecraftforge.fml.loading.moddiscovery.AbstractJarFileDependencyLocator/]: Failed to load resource META-INF/jarjar/metadata.json from Reflect-1.3.4.jar, it does not contain dependency information.
[18Sep2024 03:30:03.058] [main/DEBUG] [net.minecraftforge.fml.loading.moddiscovery.AbstractJarFileDependencyLocator/]: Failed to load resource META-INF/jarjar/metadata.json from spectrelib-forge-0.12.8+1.19.2.jar, it does not contain dependency information.
[18Sep2024 03:30:03.077] [main/DEBUG] [net.minecraftforge.fml.loading.moddiscovery.AbstractJarFileDependencyLocator/]: Failed to load resource META-INF/jarjar/metadata.json from midnightlib-1.0.0-forge.jar, it does not contain dependency information.
[18Sep2024 03:30:03.081] [main/DEBUG] [net.minecraftforge.fml.loading.moddiscovery.AbstractJarFileDependencyLocator/]: Failed to load resource META-INF/jarjar/metadata.json from jankson-1.2.1.jar, it does not contain dependency information.
[18Sep2024 03:30:03.081] [main/DEBUG] [net.minecraftforge.fml.loading.moddiscovery.AbstractJarFileDependencyLocator/]: Failed to load resource META-INF/jarjar/metadata.json from json-path-2.9.0.jar, it does not contain dependency information.
[18Sep2024 03:30:03.086] [main/DEBUG] [net.minecraftforge.fml.loading.moddiscovery.AbstractJarFileDependencyLocator/]: Failed to load resource META-INF/jarjar/metadata.json from jankson-1.2.1.jar, it does not contain dependency information.
[18Sep2024 03:30:03.091] [main/DEBUG] [net.minecraftforge.fml.loading.moddiscovery.AbstractJarFileDependencyLocator/]: Failed to load resource META-INF/jarjar/metadata.json from additionalentityattributes-forge-1.19-1.0.1+1.19.jar, it does not contain dependency information.
[18Sep2024 03:30:03.092] [main/DEBUG] [net.minecraftforge.fml.loading.moddiscovery.AbstractJarFileDependencyLocator/]: Failed to load resource META-INF/jarjar/metadata.json from calio-forge-1.19.2-1.7.0.4.jar, it does not contain dependency information.
[18Sep2024 03:30:03.092] [main/DEBUG] [net.minecraftforge.fml.loading.moddiscovery.AbstractJarFileDependencyLocator/]: Failed to load resource META-INF/jarjar/metadata.json from apoli-forge-1.19.2-2.6.1.7.jar, it does not contain dependency information.
[18Sep2024 03:30:03.120] [main/DEBUG] [net.minecraftforge.fml.loading.moddiscovery.ModFileParser/LOADING]: Considering mod file candidate 
[18Sep2024 03:30:03.132] [main/DEBUG] [net.minecraftforge.fml.loading.moddiscovery.ModFileInfo/LOADING]: Found valid mod file commonality-1.19.2-4.2.1.jar with {commonality} mods - versions {4.2.1}
[18Sep2024 03:30:03.136] [main/DEBUG] [net.minecraftforge.fml.loading.moddiscovery.AbstractJarFileDependencyLocator/]: Failed to load resource META-INF/jarjar/metadata.json from nitrogen_internals-1.19.2-1.0.3-forge.jar, it does not contain dependency information.
[18Sep2024 03:30:03.137] [main/DEBUG] [net.minecraftforge.fml.loading.moddiscovery.AbstractJarFileDependencyLocator/]: Failed to load resource META-INF/jarjar/metadata.json from cumulus_menus-1.19.2-1.0.0-forge.jar, it does not contain dependency information.
[18Sep2024 03:30:03.137] [main/DEBUG] [net.minecraftforge.fml.loading.moddiscovery.AbstractJarFileDependencyLocator/]: Failed to load resource META-INF/jarjar/metadata.json from curios-forge-1.19.2-5.1.4.1.jar, it does not contain dependency information.
[18Sep2024 03:30:03.137] [main/DEBUG] [net.minecraftforge.fml.loading.moddiscovery.AbstractJarFileDependencyLocator/]: Failed to load resource META-INF/jarjar/metadata.json from MixinExtras-0.3.6.jar, it does not contain dependency information.
[18Sep2024 03:30:03.138] [main/DEBUG] [net.minecraftforge.fml.loading.moddiscovery.AbstractJarFileDependencyLocator/]: Failed to load resource META-INF/jarjar/metadata.json from MixinExtras-0.2.1.jar, it does not contain dependency information.
[18Sep2024 03:30:03.138] [main/DEBUG] [net.minecraftforge.fml.loading.moddiscovery.AbstractJarFileDependencyLocator/]: Failed to load resource META-INF/jarjar/metadata.json from MixinExtras-0.2.1-beta.2.jar, it does not contain dependency information.
[18Sep2024 03:30:03.138] [main/DEBUG] [net.minecraftforge.fml.loading.moddiscovery.AbstractJarFileDependencyLocator/]: Failed to load resource META-INF/jarjar/metadata.json from MixinExtras-0.3.6.jar, it does not contain dependency information.
[18Sep2024 03:30:03.138] [main/DEBUG] [net.minecraftforge.fml.loading.moddiscovery.AbstractJarFileDependencyLocator/]: Failed to load resource META-INF/jarjar/metadata.json from MixinExtras-0.2.0-beta.6.jar, it does not contain dependency information.
[18Sep2024 03:30:03.139] [main/DEBUG] [net.minecraftforge.fml.loading.moddiscovery.AbstractJarFileDependencyLocator/]: Failed to load resource META-INF/jarjar/metadata.json from MixinExtras-0.2.1.jar, it does not contain dependency information.
[18Sep2024 03:30:03.139] [main/DEBUG] [net.minecraftforge.fml.loading.moddiscovery.AbstractJarFileDependencyLocator/]: Failed to load resource META-INF/jarjar/metadata.json from MixinExtras-0.2.0-beta.9.jar, it does not contain dependency information.
[18Sep2024 03:30:03.140] [main/DEBUG] [net.minecraftforge.fml.loading.moddiscovery.AbstractJarFileDependencyLocator/]: Failed to load resource META-INF/jarjar/metadata.json from MixinExtras-0.2.0-rc.2.jar, it does not contain dependency information.
[18Sep2024 03:30:03.140] [main/DEBUG] [net.minecraftforge.fml.loading.moddiscovery.AbstractJarFileDependencyLocator/]: Failed to load resource META-INF/jarjar/metadata.json from MixinExtras-0.3.2.jar, it does not contain dependency information.
[18Sep2024 03:30:03.140] [main/DEBUG] [net.minecraftforge.fml.loading.moddiscovery.AbstractJarFileDependencyLocator/]: Failed to load resource META-INF/jarjar/metadata.json from MixinSquared-0.1.2-beta.6.jar, it does not contain dependency information.
[18Sep2024 03:30:03.140] [main/DEBUG] [net.minecraftforge.fml.loading.moddiscovery.AbstractJarFileDependencyLocator/]: Failed to load resource META-INF/jarjar/metadata.json from Registrate-MC1.19-1.1.5.jar, it does not contain dependency information.
[18Sep2024 03:30:03.141] [main/DEBUG] [net.minecraftforge.fml.loading.moddiscovery.AbstractJarFileDependencyLocator/]: Failed to load resource META-INF/jarjar/metadata.json from MixinExtras-0.2.0-beta.9.jar, it does not contain dependency information.
[18Sep2024 03:30:03.211] [main/DEBUG] [net.minecraftforge.fml.loading.moddiscovery.ModFileParser/LOADING]: Considering mod file candidate 
[18Sep2024 03:30:03.225] [main/DEBUG] [net.minecraftforge.fml.loading.moddiscovery.ModFileInfo/LOADING]: Found valid mod file cumulus_menus-1.19.2-1.0.0-forge.jar with {cumulus_menus} mods - versions {1.19.2-1.0.0-forge}
[18Sep2024 03:30:03.227] [main/DEBUG] [net.minecraftforge.fml.loading.moddiscovery.ModFileParser/LOADING]: Considering mod file candidate 
[18Sep2024 03:30:03.229] [main/DEBUG] [net.minecraftforge.fml.loading.moddiscovery.ModFileInfo/LOADING]: Found valid mod file mixinextras-forge-0.2.0-beta.9.jar with {mixinextras} mods - versions {0.2.0-beta.9}
[18Sep2024 03:30:03.233] [main/DEBUG] [net.minecraftforge.fml.loading.moddiscovery.ModFileParser/LOADING]: Considering mod file candidate 
[18Sep2024 03:30:03.241] [main/DEBUG] [net.minecraftforge.fml.loading.moddiscovery.ModFileInfo/LOADING]: Found valid mod file spectrelib-forge-0.12.8+1.19.2.jar with {spectrelib} mods - versions {0.12.8+1.19.2}
[18Sep2024 03:30:03.244] [main/DEBUG] [net.minecraftforge.fml.loading.moddiscovery.ModFileParser/LOADING]: Considering mod file candidate 
[18Sep2024 03:30:03.245] [main/DEBUG] [net.minecraftforge.fml.loading.moddiscovery.ModFileInfo/LOADING]: Found valid mod file commonality-1.19.2-4.2.1.jar with {commonality} mods - versions {4.2.1}
[18Sep2024 03:30:03.246] [main/DEBUG] [net.minecraftforge.fml.loading.moddiscovery.ModFileParser/LOADING]: Considering mod file candidate 
[18Sep2024 03:30:03.247] [main/DEBUG] [net.minecraftforge.fml.loading.moddiscovery.ModFileInfo/LOADING]: Found valid mod file additionalentityattributes-forge-1.19-1.0.1+1.19.jar with {additionalentityattributes} mods - versions {1.0.1+1.19}
[18Sep2024 03:30:03.252] [main/DEBUG] [net.minecraftforge.fml.loading.moddiscovery.ModFileParser/LOADING]: Considering mod file candidate 
[18Sep2024 03:30:03.261] [main/DEBUG] [net.minecraftforge.fml.loading.moddiscovery.ModFileInfo/LOADING]: Found valid mod file calio-forge-1.19.2-1.7.0.4.jar with {calio} mods - versions {1.19.2-1.7.0.4}
[18Sep2024 03:30:03.265] [main/DEBUG] [net.minecraftforge.fml.loading.moddiscovery.ModFileParser/LOADING]: Considering mod file candidate 
[18Sep2024 03:30:03.269] [main/DEBUG] [net.minecraftforge.fml.loading.moddiscovery.ModFileInfo/LOADING]: Found valid mod file curios-forge-1.19.2-5.1.4.1.jar with {curios} mods - versions {1.19.2-5.1.4.1}
[18Sep2024 03:30:03.290] [main/DEBUG] [net.minecraftforge.fml.loading.moddiscovery.ModFileParser/LOADING]: Considering mod file candidate 
[18Sep2024 03:30:03.300] [main/DEBUG] [net.minecraftforge.fml.loading.moddiscovery.ModFileInfo/LOADING]: Found valid mod file mixinextras-forge-0.3.6.jar with {mixinextras} mods - versions {0.3.6}
[18Sep2024 03:30:03.304] [main/DEBUG] [net.minecraftforge.fml.loading.moddiscovery.ModFileParser/LOADING]: Considering mod file candidate 
[18Sep2024 03:30:03.305] [main/DEBUG] [net.minecraftforge.fml.loading.moddiscovery.ModFileInfo/LOADING]: Found valid mod file apexcore-1.19.2-7.3.1.jar with {apexcore} mods - versions {7.3.1}
[18Sep2024 03:30:03.308] [main/DEBUG] [net.minecraftforge.fml.loading.moddiscovery.ModFileParser/LOADING]: Considering mod file candidate 
[18Sep2024 03:30:03.309] [main/DEBUG] [net.minecraftforge.fml.loading.moddiscovery.ModFileInfo/LOADING]: Found valid mod file midnightlib-1.0.0-forge.jar with {midnightlib} mods - versions {1.0.0}
[18Sep2024 03:30:03.340] [main/DEBUG] [net.minecraftforge.fml.loading.moddiscovery.ModFileParser/LOADING]: Considering mod file candidate 
[18Sep2024 03:30:03.341] [main/DEBUG] [net.minecraftforge.fml.loading.moddiscovery.ModFileInfo/LOADING]: Found valid mod file apoli-forge-1.19.2-2.6.1.7.jar with {apoli} mods - versions {1.19.2-2.6.1.7}
[18Sep2024 03:30:03.354] [main/DEBUG] [net.minecraftforge.fml.loading.moddiscovery.ModFileParser/LOADING]: Considering mod file candidate 
[18Sep2024 03:30:03.355] [main/DEBUG] [net.minecraftforge.fml.loading.moddiscovery.ModFileInfo/LOADING]: Found valid mod file mixinsquared-forge-0.1.2-beta.6.jar with {mixinsquared} mods - versions {0.1.2-beta.6}
[18Sep2024 03:30:03.359] [main/DEBUG] [net.minecraftforge.fml.loading.moddiscovery.ModFileParser/LOADING]: Considering mod file candidate 
[18Sep2024 03:30:03.365] [main/DEBUG] [net.minecraftforge.fml.loading.moddiscovery.ModFileInfo/LOADING]: Found valid mod file nitrogen_internals-1.19.2-1.0.3-forge.jar with {nitrogen_internals} mods - versions {1.19.2-1.0.3-forge}
[18Sep2024 03:30:03.367] [main/WARN] [net.minecraftforge.jarjar.selection.JarSelector/]: Attempted to select two dependency jars from JarJar which have the same identification: Mod File:  and Mod File: . Using Mod File: 
[18Sep2024 03:30:03.386] [main/WARN] [net.minecraftforge.jarjar.selection.JarSelector/]: Attempted to select a dependency jar for JarJar which was passed in as source: curios. Using Mod File: /workspaces/Mamaron-/servidor_minecraft/mods/curios-forge-1.19.2-5.1.6.3.jar
[18Sep2024 03:30:03.387] [main/INFO] [net.minecraftforge.fml.loading.moddiscovery.JarInJarDependencyLocator/]: Found 17 dependencies adding them to mods collection
[18Sep2024 03:30:03.396] [main/DEBUG] [net.minecraftforge.fml.loading.moddiscovery.ModFileParser/LOADING]: Considering mod file candidate /workspaces/Mamaron-/servidor_minecraft/mods/saturn-mc1.19.2-0.1.4.jar
[18Sep2024 03:30:03.399] [main/DEBUG] [net.minecraftforge.fml.loading.moddiscovery.ModFileInfo/LOADING]: Found valid mod file saturn-mc1.19.2-0.1.4.jar with {saturn} mods - versions {0.1.4}
[18Sep2024 03:30:03.413] [main/DEBUG] [net.minecraftforge.fml.loading.moddiscovery.ModFile/LOADING]: Loading mod file /workspaces/Mamaron-/servidor_minecraft/mods/saturn-mc1.19.2-0.1.4.jar with languages [LanguageSpec[languageName=javafml, acceptedVersions=[43,)]]
[18Sep2024 03:30:03.414] [main/DEBUG] [net.minecraftforge.fml.loading.moddiscovery.ModFileParser/LOADING]: Considering mod file candidate /workspaces/Mamaron-/servidor_minecraft/mods/kubejs-forge-1902.6.2-build.73.jar
[18Sep2024 03:30:03.415] [main/DEBUG] [net.minecraftforge.fml.loading.moddiscovery.ModFileInfo/LOADING]: Found valid mod file kubejs-forge-1902.6.2-build.73.jar with {kubejs} mods - versions {1902.6.2-build.73}
[18Sep2024 03:30:03.415] [main/DEBUG] [net.minecraftforge.fml.loading.moddiscovery.ModFile/LOADING]: Loading mod file /workspaces/Mamaron-/servidor_minecraft/mods/kubejs-forge-1902.6.2-build.73.jar with languages [LanguageSpec[languageName=javafml, acceptedVersions=[40,)]]
[18Sep2024 03:30:03.415] [main/DEBUG] [net.minecraftforge.fml.loading.moddiscovery.ModFileParser/LOADING]: Considering mod file candidate /workspaces/Mamaron-/servidor_minecraft/mods/YungsBetterDungeons-1.19.2-Forge-3.2.2.jar
[18Sep2024 03:30:03.415] [main/DEBUG] [net.minecraftforge.fml.loading.moddiscovery.ModFileInfo/LOADING]: Found valid mod file YungsBetterDungeons-1.19.2-Forge-3.2.2.jar with {betterdungeons} mods - versions {1.19.2-Forge-3.2.2}
[18Sep2024 03:30:03.415] [main/DEBUG] [net.minecraftforge.fml.loading.moddiscovery.ModFile/LOADING]: Loading mod file /workspaces/Mamaron-/servidor_minecraft/mods/YungsBetterDungeons-1.19.2-Forge-3.2.2.jar with languages [LanguageSpec[languageName=javafml, acceptedVersions=[43,)]]
[18Sep2024 03:30:03.416] [main/DEBUG] [net.minecraftforge.fml.loading.moddiscovery.ModFileParser/LOADING]: Considering mod file candidate /workspaces/Mamaron-/servidor_minecraft/mods/alexsmobs-1.21.1.jar
[18Sep2024 03:30:03.416] [main/DEBUG] [net.minecraftforge.fml.loading.moddiscovery.ModFileInfo/LOADING]: Found valid mod file alexsmobs-1.21.1.jar with {alexsmobs} mods - versions {1.21.1}
[18Sep2024 03:30:03.416] [main/DEBUG] [net.minecraftforge.fml.loading.moddiscovery.ModFile/LOADING]: Loading mod file /workspaces/Mamaron-/servidor_minecraft/mods/alexsmobs-1.21.1.jar with languages [LanguageSpec[languageName=javafml, acceptedVersions=[42,)]]
[18Sep2024 03:30:03.416] [main/DEBUG] [net.minecraftforge.fml.loading.moddiscovery.ModFileParser/LOADING]: Considering mod file candidate 
[18Sep2024 03:30:03.417] [main/DEBUG] [net.minecraftforge.fml.loading.moddiscovery.ModFileInfo/LOADING]: Found valid mod file additionalentityattributes-forge-1.19-1.0.1+1.19.jar with {additionalentityattributes} mods - versions {1.0.1+1.19}
[18Sep2024 03:30:03.417] [main/DEBUG] [net.minecraftforge.fml.loading.moddiscovery.ModFile/LOADING]: Loading mod file  with languages [LanguageSpec[languageName=javafml, acceptedVersions=[41,)]]
[18Sep2024 03:30:03.419] [main/DEBUG] [net.minecraftforge.fml.loading.moddiscovery.ModFileParser/LOADING]: Found coremod aea_water_speed with Javascript path coremods/aea_water_speed.js
[18Sep2024 03:30:03.419] [main/DEBUG] [net.minecraftforge.fml.loading.moddiscovery.ModFile/LOADING]: Found coremod coremods/aea_water_speed.js
[18Sep2024 03:30:03.419] [main/DEBUG] [net.minecraftforge.fml.loading.moddiscovery.ModFileParser/LOADING]: Considering mod file candidate /workspaces/Mamaron-/servidor_minecraft/mods/origins-accessbilities-1.19.2-1.1.1.jar
[18Sep2024 03:30:03.420] [main/DEBUG] [net.minecraftforge.fml.loading.moddiscovery.ModFileInfo/LOADING]: Found valid mod file origins-accessbilities-1.19.2-1.1.1.jar with {oriacs} mods - versions {1.1.0}
[18Sep2024 03:30:03.420] [main/DEBUG] [net.minecraftforge.fml.loading.moddiscovery.ModFile/LOADING]: Loading mod file /workspaces/Mamaron-/servidor_minecraft/mods/origins-accessbilities-1.19.2-1.1.1.jar with languages [LanguageSpec[languageName=javafml, acceptedVersions=[43,)]]
[18Sep2024 03:30:03.420] [main/DEBUG] [net.minecraftforge.fml.loading.moddiscovery.ModFileParser/LOADING]: Considering mod file candidate /workspaces/Mamaron-/servidor_minecraft/mods/player-animation-lib-forge-1.0.2.jar
[18Sep2024 03:30:03.421] [main/DEBUG] [net.minecraftforge.fml.loading.moddiscovery.ModFileInfo/LOADING]: Found valid mod file player-animation-lib-forge-1.0.2.jar with {playeranimator} mods - versions {1.0.2}
[18Sep2024 03:30:03.422] [main/DEBUG] [net.minecraftforge.fml.loading.moddiscovery.ModFile/LOADING]: Loading mod file /workspaces/Mamaron-/servidor_minecraft/mods/player-animation-lib-forge-1.0.2.jar with languages [LanguageSpec[languageName=javafml, acceptedVersions=[37.1.1,)]]
[18Sep2024 03:30:03.422] [main/DEBUG] [net.minecraftforge.fml.loading.moddiscovery.ModFileParser/LOADING]: Considering mod file candidate /workspaces/Mamaron-/servidor_minecraft/mods/majruszs-difficulty-forge-1.19.2-1.9.9-backport.1.jar
[18Sep2024 03:30:03.422] [main/DEBUG] [net.minecraftforge.fml.loading.moddiscovery.ModFileInfo/LOADING]: Found valid mod file majruszs-difficulty-forge-1.19.2-1.9.9-backport.1.jar with {majruszsdifficulty} mods - versions {1.9.9-backport.1}
[18Sep2024 03:30:03.422] [main/DEBUG] [net.minecraftforge.fml.loading.moddiscovery.ModFile/LOADING]: Loading mod file /workspaces/Mamaron-/servidor_minecraft/mods/majruszs-difficulty-forge-1.19.2-1.9.9-backport.1.jar with languages [LanguageSpec[languageName=javafml, acceptedVersions=[43,)]]
[18Sep2024 03:30:03.423] [main/DEBUG] [net.minecraftforge.fml.loading.moddiscovery.ModFileParser/LOADING]: Considering mod file candidate /workspaces/Mamaron-/servidor_minecraft/mods/Entity_Collision_FPS_Fix-forge-1.19-2.0.0.0.jar
[18Sep2024 03:30:03.423] [main/DEBUG] [net.minecraftforge.fml.loading.moddiscovery.ModFileInfo/LOADING]: Found valid mod file Entity_Collision_FPS_Fix-forge-1.19-2.0.0.0.jar with {entitycollisionfpsfix} mods - versions {2.0.0.0}
[18Sep2024 03:30:03.424] [main/DEBUG] [net.minecraftforge.fml.loading.moddiscovery.ModFile/LOADING]: Loading mod file /workspaces/Mamaron-/servidor_minecraft/mods/Entity_Collision_FPS_Fix-forge-1.19-2.0.0.0.jar with languages [LanguageSpec[languageName=javafml, acceptedVersions=[40,)]]
[18Sep2024 03:30:03.424] [main/DEBUG] [net.minecraftforge.fml.loading.moddiscovery.ModFileParser/LOADING]: Considering mod file candidate /workspaces/Mamaron-/servidor_minecraft/mods/nerb-1.19.2-0.3-FORGE.jar
[18Sep2024 03:30:03.428] [main/DEBUG] [net.minecraftforge.fml.loading.moddiscovery.ModFileInfo/LOADING]: Found valid mod file nerb-1.19.2-0.3-FORGE.jar with {nerb} mods - versions {0.3}
[18Sep2024 03:30:03.428] [main/DEBUG] [net.minecraftforge.fml.loading.moddiscovery.ModFile/LOADING]: Loading mod file /workspaces/Mamaron-/servidor_minecraft/mods/nerb-1.19.2-0.3-FORGE.jar with languages [LanguageSpec[languageName=javafml, acceptedVersions=[43,)]]
[18Sep2024 03:30:03.428] [main/DEBUG] [net.minecraftforge.fml.loading.moddiscovery.ModFileParser/LOADING]: Considering mod file candidate 
[18Sep2024 03:30:03.429] [main/DEBUG] [net.minecraftforge.fml.loading.moddiscovery.ModFileInfo/LOADING]: Found valid mod file apoli-forge-1.19.2-2.6.1.7.jar with {apoli} mods - versions {1.19.2-2.6.1.7}
[18Sep2024 03:30:03.429] [main/DEBUG] [net.minecraftforge.fml.loading.moddiscovery.ModFile/LOADING]: Loading mod file  with languages [LanguageSpec[languageName=javafml, acceptedVersions=[39,)]]
[18Sep2024 03:30:03.429] [main/DEBUG] [net.minecraftforge.fml.loading.moddiscovery.ModFileParser/LOADING]: Found coremod prevent_armor_equip with Javascript path coremods/apoli.js
[18Sep2024 03:30:03.429] [main/DEBUG] [net.minecraftforge.fml.loading.moddiscovery.ModFile/LOADING]: Found coremod coremods/apoli.js
[18Sep2024 03:30:03.429] [main/DEBUG] [net.minecraftforge.fml.loading.moddiscovery.ModFileParser/LOADING]: Considering mod file candidate /workspaces/Mamaron-/servidor_minecraft/mods/stalwart-dungeons-1.19.2-1.2.8.jar
[18Sep2024 03:30:03.430] [main/DEBUG] [net.minecraftforge.fml.loading.moddiscovery.ModFileInfo/LOADING]: Found valid mod file stalwart-dungeons-1.19.2-1.2.8.jar with {stalwart_dungeons} mods - versions {1.2.8}
[18Sep2024 03:30:03.430] [main/DEBUG] [net.minecraftforge.fml.loading.moddiscovery.ModFile/LOADING]: Loading mod file /workspaces/Mamaron-/servidor_minecraft/mods/stalwart-dungeons-1.19.2-1.2.8.jar with languages [LanguageSpec[languageName=javafml, acceptedVersions=[43,)]]
[18Sep2024 03:30:03.430] [main/DEBUG] [net.minecraftforge.fml.loading.moddiscovery.ModFileParser/LOADING]: Considering mod file candidate /workspaces/Mamaron-/servidor_minecraft/mods/rubidium-mc1.19.2-0.6.2c.jar
[18Sep2024 03:30:03.430] [main/DEBUG] [net.minecraftforge.fml.loading.moddiscovery.ModFileInfo/LOADING]: Found valid mod file rubidium-mc1.19.2-0.6.2c.jar with {rubidium} mods - versions {0.6.2c}
[18Sep2024 03:30:03.430] [main/DEBUG] [net.minecraftforge.fml.loading.moddiscovery.ModFile/LOADING]: Loading mod file /workspaces/Mamaron-/servidor_minecraft/mods/rubidium-mc1.19.2-0.6.2c.jar with languages [LanguageSpec[languageName=javafml, acceptedVersions=[39,)]]
[18Sep2024 03:30:03.430] [main/DEBUG] [net.minecraftforge.fml.loading.moddiscovery.ModFileParser/LOADING]: Considering mod file candidate /workspaces/Mamaron-/servidor_minecraft/mods/doapi-1.1.0b.jar
[18Sep2024 03:30:03.431] [main/DEBUG] [net.minecraftforge.fml.loading.moddiscovery.ModFileInfo/LOADING]: Found valid mod file doapi-1.1.0b.jar with {doapi,terraform} mods - versions {1.1.0b,4.2.0}
[18Sep2024 03:30:03.431] [main/DEBUG] [net.minecraftforge.fml.loading.moddiscovery.ModFile/LOADING]: Loading mod file /workspaces/Mamaron-/servidor_minecraft/mods/doapi-1.1.0b.jar with languages [LanguageSpec[languageName=javafml, acceptedVersions=[43,)]]
[18Sep2024 03:30:03.431] [main/DEBUG] [net.minecraftforge.fml.loading.moddiscovery.ModFileParser/LOADING]: Considering mod file candidate /workspaces/Mamaron-/servidor_minecraft/mods/NaNny-1.0.1.jar
[18Sep2024 03:30:03.431] [main/DEBUG] [net.minecraftforge.fml.loading.moddiscovery.ModFileInfo/LOADING]: Found valid mod file NaNny-1.0.1.jar with {nanny} mods - versions {1.0.1}
[18Sep2024 03:30:03.431] [main/DEBUG] [net.minecraftforge.fml.loading.moddiscovery.ModFile/LOADING]: Loading mod file /workspaces/Mamaron-/servidor_minecraft/mods/NaNny-1.0.1.jar with languages [LanguageSpec[languageName=javafml, acceptedVersions=[43,)]]
[18Sep2024 03:30:03.431] [main/DEBUG] [net.minecraftforge.fml.loading.moddiscovery.ModFileParser/LOADING]: Considering mod file candidate /workspaces/Mamaron-/servidor_minecraft/mods/modernfix-forge-5.18.0+mc1.19.2.jar
[18Sep2024 03:30:03.432] [main/DEBUG] [net.minecraftforge.fml.loading.moddiscovery.ModFileInfo/LOADING]: Found valid mod file modernfix-forge-5.18.0+mc1.19.2.jar with {modernfix} mods - versions {5.18.0+mc1.19.2}
[18Sep2024 03:30:03.432] [main/DEBUG] [net.minecraftforge.fml.loading.moddiscovery.ModFile/LOADING]: Loading mod file /workspaces/Mamaron-/servidor_minecraft/mods/modernfix-forge-5.18.0+mc1.19.2.jar with languages [LanguageSpec[languageName=javafml, acceptedVersions=[43,)]]
[18Sep2024 03:30:03.432] [main/DEBUG] [net.minecraftforge.fml.loading.moddiscovery.ModFileParser/LOADING]: Considering mod file candidate /workspaces/Mamaron-/servidor_minecraft/mods/GatewaysToEternity-1.19.2-3.2.3.jar
[18Sep2024 03:30:03.432] [main/DEBUG] [net.minecraftforge.fml.loading.moddiscovery.ModFileInfo/LOADING]: Found valid mod file GatewaysToEternity-1.19.2-3.2.3.jar with {gateways} mods - versions {3.2.3}
[18Sep2024 03:30:03.433] [main/DEBUG] [net.minecraftforge.fml.loading.moddiscovery.ModFile/LOADING]: Loading mod file /workspaces/Mamaron-/servidor_minecraft/mods/GatewaysToEternity-1.19.2-3.2.3.jar with languages [LanguageSpec[languageName=javafml, acceptedVersions=[32,)]]
[18Sep2024 03:30:03.436] [main/DEBUG] [net.minecraftforge.fml.loading.moddiscovery.ModFileParser/LOADING]: Considering mod file candidate /workspaces/Mamaron-/servidor_minecraft/mods/YungsApi-1.19.2-Forge-3.8.10.jar
[18Sep2024 03:30:03.436] [main/DEBUG] [net.minecraftforge.fml.loading.moddiscovery.ModFileInfo/LOADING]: Found valid mod file YungsApi-1.19.2-Forge-3.8.10.jar with {yungsapi} mods - versions {1.19.2-Forge-3.8.10}
[18Sep2024 03:30:03.436] [main/DEBUG] [net.minecraftforge.fml.loading.moddiscovery.ModFile/LOADING]: Loading mod file /workspaces/Mamaron-/servidor_minecraft/mods/YungsApi-1.19.2-Forge-3.8.10.jar with languages [LanguageSpec[languageName=javafml, acceptedVersions=[43,)]]
[18Sep2024 03:30:03.436] [main/DEBUG] [net.minecraftforge.fml.loading.moddiscovery.ModFileParser/LOADING]: Considering mod file candidate /workspaces/Mamaron-/servidor_minecraft/mods/MaxHealthFix-Forge-1.19.2-8.0.2.jar
[18Sep2024 03:30:03.436] [main/DEBUG] [net.minecraftforge.fml.loading.moddiscovery.ModFileInfo/LOADING]: Found valid mod file MaxHealthFix-Forge-1.19.2-8.0.2.jar with {maxhealthfix} mods - versions {8.0.2}
[18Sep2024 03:30:03.437] [main/DEBUG] [net.minecraftforge.fml.loading.moddiscovery.ModFile/LOADING]: Loading mod file /workspaces/Mamaron-/servidor_minecraft/mods/MaxHealthFix-Forge-1.19.2-8.0.2.jar with languages [LanguageSpec[languageName=javafml, acceptedVersions=[43,)]]
[18Sep2024 03:30:03.437] [main/DEBUG] [net.minecraftforge.fml.loading.moddiscovery.ModFileParser/LOADING]: Considering mod file candidate /workspaces/Mamaron-/servidor_minecraft/mods/upgradednetherite_items-1.19.2-4.1.0.2-release.jar
[18Sep2024 03:30:03.442] [main/DEBUG] [net.minecraftforge.fml.loading.moddiscovery.ModFileInfo/LOADING]: Found valid mod file upgradednetherite_items-1.19.2-4.1.0.2-release.jar with {upgradednetherite_items} mods - versions {1.19.2-4.1.0.2-release}
[18Sep2024 03:30:03.442] [main/DEBUG] [net.minecraftforge.fml.loading.moddiscovery.ModFile/LOADING]: Loading mod file /workspaces/Mamaron-/servidor_minecraft/mods/upgradednetherite_items-1.19.2-4.1.0.2-release.jar with languages [LanguageSpec[languageName=javafml, acceptedVersions=[43,)]]
[18Sep2024 03:30:03.442] [main/DEBUG] [net.minecraftforge.fml.loading.moddiscovery.ModFileParser/LOADING]: Considering mod file candidate /workspaces/Mamaron-/servidor_minecraft/mods/letsdo-vinery-forge-1.3.12b.jar
[18Sep2024 03:30:03.442] [main/DEBUG] [net.minecraftforge.fml.loading.moddiscovery.ModFileInfo/LOADING]: Found valid mod file letsdo-vinery-forge-1.3.12b.jar with {vinery} mods - versions {1.3.12}
[18Sep2024 03:30:03.443] [main/DEBUG] [net.minecraftforge.fml.loading.moddiscovery.ModFile/LOADING]: Loading mod file /workspaces/Mamaron-/servidor_minecraft/mods/letsdo-vinery-forge-1.3.12b.jar with languages [LanguageSpec[languageName=javafml, acceptedVersions=[43,)]]
[18Sep2024 03:30:03.444] [main/DEBUG] [net.minecraftforge.fml.loading.moddiscovery.ModFileParser/LOADING]: Considering mod file candidate /workspaces/Mamaron-/servidor_minecraft/mods/Apotheosis-1.19.2-6.5.1.jar
[18Sep2024 03:30:03.444] [main/DEBUG] [net.minecraftforge.fml.loading.moddiscovery.ModFileInfo/LOADING]: Found valid mod file Apotheosis-1.19.2-6.5.1.jar with {apotheosis} mods - versions {6.5.1}
[18Sep2024 03:30:03.444] [main/DEBUG] [net.minecraftforge.fml.loading.moddiscovery.ModFile/LOADING]: Loading mod file /workspaces/Mamaron-/servidor_minecraft/mods/Apotheosis-1.19.2-6.5.1.jar with languages [LanguageSpec[languageName=javafml, acceptedVersions=[32,)]]
[18Sep2024 03:30:03.444] [main/DEBUG] [net.minecraftforge.fml.loading.moddiscovery.ModFileParser/LOADING]: Found coremod apotheosis_attr/potion_gui_tooltips with Javascript path coremods/attr/potion_gui_tooltips.js
[18Sep2024 03:30:03.444] [main/DEBUG] [net.minecraftforge.fml.loading.moddiscovery.ModFileParser/LOADING]: Found coremod apotheosis_ench/ench_info_loot_redirector with Javascript path coremods/ench/ench_info_loot_redirector.js
[18Sep2024 03:30:03.445] [main/DEBUG] [net.minecraftforge.fml.loading.moddiscovery.ModFileParser/LOADING]: Found coremod apotheosis_ench/ench_info_redirector with Javascript path coremods/ench/ench_info_redirector.js
[18Sep2024 03:30:03.445] [main/DEBUG] [net.minecraftforge.fml.loading.moddiscovery.ModFileParser/LOADING]: Found coremod apotheosis_ench/fishing_hook with Javascript path coremods/ench/fishing_hook.js
[18Sep2024 03:30:03.445] [main/DEBUG] [net.minecraftforge.fml.loading.moddiscovery.ModFile/LOADING]: Found coremod coremods/attr/potion_gui_tooltips.js
[18Sep2024 03:30:03.445] [main/DEBUG] [net.minecraftforge.fml.loading.moddiscovery.ModFile/LOADING]: Found coremod coremods/ench/ench_info_loot_redirector.js
[18Sep2024 03:30:03.445] [main/DEBUG] [net.minecraftforge.fml.loading.moddiscovery.ModFile/LOADING]: Found coremod coremods/ench/ench_info_redirector.js
[18Sep2024 03:30:03.445] [main/DEBUG] [net.minecraftforge.fml.loading.moddiscovery.ModFile/LOADING]: Found coremod coremods/ench/fishing_hook.js
[18Sep2024 03:30:03.445] [main/DEBUG] [net.minecraftforge.fml.loading.moddiscovery.ModFileParser/LOADING]: Considering mod file candidate /workspaces/Mamaron-/servidor_minecraft/mods/savage_and_ravage-1.19.2-5.0.5.jar
[18Sep2024 03:30:03.452] [main/DEBUG] [net.minecraftforge.fml.loading.moddiscovery.ModFileInfo/LOADING]: Found valid mod file savage_and_ravage-1.19.2-5.0.5.jar with {savage_and_ravage} mods - versions {5.0.5}
[18Sep2024 03:30:03.452] [main/DEBUG] [net.minecraftforge.fml.loading.moddiscovery.ModFile/LOADING]: Loading mod file /workspaces/Mamaron-/servidor_minecraft/mods/savage_and_ravage-1.19.2-5.0.5.jar with languages [LanguageSpec[languageName=javafml, acceptedVersions=[32,)]]
[18Sep2024 03:30:03.452] [main/DEBUG] [net.minecraftforge.fml.loading.moddiscovery.ModFileParser/LOADING]: Considering mod file candidate /workspaces/Mamaron-/servidor_minecraft/mods/balm-forge-1.19.2-4.6.0.jar
[18Sep2024 03:30:03.452] [main/DEBUG] [net.minecraftforge.fml.loading.moddiscovery.ModFileInfo/LOADING]: Found valid mod file balm-forge-1.19.2-4.6.0.jar with {balm} mods - versions {4.6.0}
[18Sep2024 03:30:03.452] [main/DEBUG] [net.minecraftforge.fml.loading.moddiscovery.ModFile/LOADING]: Loading mod file /workspaces/Mamaron-/servidor_minecraft/mods/balm-forge-1.19.2-4.6.0.jar with languages [LanguageSpec[languageName=javafml, acceptedVersions=[41,)]]
[18Sep2024 03:30:03.452] [main/DEBUG] [net.minecraftforge.fml.loading.moddiscovery.ModFileParser/LOADING]: Considering mod file candidate /workspaces/Mamaron-/servidor_minecraft/mods/immersive_armors-1.5.6+1.19.2-forge.jar
[18Sep2024 03:30:03.453] [main/DEBUG] [net.minecraftforge.fml.loading.moddiscovery.ModFileInfo/LOADING]: Found valid mod file immersive_armors-1.5.6+1.19.2-forge.jar with {immersive_armors} mods - versions {1.5.6+1.19.2}
[18Sep2024 03:30:03.453] [main/DEBUG] [net.minecraftforge.fml.loading.moddiscovery.ModFile/LOADING]: Loading mod file /workspaces/Mamaron-/servidor_minecraft/mods/immersive_armors-1.5.6+1.19.2-forge.jar with languages [LanguageSpec[languageName=javafml, acceptedVersions=[43,)]]
[18Sep2024 03:30:03.453] [main/DEBUG] [net.minecraftforge.fml.loading.moddiscovery.ModFileParser/LOADING]: Considering mod file candidate /workspaces/Mamaron-/servidor_minecraft/mods/cloth-config-8.3.115-forge.jar
[18Sep2024 03:30:03.453] [main/DEBUG] [net.minecraftforge.fml.loading.moddiscovery.ModFileInfo/LOADING]: Found valid mod file cloth-config-8.3.115-forge.jar with {cloth_config} mods - versions {8.3.115}
[18Sep2024 03:30:03.453] [main/DEBUG] [net.minecraftforge.fml.loading.moddiscovery.ModFile/LOADING]: Loading mod file /workspaces/Mamaron-/servidor_minecraft/mods/cloth-config-8.3.115-forge.jar with languages [LanguageSpec[languageName=javafml, acceptedVersions=[34,)]]
[18Sep2024 03:30:03.453] [main/DEBUG] [net.minecraftforge.fml.loading.moddiscovery.ModFileParser/LOADING]: Considering mod file candidate /workspaces/Mamaron-/servidor_minecraft/mods/YungsBetterNetherFortresses-1.19.2-Forge-1.0.6.jar
[18Sep2024 03:30:03.454] [main/DEBUG] [net.minecraftforge.fml.loading.moddiscovery.ModFileInfo/LOADING]: Found valid mod file YungsBetterNetherFortresses-1.19.2-Forge-1.0.6.jar with {betterfortresses} mods - versions {1.19.2-Forge-1.0.6}
[18Sep2024 03:30:03.454] [main/DEBUG] [net.minecraftforge.fml.loading.moddiscovery.ModFile/LOADING]: Loading mod file /workspaces/Mamaron-/servidor_minecraft/mods/YungsBetterNetherFortresses-1.19.2-Forge-1.0.6.jar with languages [LanguageSpec[languageName=javafml, acceptedVersions=[43,)]]
[18Sep2024 03:30:03.454] [main/DEBUG] [net.minecraftforge.fml.loading.moddiscovery.ModFileParser/LOADING]: Considering mod file candidate /workspaces/Mamaron-/servidor_minecraft/mods/AutoLeveling-1.19.2-1.19b.jar
[18Sep2024 03:30:03.454] [main/DEBUG] [net.minecraftforge.fml.loading.moddiscovery.ModFileInfo/LOADING]: Found valid mod file AutoLeveling-1.19.2-1.19b.jar with {autoleveling} mods - versions {1.19b}
[18Sep2024 03:30:03.454] [main/DEBUG] [net.minecraftforge.fml.loading.moddiscovery.ModFile/LOADING]: Loading mod file /workspaces/Mamaron-/servidor_minecraft/mods/AutoLeveling-1.19.2-1.19b.jar with languages [LanguageSpec[languageName=javafml, acceptedVersions=[41,)]]
[18Sep2024 03:30:03.454] [main/DEBUG] [net.minecraftforge.fml.loading.moddiscovery.ModFileParser/LOADING]: Considering mod file candidate /workspaces/Mamaron-/servidor_minecraft/mods/iterpg-0.5.0-1.19.2.jar
[18Sep2024 03:30:03.455] [main/DEBUG] [net.minecraftforge.fml.loading.moddiscovery.ModFileInfo/LOADING]: Found valid mod file iterpg-0.5.0-1.19.2.jar with {iter_rpg} mods - versions {0.5.0}
[18Sep2024 03:30:03.455] [main/DEBUG] [net.minecraftforge.fml.loading.moddiscovery.ModFile/LOADING]: Loading mod file /workspaces/Mamaron-/servidor_minecraft/mods/iterpg-0.5.0-1.19.2.jar with languages [LanguageSpec[languageName=javafml, acceptedVersions=[43,)]]
[18Sep2024 03:30:03.455] [main/DEBUG] [net.minecraftforge.fml.loading.moddiscovery.ModFileParser/LOADING]: Considering mod file candidate /workspaces/Mamaron-/servidor_minecraft/mods/upgradednetherite-1.19.2-5.1.0.9-release.jar
[18Sep2024 03:30:03.455] [main/DEBUG] [net.minecraftforge.fml.loading.moddiscovery.ModFileInfo/LOADING]: Found valid mod file upgradednetherite-1.19.2-5.1.0.9-release.jar with {upgradednetherite} mods - versions {1.19.2-5.1.0.9-release}
[18Sep2024 03:30:03.455] [main/DEBUG] [net.minecraftforge.fml.loading.moddiscovery.ModFile/LOADING]: Loading mod file /workspaces/Mamaron-/servidor_minecraft/mods/upgradednetherite-1.19.2-5.1.0.9-release.jar with languages [LanguageSpec[languageName=javafml, acceptedVersions=[43,)]]
[18Sep2024 03:30:03.456] [main/DEBUG] [net.minecraftforge.fml.loading.moddiscovery.ModFileParser/LOADING]: Considering mod file candidate /workspaces/Mamaron-/servidor_minecraft/mods/AdvancementPlaques-1.19.2-1.4.7.jar
[18Sep2024 03:30:03.456] [main/DEBUG] [net.minecraftforge.fml.loading.moddiscovery.ModFileInfo/LOADING]: Found valid mod file AdvancementPlaques-1.19.2-1.4.7.jar with {advancementplaques} mods - versions {1.4.7}
[18Sep2024 03:30:03.456] [main/DEBUG] [net.minecraftforge.fml.loading.moddiscovery.ModFile/LOADING]: Loading mod file /workspaces/Mamaron-/servidor_minecraft/mods/AdvancementPlaques-1.19.2-1.4.7.jar with languages [LanguageSpec[languageName=javafml, acceptedVersions=[41,)]]
[18Sep2024 03:30:03.456] [main/DEBUG] [net.minecraftforge.fml.loading.moddiscovery.ModFileParser/LOADING]: Considering mod file candidate /workspaces/Mamaron-/servidor_minecraft/mods/corpse-forge-1.19.2-1.0.14.jar
[18Sep2024 03:30:03.457] [main/DEBUG] [net.minecraftforge.fml.loading.moddiscovery.ModFileInfo/LOADING]: Found valid mod file corpse-forge-1.19.2-1.0.14.jar with {corpse} mods - versions {1.19.2-1.0.14}
[18Sep2024 03:30:03.457] [main/DEBUG] [net.minecraftforge.fml.loading.moddiscovery.ModFile/LOADING]: Loading mod file /workspaces/Mamaron-/servidor_minecraft/mods/corpse-forge-1.19.2-1.0.14.jar with languages [LanguageSpec[languageName=javafml, acceptedVersions=*]]
[18Sep2024 03:30:03.457] [main/DEBUG] [net.minecraftforge.fml.loading.moddiscovery.ModFileParser/LOADING]: Considering mod file candidate /workspaces/Mamaron-/servidor_minecraft/mods/solapplepie-1.19.2-2.2.0.jar
[18Sep2024 03:30:03.457] [main/DEBUG] [net.minecraftforge.fml.loading.moddiscovery.ModFileInfo/LOADING]: Found valid mod file solapplepie-1.19.2-2.2.0.jar with {solapplepie} mods - versions {1.19.2-2.2.0}
[18Sep2024 03:30:03.457] [main/DEBUG] [net.minecraftforge.fml.loading.moddiscovery.ModFile/LOADING]: Loading mod file /workspaces/Mamaron-/servidor_minecraft/mods/solapplepie-1.19.2-2.2.0.jar with languages [LanguageSpec[languageName=javafml, acceptedVersions=[43,)]]
[18Sep2024 03:30:03.457] [main/DEBUG] [net.minecraftforge.fml.loading.moddiscovery.ModFileParser/LOADING]: Considering mod file candidate /workspaces/Mamaron-/servidor_minecraft/mods/structure_gel-1.19.2-2.7.3.jar
[18Sep2024 03:30:03.458] [main/DEBUG] [net.minecraftforge.fml.loading.moddiscovery.ModFileInfo/LOADING]: Found valid mod file structure_gel-1.19.2-2.7.3.jar with {structure_gel} mods - versions {2.7.3}
[18Sep2024 03:30:03.458] [main/DEBUG] [net.minecraftforge.fml.loading.moddiscovery.ModFile/LOADING]: Loading mod file /workspaces/Mamaron-/servidor_minecraft/mods/structure_gel-1.19.2-2.7.3.jar with languages [LanguageSpec[languageName=javafml, acceptedVersions=[43,)]]
[18Sep2024 03:30:03.458] [main/DEBUG] [net.minecraftforge.fml.loading.moddiscovery.ModFileParser/LOADING]: Considering mod file candidate /workspaces/Mamaron-/servidor_minecraft/mods/ftb-xmod-compat-forge-1.2.4.jar
[18Sep2024 03:30:03.462] [main/DEBUG] [net.minecraftforge.fml.loading.moddiscovery.ModFileInfo/LOADING]: Found valid mod file ftb-xmod-compat-forge-1.2.4.jar with {ftbxmodcompat} mods - versions {1.2.4}
[18Sep2024 03:30:03.463] [main/DEBUG] [net.minecraftforge.fml.loading.moddiscovery.ModFile/LOADING]: Loading mod file /workspaces/Mamaron-/servidor_minecraft/mods/ftb-xmod-compat-forge-1.2.4.jar with languages [LanguageSpec[languageName=javafml, acceptedVersions=[43,)]]
[18Sep2024 03:30:03.463] [main/DEBUG] [net.minecraftforge.fml.loading.moddiscovery.ModFileParser/LOADING]: Considering mod file candidate /workspaces/Mamaron-/servidor_minecraft/mods/combatroll-forge-1.1.5+1.19.jar
[18Sep2024 03:30:03.463] [main/DEBUG] [net.minecraftforge.fml.loading.moddiscovery.ModFileInfo/LOADING]: Found valid mod file combatroll-forge-1.1.5+1.19.jar with {combatroll} mods - versions {1.1.5+1.19}
[18Sep2024 03:30:03.464] [main/DEBUG] [net.minecraftforge.fml.loading.moddiscovery.ModFile/LOADING]: Loading mod file /workspaces/Mamaron-/servidor_minecraft/mods/combatroll-forge-1.1.5+1.19.jar with languages [LanguageSpec[languageName=javafml, acceptedVersions=[39,)]]
[18Sep2024 03:30:03.464] [main/DEBUG] [net.minecraftforge.fml.loading.moddiscovery.ModFileParser/LOADING]: Considering mod file candidate /workspaces/Mamaron-/servidor_minecraft/mods/morevillagers-forge-1.19-4.0.3.jar
[18Sep2024 03:30:03.464] [main/DEBUG] [net.minecraftforge.fml.loading.moddiscovery.ModFileInfo/LOADING]: Found valid mod file morevillagers-forge-1.19-4.0.3.jar with {morevillagers} mods - versions {4.0.3}
[18Sep2024 03:30:03.464] [main/DEBUG] [net.minecraftforge.fml.loading.moddiscovery.ModFile/LOADING]: Loading mod file /workspaces/Mamaron-/servidor_minecraft/mods/morevillagers-forge-1.19-4.0.3.jar with languages [LanguageSpec[languageName=javafml, acceptedVersions=[41,)]]
[18Sep2024 03:30:03.464] [main/DEBUG] [net.minecraftforge.fml.loading.moddiscovery.ModFileParser/LOADING]: Considering mod file candidate /workspaces/Mamaron-/servidor_minecraft/mods/repurposed_structures_forge-6.3.29+1.19.2.jar
[18Sep2024 03:30:03.464] [main/DEBUG] [net.minecraftforge.fml.loading.moddiscovery.ModFileInfo/LOADING]: Found valid mod file repurposed_structures_forge-6.3.29+1.19.2.jar with {repurposed_structures} mods - versions {6.3.29+1.19.2}
[18Sep2024 03:30:03.465] [main/DEBUG] [net.minecraftforge.fml.loading.moddiscovery.ModFile/LOADING]: Loading mod file /workspaces/Mamaron-/servidor_minecraft/mods/repurposed_structures_forge-6.3.29+1.19.2.jar with languages [LanguageSpec[languageName=javafml, acceptedVersions=[38,)]]
[18Sep2024 03:30:03.465] [main/DEBUG] [net.minecraftforge.fml.loading.moddiscovery.ModFileParser/LOADING]: Considering mod file candidate /workspaces/Mamaron-/servidor_minecraft/mods/Explorify v1.6.1 f10-48.jar
[18Sep2024 03:30:03.465] [main/DEBUG] [net.minecraftforge.fml.loading.moddiscovery.ModFileInfo/LOADING]: Found valid mod file Explorify v1.6.1 f10-48.jar with {explorify} mods - versions {1.6.1}
[18Sep2024 03:30:03.465] [main/DEBUG] [net.minecraftforge.fml.loading.moddiscovery.ModFile/LOADING]: Loading mod file /workspaces/Mamaron-/servidor_minecraft/mods/Explorify v1.6.1 f10-48.jar with languages [LanguageSpec[languageName=lowcodefml, acceptedVersions=[1,)]]
[18Sep2024 03:30:03.465] [main/DEBUG] [net.minecraftforge.fml.loading.moddiscovery.ModFileParser/LOADING]: Considering mod file candidate /workspaces/Mamaron-/servidor_minecraft/mods/ironfurnaces-1.19.2-3.6.5.jar
[18Sep2024 03:30:03.465] [main/DEBUG] [net.minecraftforge.fml.loading.moddiscovery.ModFileInfo/LOADING]: Found valid mod file ironfurnaces-1.19.2-3.6.5.jar with {ironfurnaces} mods - versions {3.6.5}
[18Sep2024 03:30:03.466] [main/DEBUG] [net.minecraftforge.fml.loading.moddiscovery.ModFile/LOADING]: Loading mod file /workspaces/Mamaron-/servidor_minecraft/mods/ironfurnaces-1.19.2-3.6.5.jar with languages [LanguageSpec[languageName=javafml, acceptedVersions=${loader_version_range}]]
[18Sep2024 03:30:03.466] [main/DEBUG] [net.minecraftforge.fml.loading.moddiscovery.ModFileParser/LOADING]: Considering mod file candidate /workspaces/Mamaron-/servidor_minecraft/mods/dungeons_plus-1.19.2-1.3.1.jar
[18Sep2024 03:30:03.466] [main/DEBUG] [net.minecraftforge.fml.loading.moddiscovery.ModFileInfo/LOADING]: Found valid mod file dungeons_plus-1.19.2-1.3.1.jar with {dungeons_plus} mods - versions {1.3.1}
[18Sep2024 03:30:03.469] [main/DEBUG] [net.minecraftforge.fml.loading.moddiscovery.ModFile/LOADING]: Loading mod file /workspaces/Mamaron-/servidor_minecraft/mods/dungeons_plus-1.19.2-1.3.1.jar with languages [LanguageSpec[languageName=javafml, acceptedVersions=[43,)]]
[18Sep2024 03:30:03.469] [main/DEBUG] [net.minecraftforge.fml.loading.moddiscovery.ModFileParser/LOADING]: Considering mod file candidate /workspaces/Mamaron-/servidor_minecraft/mods/UnusualEnd1.19.2_V1.4.3.jar
[18Sep2024 03:30:03.469] [main/DEBUG] [net.minecraftforge.fml.loading.moddiscovery.ModFileInfo/LOADING]: Found valid mod file UnusualEnd1.19.2_V1.4.3.jar with {unusualend} mods - versions {1.4.3}
[18Sep2024 03:30:03.470] [main/DEBUG] [net.minecraftforge.fml.loading.moddiscovery.ModFile/LOADING]: Loading mod file /workspaces/Mamaron-/servidor_minecraft/mods/UnusualEnd1.19.2_V1.4.3.jar with languages [LanguageSpec[languageName=javafml, acceptedVersions=[43,)]]
[18Sep2024 03:30:03.470] [main/DEBUG] [net.minecraftforge.fml.loading.moddiscovery.ModFileParser/LOADING]: Considering mod file candidate /workspaces/Mamaron-/servidor_minecraft/mods/TextruesRubidiumOptions-1.0.7-mc1.19.2.jar
[18Sep2024 03:30:03.470] [main/DEBUG] [net.minecraftforge.fml.loading.moddiscovery.ModFileInfo/LOADING]: Found valid mod file TextruesRubidiumOptions-1.0.7-mc1.19.2.jar with {reeses_sodium_options} mods - versions {1.0.7-mc1.19.2}
[18Sep2024 03:30:03.470] [main/DEBUG] [net.minecraftforge.fml.loading.moddiscovery.ModFile/LOADING]: Loading mod file /workspaces/Mamaron-/servidor_minecraft/mods/TextruesRubidiumOptions-1.0.7-mc1.19.2.jar with languages [LanguageSpec[languageName=javafml, acceptedVersions=[39,)]]
[18Sep2024 03:30:03.470] [main/DEBUG] [net.minecraftforge.fml.loading.moddiscovery.ModFileParser/LOADING]: Considering mod file candidate /workspaces/Mamaron-/servidor_minecraft/mods/mcsa-forge-3.1.4+1.19.jar
[18Sep2024 03:30:03.471] [main/DEBUG] [net.minecraftforge.fml.loading.moddiscovery.ModFileInfo/LOADING]: Found valid mod file mcsa-forge-3.1.4+1.19.jar with {mcsa} mods - versions {3.1.4+1.19}
[18Sep2024 03:30:03.471] [main/DEBUG] [net.minecraftforge.fml.loading.moddiscovery.ModFile/LOADING]: Loading mod file /workspaces/Mamaron-/servidor_minecraft/mods/mcsa-forge-3.1.4+1.19.jar with languages [LanguageSpec[languageName=javafml, acceptedVersions=[41,)]]
[18Sep2024 03:30:03.471] [main/DEBUG] [net.minecraftforge.fml.loading.moddiscovery.ModFileParser/LOADING]: Considering mod file candidate /workspaces/Mamaron-/servidor_minecraft/mods/curios-forge-1.19.2-5.1.6.3.jar
[18Sep2024 03:30:03.471] [main/DEBUG] [net.minecraftforge.fml.loading.moddiscovery.ModFileInfo/LOADING]: Found valid mod file curios-forge-1.19.2-5.1.6.3.jar with {curios} mods - versions {1.19.2-5.1.6.3}
[18Sep2024 03:30:03.471] [main/DEBUG] [net.minecraftforge.fml.loading.moddiscovery.ModFile/LOADING]: Loading mod file /workspaces/Mamaron-/servidor_minecraft/mods/curios-forge-1.19.2-5.1.6.3.jar with languages [LanguageSpec[languageName=javafml, acceptedVersions=[41,)]]
[18Sep2024 03:30:03.471] [main/DEBUG] [net.minecraftforge.fml.loading.moddiscovery.ModFileParser/LOADING]: Considering mod file candidate /workspaces/Mamaron-/servidor_minecraft/mods/origins-forge-1.19.2-1.7.1.7-all.jar
[18Sep2024 03:30:03.475] [main/DEBUG] [net.minecraftforge.fml.loading.moddiscovery.ModFileInfo/LOADING]: Found valid mod file origins-forge-1.19.2-1.7.1.7-all.jar with {origins} mods - versions {1.19.2-1.7.1.7}
[18Sep2024 03:30:03.475] [main/DEBUG] [net.minecraftforge.fml.loading.moddiscovery.ModFile/LOADING]: Loading mod file /workspaces/Mamaron-/servidor_minecraft/mods/origins-forge-1.19.2-1.7.1.7-all.jar with languages [LanguageSpec[languageName=javafml, acceptedVersions=[39,)]]
[18Sep2024 03:30:03.475] [main/DEBUG] [net.minecraftforge.fml.loading.moddiscovery.ModFileParser/LOADING]: Considering mod file candidate /workspaces/Mamaron-/servidor_minecraft/mods/GameStages-Forge-1.19.2-11.1.4.jar
[18Sep2024 03:30:03.475] [main/DEBUG] [net.minecraftforge.fml.loading.moddiscovery.ModFileInfo/LOADING]: Found valid mod file GameStages-Forge-1.19.2-11.1.4.jar with {gamestages} mods - versions {11.1.4}
[18Sep2024 03:30:03.476] [main/DEBUG] [net.minecraftforge.fml.loading.moddiscovery.ModFile/LOADING]: Loading mod file /workspaces/Mamaron-/servidor_minecraft/mods/GameStages-Forge-1.19.2-11.1.4.jar with languages [LanguageSpec[languageName=javafml, acceptedVersions=[43,]]]
[18Sep2024 03:30:03.476] [main/DEBUG] [net.minecraftforge.fml.loading.moddiscovery.ModFileParser/LOADING]: Considering mod file candidate /workspaces/Mamaron-/servidor_minecraft/mods/dragon_enchants-1.0.4-1.19.2.jar
[18Sep2024 03:30:03.476] [main/DEBUG] [net.minecraftforge.fml.loading.moddiscovery.ModFileInfo/LOADING]: Found valid mod file dragon_enchants-1.0.4-1.19.2.jar with {dragonenchants} mods - versions {1.0.4}
[18Sep2024 03:30:03.476] [main/DEBUG] [net.minecraftforge.fml.loading.moddiscovery.ModFile/LOADING]: Loading mod file /workspaces/Mamaron-/servidor_minecraft/mods/dragon_enchants-1.0.4-1.19.2.jar with languages [LanguageSpec[languageName=javafml, acceptedVersions=[39,)]]
[18Sep2024 03:30:03.476] [main/DEBUG] [net.minecraftforge.fml.loading.moddiscovery.ModFileParser/LOADING]: Considering mod file candidate 
[18Sep2024 03:30:03.478] [main/DEBUG] [net.minecraftforge.fml.loading.moddiscovery.ModFileInfo/LOADING]: Found valid mod file cumulus_menus-1.19.2-1.0.0-forge.jar with {cumulus_menus} mods - versions {1.19.2-1.0.0-forge}
[18Sep2024 03:30:03.478] [main/DEBUG] [net.minecraftforge.fml.loading.moddiscovery.ModFile/LOADING]: Loading mod file  with languages [LanguageSpec[languageName=javafml, acceptedVersions=[43,)]]
[18Sep2024 03:30:03.478] [main/DEBUG] [net.minecraftforge.fml.loading.moddiscovery.ModFileParser/LOADING]: Considering mod file candidate /workspaces/Mamaron-/servidor_minecraft/mods/constructionwand-1.19.2-2.10.jar
[18Sep2024 03:30:03.479] [main/DEBUG] [net.minecraftforge.fml.loading.moddiscovery.ModFileInfo/LOADING]: Found valid mod file constructionwand-1.19.2-2.10.jar with {constructionwand} mods - versions {1.19.2-2.10}
[18Sep2024 03:30:03.479] [main/DEBUG] [net.minecraftforge.fml.loading.moddiscovery.ModFile/LOADING]: Loading mod file /workspaces/Mamaron-/servidor_minecraft/mods/constructionwand-1.19.2-2.10.jar with languages [LanguageSpec[languageName=javafml, acceptedVersions=[41,)]]
[18Sep2024 03:30:03.479] [main/DEBUG] [net.minecraftforge.fml.loading.moddiscovery.ModFileParser/LOADING]: Considering mod file candidate /workspaces/Mamaron-/servidor_minecraft/mods/pluto-mc1.19.2-0.0.9.jar
[18Sep2024 03:30:03.479] [main/DEBUG] [net.minecraftforge.fml.loading.moddiscovery.ModFileInfo/LOADING]: Found valid mod file pluto-mc1.19.2-0.0.9.jar with {pluto} mods - versions {0.0.9}
[18Sep2024 03:30:03.479] [main/DEBUG] [net.minecraftforge.fml.loading.moddiscovery.ModFile/LOADING]: Loading mod file /workspaces/Mamaron-/servidor_minecraft/mods/pluto-mc1.19.2-0.0.9.jar with languages [LanguageSpec[languageName=javafml, acceptedVersions=[43,)]]
[18Sep2024 03:30:03.480] [main/DEBUG] [net.minecraftforge.fml.loading.moddiscovery.ModFileParser/LOADING]: Considering mod file candidate /workspaces/Mamaron-/servidor_minecraft/mods/ApothicCurios-1.19.2-1.0.3c.jar
[18Sep2024 03:30:03.487] [main/DEBUG] [net.minecraftforge.fml.loading.moddiscovery.ModFileInfo/LOADING]: Found valid mod file ApothicCurios-1.19.2-1.0.3c.jar with {apothiccurios} mods - versions {1.0.3c}
[18Sep2024 03:30:03.488] [main/DEBUG] [net.minecraftforge.fml.loading.moddiscovery.ModFile/LOADING]: Loading mod file /workspaces/Mamaron-/servidor_minecraft/mods/ApothicCurios-1.19.2-1.0.3c.jar with languages [LanguageSpec[languageName=javafml, acceptedVersions=[43,)]]
[18Sep2024 03:30:03.488] [main/DEBUG] [net.minecraftforge.fml.loading.moddiscovery.ModFileParser/LOADING]: Considering mod file candidate /workspaces/Mamaron-/servidor_minecraft/mods/YungsBetterEndIsland-1.19.2-Forge-1.0.jar
[18Sep2024 03:30:03.488] [main/DEBUG] [net.minecraftforge.fml.loading.moddiscovery.ModFileInfo/LOADING]: Found valid mod file YungsBetterEndIsland-1.19.2-Forge-1.0.jar with {betterendisland} mods - versions {1.19.2-Forge-1.0}
[18Sep2024 03:30:03.488] [main/DEBUG] [net.minecraftforge.fml.loading.moddiscovery.ModFile/LOADING]: Loading mod file /workspaces/Mamaron-/servidor_minecraft/mods/YungsBetterEndIsland-1.19.2-Forge-1.0.jar with languages [LanguageSpec[languageName=javafml, acceptedVersions=[43,)]]
[18Sep2024 03:30:03.488] [main/DEBUG] [net.minecraftforge.fml.loading.moddiscovery.ModFileParser/LOADING]: Considering mod file candidate 
[18Sep2024 03:30:03.489] [main/DEBUG] [net.minecraftforge.fml.loading.moddiscovery.ModFileInfo/LOADING]: Found valid mod file nitrogen_internals-1.19.2-1.0.3-forge.jar with {nitrogen_internals} mods - versions {1.19.2-1.0.3-forge}
[18Sep2024 03:30:03.489] [main/DEBUG] [net.minecraftforge.fml.loading.moddiscovery.ModFile/LOADING]: Loading mod file  with languages [LanguageSpec[languageName=javafml, acceptedVersions=[43,)]]
[18Sep2024 03:30:03.489] [main/DEBUG] [net.minecraftforge.fml.loading.moddiscovery.ModFileParser/LOADING]: Considering mod file candidate /workspaces/Mamaron-/servidor_minecraft/mods/celestisynth-1.19.2-1.1.5.jar
[18Sep2024 03:30:03.489] [main/DEBUG] [net.minecraftforge.fml.loading.moddiscovery.ModFileInfo/LOADING]: Found valid mod file celestisynth-1.19.2-1.1.5.jar with {celestisynth} mods - versions {1.19.2-1.1.5}
[18Sep2024 03:30:03.490] [main/DEBUG] [net.minecraftforge.fml.loading.moddiscovery.ModFile/LOADING]: Loading mod file /workspaces/Mamaron-/servidor_minecraft/mods/celestisynth-1.19.2-1.1.5.jar with languages [LanguageSpec[languageName=javafml, acceptedVersions=[43,)]]
[18Sep2024 03:30:03.490] [main/DEBUG] [net.minecraftforge.fml.loading.moddiscovery.ModFileParser/LOADING]: Considering mod file candidate /workspaces/Mamaron-/servidor_minecraft/mods/deep_aether-1.19.2-1.0.2.jar
[18Sep2024 03:30:03.490] [main/DEBUG] [net.minecraftforge.fml.loading.moddiscovery.ModFileInfo/LOADING]: Found valid mod file deep_aether-1.19.2-1.0.2.jar with {deep_aether} mods - versions {1.19.2-1.0.2}
[18Sep2024 03:30:03.490] [main/DEBUG] [net.minecraftforge.fml.loading.moddiscovery.ModFile/LOADING]: Loading mod file /workspaces/Mamaron-/servidor_minecraft/mods/deep_aether-1.19.2-1.0.2.jar with languages [LanguageSpec[languageName=javafml, acceptedVersions=[43,)]]
[18Sep2024 03:30:03.490] [main/DEBUG] [net.minecraftforge.fml.loading.moddiscovery.ModFileParser/LOADING]: Considering mod file candidate /workspaces/Mamaron-/servidor_minecraft/mods/toms_storage-1.19-1.5.11.jar
[18Sep2024 03:30:03.491] [main/DEBUG] [net.minecraftforge.fml.loading.moddiscovery.ModFileInfo/LOADING]: Found valid mod file toms_storage-1.19-1.5.11.jar with {toms_storage} mods - versions {1.5.11}
[18Sep2024 03:30:03.491] [main/DEBUG] [net.minecraftforge.fml.loading.moddiscovery.ModFile/LOADING]: Loading mod file /workspaces/Mamaron-/servidor_minecraft/mods/toms_storage-1.19-1.5.11.jar with languages [LanguageSpec[languageName=javafml, acceptedVersions=[41,)]]
[18Sep2024 03:30:03.491] [main/DEBUG] [net.minecraftforge.fml.loading.moddiscovery.ModFileParser/LOADING]: Considering mod file candidate /workspaces/Mamaron-/servidor_minecraft/mods/YungsBetterMineshafts-1.19.2-Forge-3.2.1.jar
[18Sep2024 03:30:03.491] [main/DEBUG] [net.minecraftforge.fml.loading.moddiscovery.ModFileInfo/LOADING]: Found valid mod file YungsBetterMineshafts-1.19.2-Forge-3.2.1.jar with {bettermineshafts} mods - versions {1.19.2-Forge-3.2.1}
[18Sep2024 03:30:03.491] [main/DEBUG] [net.minecraftforge.fml.loading.moddiscovery.ModFile/LOADING]: Loading mod file /workspaces/Mamaron-/servidor_minecraft/mods/YungsBetterMineshafts-1.19.2-Forge-3.2.1.jar with languages [LanguageSpec[languageName=javafml, acceptedVersions=[43,)]]
[18Sep2024 03:30:03.491] [main/DEBUG] [net.minecraftforge.fml.loading.moddiscovery.ModFileParser/LOADING]: Considering mod file candidate /workspaces/Mamaron-/servidor_minecraft/mods/geckolib-forge-1.19-3.1.40.jar
[18Sep2024 03:30:03.492] [main/DEBUG] [net.minecraftforge.fml.loading.moddiscovery.ModFileInfo/LOADING]: Found valid mod file geckolib-forge-1.19-3.1.40.jar with {geckolib3} mods - versions {3.1.40}
[18Sep2024 03:30:03.492] [main/DEBUG] [net.minecraftforge.fml.loading.moddiscovery.ModFile/LOADING]: Loading mod file /workspaces/Mamaron-/servidor_minecraft/mods/geckolib-forge-1.19-3.1.40.jar with languages [LanguageSpec[languageName=javafml, acceptedVersions=[41,)]]
[18Sep2024 03:30:03.492] [main/DEBUG] [net.minecraftforge.fml.loading.moddiscovery.ModFileParser/LOADING]: Considering mod file candidate /workspaces/Mamaron-/servidor_minecraft/mods/majrusz-library-forge-1.19.2-7.0.5-backport.1.jar
[18Sep2024 03:30:03.492] [main/DEBUG] [net.minecraftforge.fml.loading.moddiscovery.ModFileInfo/LOADING]: Found valid mod file majrusz-library-forge-1.19.2-7.0.5-backport.1.jar with {majruszlibrary} mods - versions {7.0.5-backport.1}
[18Sep2024 03:30:03.492] [main/DEBUG] [net.minecraftforge.fml.loading.moddiscovery.ModFile/LOADING]: Loading mod file /workspaces/Mamaron-/servidor_minecraft/mods/majrusz-library-forge-1.19.2-7.0.5-backport.1.jar with languages [LanguageSpec[languageName=javafml, acceptedVersions=[43,)]]
[18Sep2024 03:30:03.492] [main/DEBUG] [net.minecraftforge.fml.loading.moddiscovery.ModFileParser/LOADING]: Considering mod file candidate /workspaces/Mamaron-/servidor_minecraft/mods/YungsBetterJungleTemples-1.19.2-Forge-1.0.1.jar
[18Sep2024 03:30:03.493] [main/DEBUG] [net.minecraftforge.fml.loading.moddiscovery.ModFileInfo/LOADING]: Found valid mod file YungsBetterJungleTemples-1.19.2-Forge-1.0.1.jar with {betterjungletemples} mods - versions {1.19.2-Forge-1.0.1}
[18Sep2024 03:30:03.493] [main/DEBUG] [net.minecraftforge.fml.loading.moddiscovery.ModFile/LOADING]: Loading mod file /workspaces/Mamaron-/servidor_minecraft/mods/YungsBetterJungleTemples-1.19.2-Forge-1.0.1.jar with languages [LanguageSpec[languageName=javafml, acceptedVersions=[43,)]]
[18Sep2024 03:30:03.493] [main/DEBUG] [net.minecraftforge.fml.loading.moddiscovery.ModFileParser/LOADING]: Considering mod file candidate /workspaces/Mamaron-/servidor_minecraft/mods/elytraslot-forge-6.1.2+1.19.2.jar
[18Sep2024 03:30:03.493] [main/DEBUG] [net.minecraftforge.fml.loading.moddiscovery.ModFileInfo/LOADING]: Found valid mod file elytraslot-forge-6.1.2+1.19.2.jar with {elytraslot} mods - versions {6.1.2+1.19.2}
[18Sep2024 03:30:03.493] [main/DEBUG] [net.minecraftforge.fml.loading.moddiscovery.ModFile/LOADING]: Loading mod file /workspaces/Mamaron-/servidor_minecraft/mods/elytraslot-forge-6.1.2+1.19.2.jar with languages [LanguageSpec[languageName=javafml, acceptedVersions=[41,)]]
[18Sep2024 03:30:03.493] [main/DEBUG] [net.minecraftforge.fml.loading.moddiscovery.ModFileParser/LOADING]: Considering mod file candidate /workspaces/Mamaron-/servidor_minecraft/mods/mowziesmobs-1.6.3.jar
[18Sep2024 03:30:03.494] [main/DEBUG] [net.minecraftforge.fml.loading.moddiscovery.ModFileInfo/LOADING]: Found valid mod file mowziesmobs-1.6.3.jar with {mowziesmobs} mods - versions {1.6.3}
[18Sep2024 03:30:03.494] [main/DEBUG] [net.minecraftforge.fml.loading.moddiscovery.ModFile/LOADING]: Loading mod file /workspaces/Mamaron-/servidor_minecraft/mods/mowziesmobs-1.6.3.jar with languages [LanguageSpec[languageName=javafml, acceptedVersions=[43,)]]
[18Sep2024 03:30:03.494] [main/DEBUG] [net.minecraftforge.fml.loading.moddiscovery.ModFileParser/LOADING]: Considering mod file candidate /workspaces/Mamaron-/servidor_minecraft/mods/ftb-library-forge-1902.4.1-build.236.jar
[18Sep2024 03:30:03.494] [main/DEBUG] [net.minecraftforge.fml.loading.moddiscovery.ModFileInfo/LOADING]: Found valid mod file ftb-library-forge-1902.4.1-build.236.jar with {ftblibrary} mods - versions {1902.4.1-build.236}
[18Sep2024 03:30:03.496] [main/DEBUG] [net.minecraftforge.fml.loading.moddiscovery.ModFile/LOADING]: Loading mod file /workspaces/Mamaron-/servidor_minecraft/mods/ftb-library-forge-1902.4.1-build.236.jar with languages [LanguageSpec[languageName=javafml, acceptedVersions=[43,)]]
[18Sep2024 03:30:03.496] [main/DEBUG] [net.minecraftforge.fml.loading.moddiscovery.ModFileParser/LOADING]: Considering mod file candidate /workspaces/Mamaron-/servidor_minecraft/mods/MutantMonsters-v4.0.6-1.19.2-Forge.jar
[18Sep2024 03:30:03.496] [main/DEBUG] [net.minecraftforge.fml.loading.moddiscovery.ModFileInfo/LOADING]: Found valid mod file MutantMonsters-v4.0.6-1.19.2-Forge.jar with {mutantmonsters} mods - versions {4.0.6}
[18Sep2024 03:30:03.496] [main/DEBUG] [net.minecraftforge.fml.loading.moddiscovery.ModFile/LOADING]: Loading mod file /workspaces/Mamaron-/servidor_minecraft/mods/MutantMonsters-v4.0.6-1.19.2-Forge.jar with languages [LanguageSpec[languageName=javafml, acceptedVersions=[43,)]]
[18Sep2024 03:30:03.496] [main/DEBUG] [net.minecraftforge.fml.loading.moddiscovery.ModFileParser/LOADING]: Considering mod file candidate /workspaces/Mamaron-/servidor_minecraft/mods/jei-1.19.2-forge-11.6.0.1019.jar
[18Sep2024 03:30:03.500] [main/DEBUG] [net.minecraftforge.fml.loading.moddiscovery.ModFileInfo/LOADING]: Found valid mod file jei-1.19.2-forge-11.6.0.1019.jar with {jei} mods - versions {11.6.0.1019}
[18Sep2024 03:30:03.500] [main/DEBUG] [net.minecraftforge.fml.loading.moddiscovery.ModFile/LOADING]: Loading mod file /workspaces/Mamaron-/servidor_minecraft/mods/jei-1.19.2-forge-11.6.0.1019.jar with languages [LanguageSpec[languageName=javafml, acceptedVersions=[41,)]]
[18Sep2024 03:30:03.500] [main/DEBUG] [net.minecraftforge.fml.loading.moddiscovery.ModFileParser/LOADING]: Considering mod file candidate /workspaces/Mamaron-/servidor_minecraft/mods/AttributeFix-Forge-1.19.2-17.2.8.jar
[18Sep2024 03:30:03.500] [main/DEBUG] [net.minecraftforge.fml.loading.moddiscovery.ModFileInfo/LOADING]: Found valid mod file AttributeFix-Forge-1.19.2-17.2.8.jar with {attributefix} mods - versions {17.2.8}
[18Sep2024 03:30:03.500] [main/DEBUG] [net.minecraftforge.fml.loading.moddiscovery.ModFile/LOADING]: Loading mod file /workspaces/Mamaron-/servidor_minecraft/mods/AttributeFix-Forge-1.19.2-17.2.8.jar with languages [LanguageSpec[languageName=javafml, acceptedVersions=[43,)]]
[18Sep2024 03:30:03.500] [main/DEBUG] [net.minecraftforge.fml.loading.moddiscovery.ModFileParser/LOADING]: Considering mod file candidate /workspaces/Mamaron-/servidor_minecraft/mods/Pehkui-3.8.2+1.19.2-forge.jar
[18Sep2024 03:30:03.501] [main/DEBUG] [net.minecraftforge.fml.loading.moddiscovery.ModFileInfo/LOADING]: Found valid mod file Pehkui-3.8.2+1.19.2-forge.jar with {pehkui} mods - versions {3.8.2+1.19.2-forge}
[18Sep2024 03:30:03.501] [main/DEBUG] [net.minecraftforge.fml.loading.moddiscovery.ModFile/LOADING]: Loading mod file /workspaces/Mamaron-/servidor_minecraft/mods/Pehkui-3.8.2+1.19.2-forge.jar with languages [LanguageSpec[languageName=javafml, acceptedVersions=[28,)]]
[18Sep2024 03:30:03.501] [main/DEBUG] [net.minecraftforge.fml.loading.moddiscovery.ModFileParser/LOADING]: Considering mod file candidate /workspaces/Mamaron-/servidor_minecraft/mods/caelus-forge-1.19.2-3.0.0.6.jar
[18Sep2024 03:30:03.501] [main/DEBUG] [net.minecraftforge.fml.loading.moddiscovery.ModFileInfo/LOADING]: Found valid mod file caelus-forge-1.19.2-3.0.0.6.jar with {caelus} mods - versions {1.19.2-3.0.0.6}
[18Sep2024 03:30:03.501] [main/DEBUG] [net.minecraftforge.fml.loading.moddiscovery.ModFile/LOADING]: Loading mod file /workspaces/Mamaron-/servidor_minecraft/mods/caelus-forge-1.19.2-3.0.0.6.jar with languages [LanguageSpec[languageName=javafml, acceptedVersions=[41,)]]
[18Sep2024 03:30:03.501] [main/DEBUG] [net.minecraftforge.fml.loading.moddiscovery.ModFileParser/LOADING]: Considering mod file candidate /workspaces/Mamaron-/servidor_minecraft/mods/Paxi-1.19.2-Forge-3.0.1.jar
[18Sep2024 03:30:03.502] [main/DEBUG] [net.minecraftforge.fml.loading.moddiscovery.ModFileInfo/LOADING]: Found valid mod file Paxi-1.19.2-Forge-3.0.1.jar with {paxi} mods - versions {1.19.2-Forge-3.0.1}
[18Sep2024 03:30:03.502] [main/DEBUG] [net.minecraftforge.fml.loading.moddiscovery.ModFile/LOADING]: Loading mod file /workspaces/Mamaron-/servidor_minecraft/mods/Paxi-1.19.2-Forge-3.0.1.jar with languages [LanguageSpec[languageName=javafml, acceptedVersions=[43,)]]
[18Sep2024 03:30:03.502] [main/DEBUG] [net.minecraftforge.fml.loading.moddiscovery.ModFileParser/LOADING]: Considering mod file candidate /workspaces/Mamaron-/servidor_minecraft/mods/RingsOfAscension-1.19-1.0.1.jar
[18Sep2024 03:30:03.502] [main/DEBUG] [net.minecraftforge.fml.loading.moddiscovery.ModFileInfo/LOADING]: Found valid mod file RingsOfAscension-1.19-1.0.1.jar with {ringsofascension} mods - versions {1.0.0}
[18Sep2024 03:30:03.502] [main/DEBUG] [net.minecraftforge.fml.loading.moddiscovery.ModFile/LOADING]: Loading mod file /workspaces/Mamaron-/servidor_minecraft/mods/RingsOfAscension-1.19-1.0.1.jar with languages [LanguageSpec[languageName=javafml, acceptedVersions=[41,)]]
[18Sep2024 03:30:03.502] [main/DEBUG] [net.minecraftforge.fml.loading.moddiscovery.ModFileParser/LOADING]: Considering mod file candidate /workspaces/Mamaron-/servidor_minecraft/mods/apotheotic_additions1.0.4.jar
[18Sep2024 03:30:03.503] [main/DEBUG] [net.minecraftforge.fml.loading.moddiscovery.ModFileInfo/LOADING]: Found valid mod file apotheotic_additions1.0.4.jar with {apotheotic_additions} mods - versions {1.0.4}
[18Sep2024 03:30:03.503] [main/DEBUG] [net.minecraftforge.fml.loading.moddiscovery.ModFile/LOADING]: Loading mod file /workspaces/Mamaron-/servidor_minecraft/mods/apotheotic_additions1.0.4.jar with languages [LanguageSpec[languageName=javafml, acceptedVersions=[43,)]]
[18Sep2024 03:30:03.503] [main/DEBUG] [net.minecraftforge.fml.loading.moddiscovery.ModFileParser/LOADING]: Considering mod file candidate /workspaces/Mamaron-/servidor_minecraft/mods/NaturesCompass-1.19.2-1.10.0-forge.jar
[18Sep2024 03:30:03.503] [main/DEBUG] [net.minecraftforge.fml.loading.moddiscovery.ModFileInfo/LOADING]: Found valid mod file NaturesCompass-1.19.2-1.10.0-forge.jar with {naturescompass} mods - versions {1.19.2-1.10.0-forge}
[18Sep2024 03:30:03.504] [main/DEBUG] [net.minecraftforge.fml.loading.moddiscovery.ModFile/LOADING]: Loading mod file /workspaces/Mamaron-/servidor_minecraft/mods/NaturesCompass-1.19.2-1.10.0-forge.jar with languages [LanguageSpec[languageName=javafml, acceptedVersions=[43,)]]
[18Sep2024 03:30:03.504] [main/DEBUG] [net.minecraftforge.fml.loading.moddiscovery.ModFileParser/LOADING]: Considering mod file candidate /workspaces/Mamaron-/servidor_minecraft/mods/CraterLib-Forge-1.19.2-2.0.3.jar
[18Sep2024 03:30:03.504] [main/DEBUG] [net.minecraftforge.fml.loading.moddiscovery.ModFileInfo/LOADING]: Found valid mod file CraterLib-Forge-1.19.2-2.0.3.jar with {craterlib} mods - versions {2.0.3}
[18Sep2024 03:30:03.507] [main/DEBUG] [net.minecraftforge.fml.loading.moddiscovery.ModFile/LOADING]: Loading mod file /workspaces/Mamaron-/servidor_minecraft/mods/CraterLib-Forge-1.19.2-2.0.3.jar with languages [LanguageSpec[languageName=javafml, acceptedVersions=[43,)]]
[18Sep2024 03:30:03.508] [main/DEBUG] [net.minecraftforge.fml.loading.moddiscovery.ModFileParser/LOADING]: Considering mod file candidate 
[18Sep2024 03:30:03.508] [main/DEBUG] [net.minecraftforge.fml.loading.moddiscovery.ModFileInfo/LOADING]: Found valid mod file midnightlib-1.0.0-forge.jar with {midnightlib} mods - versions {1.0.0}
[18Sep2024 03:30:03.508] [main/DEBUG] [net.minecraftforge.fml.loading.moddiscovery.ModFile/LOADING]: Loading mod file  with languages [LanguageSpec[languageName=javafml, acceptedVersions=[43,)]]
[18Sep2024 03:30:03.508] [main/DEBUG] [net.minecraftforge.fml.loading.moddiscovery.ModFileParser/LOADING]: Considering mod file candidate /workspaces/Mamaron-/servidor_minecraft/mods/starlight-1.1.1+forge.cf5b10b.jar
[18Sep2024 03:30:03.509] [main/DEBUG] [net.minecraftforge.fml.loading.moddiscovery.ModFileInfo/LOADING]: Found valid mod file starlight-1.1.1+forge.cf5b10b.jar with {starlight} mods - versions {1.1.1+forge.a3aea74}
[18Sep2024 03:30:03.509] [main/DEBUG] [net.minecraftforge.fml.loading.moddiscovery.ModFile/LOADING]: Loading mod file /workspaces/Mamaron-/servidor_minecraft/mods/starlight-1.1.1+forge.cf5b10b.jar with languages [LanguageSpec[languageName=javafml, acceptedVersions=[37,)]]
[18Sep2024 03:30:03.509] [main/DEBUG] [net.minecraftforge.fml.loading.moddiscovery.ModFileParser/LOADING]: Considering mod file candidate /workspaces/Mamaron-/servidor_minecraft/mods/medieval_paintings-1.19.2-7.0.jar
[18Sep2024 03:30:03.510] [main/DEBUG] [net.minecraftforge.fml.loading.moddiscovery.ModFileInfo/LOADING]: Found valid mod file medieval_paintings-1.19.2-7.0.jar with {medieval_paintings} mods - versions {7.0}
[18Sep2024 03:30:03.510] [main/DEBUG] [net.minecraftforge.fml.loading.moddiscovery.ModFile/LOADING]: Loading mod file /workspaces/Mamaron-/servidor_minecraft/mods/medieval_paintings-1.19.2-7.0.jar with languages [LanguageSpec[languageName=javafml, acceptedVersions=[43,)]]
[18Sep2024 03:30:03.510] [main/DEBUG] [net.minecraftforge.fml.loading.moddiscovery.ModFileParser/LOADING]: Considering mod file candidate /workspaces/Mamaron-/servidor_minecraft/mods/ars_nouveau-1.19.2-3.23.0.jar
[18Sep2024 03:30:03.511] [main/DEBUG] [net.minecraftforge.fml.loading.moddiscovery.ModFileInfo/LOADING]: Found valid mod file ars_nouveau-1.19.2-3.23.0.jar with {ars_nouveau} mods - versions {3.23.0}
[18Sep2024 03:30:03.511] [main/DEBUG] [net.minecraftforge.fml.loading.moddiscovery.ModFile/LOADING]: Loading mod file /workspaces/Mamaron-/servidor_minecraft/mods/ars_nouveau-1.19.2-3.23.0.jar with languages [LanguageSpec[languageName=javafml, acceptedVersions=[40,)]]
[18Sep2024 03:30:03.511] [main/DEBUG] [net.minecraftforge.fml.loading.moddiscovery.ModFileParser/LOADING]: Considering mod file candidate /workspaces/Mamaron-/servidor_minecraft/mods/CraftTweaker-forge-1.19.2-10.1.55.jar
[18Sep2024 03:30:03.513] [main/DEBUG] [net.minecraftforge.fml.loading.moddiscovery.ModFileInfo/LOADING]: Found valid mod file CraftTweaker-forge-1.19.2-10.1.55.jar with {crafttweaker} mods - versions {10.1.55}
[18Sep2024 03:30:03.513] [main/DEBUG] [net.minecraftforge.fml.loading.moddiscovery.ModFile/LOADING]: Loading mod file /workspaces/Mamaron-/servidor_minecraft/mods/CraftTweaker-forge-1.19.2-10.1.55.jar with languages [LanguageSpec[languageName=javafml, acceptedVersions=[39,)]]
[18Sep2024 03:30:03.513] [main/DEBUG] [net.minecraftforge.fml.loading.moddiscovery.ModFileParser/LOADING]: Considering mod file candidate /workspaces/Mamaron-/servidor_minecraft/mods/memoryleakfix-forge-1.17+-1.0.0.jar
[18Sep2024 03:30:03.514] [main/DEBUG] [net.minecraftforge.fml.loading.moddiscovery.ModFileInfo/LOADING]: Found valid mod file memoryleakfix-forge-1.17+-1.0.0.jar with {memoryleakfix} mods - versions {1.0.0}
[18Sep2024 03:30:03.515] [main/DEBUG] [net.minecraftforge.fml.loading.moddiscovery.ModFile/LOADING]: Loading mod file /workspaces/Mamaron-/servidor_minecraft/mods/memoryleakfix-forge-1.17+-1.0.0.jar with languages [LanguageSpec[languageName=javafml, acceptedVersions=*]]
[18Sep2024 03:30:03.515] [main/DEBUG] [net.minecraftforge.fml.loading.moddiscovery.ModFileParser/LOADING]: Considering mod file candidate /workspaces/Mamaron-/servidor_minecraft/mods/DungeonsAriseSevenSeas-1.19.2-1.0.2-forge.jar
[18Sep2024 03:30:03.516] [main/DEBUG] [net.minecraftforge.fml.loading.moddiscovery.ModFileInfo/LOADING]: Found valid mod file DungeonsAriseSevenSeas-1.19.2-1.0.2-forge.jar with {dungeons_arise_seven_seas} mods - versions {1.0.2}
[18Sep2024 03:30:03.516] [main/DEBUG] [net.minecraftforge.fml.loading.moddiscovery.ModFile/LOADING]: Loading mod file /workspaces/Mamaron-/servidor_minecraft/mods/DungeonsAriseSevenSeas-1.19.2-1.0.2-forge.jar with languages [LanguageSpec[languageName=javafml, acceptedVersions=[43,)]]
[18Sep2024 03:30:03.517] [main/DEBUG] [net.minecraftforge.fml.loading.moddiscovery.ModFileParser/LOADING]: Considering mod file candidate /workspaces/Mamaron-/servidor_minecraft/mods/rubidium_extras-1.19.2_v1.4.3.jar
[18Sep2024 03:30:03.518] [main/DEBUG] [net.minecraftforge.fml.loading.moddiscovery.ModFileInfo/LOADING]: Found valid mod file rubidium_extras-1.19.2_v1.4.3.jar with {rubidium_extras} mods - versions {1.19.2_v1.4.3}
[18Sep2024 03:30:03.518] [main/DEBUG] [net.minecraftforge.fml.loading.moddiscovery.ModFile/LOADING]: Loading mod file /workspaces/Mamaron-/servidor_minecraft/mods/rubidium_extras-1.19.2_v1.4.3.jar with languages [LanguageSpec[languageName=javafml, acceptedVersions=[41,)]]
[18Sep2024 03:30:03.518] [main/DEBUG] [net.minecraftforge.fml.loading.moddiscovery.ModFileParser/LOADING]: Considering mod file candidate /workspaces/Mamaron-/servidor_minecraft/libraries/net/minecraftforge/forge/1.19.2-43.3.0/forge-1.19.2-43.3.0-universal.jar
[18Sep2024 03:30:03.519] [main/DEBUG] [net.minecraftforge.fml.loading.moddiscovery.ModFileInfo/LOADING]: Found valid mod file forge-1.19.2-43.3.0-universal.jar with {forge} mods - versions {43.3.0}
[18Sep2024 03:30:03.520] [main/DEBUG] [net.minecraftforge.fml.loading.moddiscovery.ModFile/LOADING]: Loading mod file /workspaces/Mamaron-/servidor_minecraft/libraries/net/minecraftforge/forge/1.19.2-43.3.0/forge-1.19.2-43.3.0-universal.jar with languages [LanguageSpec[languageName=javafml, acceptedVersions=[24,]]]
[18Sep2024 03:30:03.521] [main/DEBUG] [net.minecraftforge.fml.loading.moddiscovery.ModFileParser/LOADING]: Found coremod field_to_method with Javascript path coremods/field_to_method.js
[18Sep2024 03:30:03.521] [main/DEBUG] [net.minecraftforge.fml.loading.moddiscovery.ModFileParser/LOADING]: Found coremod field_to_instanceof with Javascript path coremods/field_to_instanceof.js
[18Sep2024 03:30:03.521] [main/DEBUG] [net.minecraftforge.fml.loading.moddiscovery.ModFileParser/LOADING]: Found coremod add_bouncer_method with Javascript path coremods/add_bouncer_method.js
[18Sep2024 03:30:03.521] [main/DEBUG] [net.minecraftforge.fml.loading.moddiscovery.ModFile/LOADING]: Found coremod coremods/field_to_method.js
[18Sep2024 03:30:03.522] [main/DEBUG] [net.minecraftforge.fml.loading.moddiscovery.ModFile/LOADING]: Found coremod coremods/field_to_instanceof.js
[18Sep2024 03:30:03.522] [main/DEBUG] [net.minecraftforge.fml.loading.moddiscovery.ModFile/LOADING]: Found coremod coremods/add_bouncer_method.js
[18Sep2024 03:30:03.522] [main/DEBUG] [net.minecraftforge.fml.loading.moddiscovery.ModFileParser/LOADING]: Considering mod file candidate /workspaces/Mamaron-/servidor_minecraft/mods/infernalmobs-1.19.2.4.jar
[18Sep2024 03:30:03.523] [main/DEBUG] [net.minecraftforge.fml.loading.moddiscovery.ModFileInfo/LOADING]: Found valid mod file infernalmobs-1.19.2.4.jar with {infernalmobs} mods - versions {1.19.2.4}
[18Sep2024 03:30:03.523] [main/DEBUG] [net.minecraftforge.fml.loading.moddiscovery.ModFile/LOADING]: Loading mod file /workspaces/Mamaron-/servidor_minecraft/mods/infernalmobs-1.19.2.4.jar with languages [LanguageSpec[languageName=javafml, acceptedVersions=[37,)]]
[18Sep2024 03:30:03.523] [main/DEBUG] [net.minecraftforge.fml.loading.moddiscovery.ModFileParser/LOADING]: Considering mod file candidate /workspaces/Mamaron-/servidor_minecraft/mods/ironchest-1.19.2-14.2.7.jar
[18Sep2024 03:30:03.524] [main/DEBUG] [net.minecraftforge.fml.loading.moddiscovery.ModFileInfo/LOADING]: Found valid mod file ironchest-1.19.2-14.2.7.jar with {ironchest} mods - versions {1.19.2-14.2.7}
[18Sep2024 03:30:03.525] [main/DEBUG] [net.minecraftforge.fml.loading.moddiscovery.ModFile/LOADING]: Loading mod file /workspaces/Mamaron-/servidor_minecraft/mods/ironchest-1.19.2-14.2.7.jar with languages [LanguageSpec[languageName=javafml, acceptedVersions=[41,44)]]
[18Sep2024 03:30:03.525] [main/DEBUG] [net.minecraftforge.fml.loading.moddiscovery.ModFileParser/LOADING]: Considering mod file candidate /workspaces/Mamaron-/servidor_minecraft/mods/DungeonsArise-1.19.2-2.1.54-release.jar
[18Sep2024 03:30:03.526] [main/DEBUG] [net.minecraftforge.fml.loading.moddiscovery.ModFileInfo/LOADING]: Found valid mod file DungeonsArise-1.19.2-2.1.54-release.jar with {dungeons_arise} mods - versions {2.1.54-1.19.2}
[18Sep2024 03:30:03.526] [main/DEBUG] [net.minecraftforge.fml.loading.moddiscovery.ModFile/LOADING]: Loading mod file /workspaces/Mamaron-/servidor_minecraft/mods/DungeonsArise-1.19.2-2.1.54-release.jar with languages [LanguageSpec[languageName=javafml, acceptedVersions=[41,)]]
[18Sep2024 03:30:03.526] [main/DEBUG] [net.minecraftforge.fml.loading.moddiscovery.ModFileParser/LOADING]: Considering mod file candidate /workspaces/Mamaron-/servidor_minecraft/mods/smoothchunk-1.19.2-3.5.jar
[18Sep2024 03:30:03.528] [main/DEBUG] [net.minecraftforge.fml.loading.moddiscovery.ModFileInfo/LOADING]: Found valid mod file smoothchunk-1.19.2-3.5.jar with {smoothchunk} mods - versions {1.19.2-3.5}
[18Sep2024 03:30:03.529] [main/DEBUG] [net.minecraftforge.fml.loading.moddiscovery.ModFile/LOADING]: Loading mod file /workspaces/Mamaron-/servidor_minecraft/mods/smoothchunk-1.19.2-3.5.jar with languages [LanguageSpec[languageName=javafml, acceptedVersions=[36,)]]
[18Sep2024 03:30:03.529] [main/DEBUG] [net.minecraftforge.fml.loading.moddiscovery.ModFileParser/LOADING]: Considering mod file candidate /workspaces/Mamaron-/servidor_minecraft/mods/sons-of-sins-1.19.2-2.1.6.jar
[18Sep2024 03:30:03.536] [main/DEBUG] [net.minecraftforge.fml.loading.moddiscovery.ModFileInfo/LOADING]: Found valid mod file sons-of-sins-1.19.2-2.1.6.jar with {sons_of_sins} mods - versions {2.1.6}
[18Sep2024 03:30:03.537] [main/DEBUG] [net.minecraftforge.fml.loading.moddiscovery.ModFile/LOADING]: Loading mod file /workspaces/Mamaron-/servidor_minecraft/mods/sons-of-sins-1.19.2-2.1.6.jar with languages [LanguageSpec[languageName=javafml, acceptedVersions=[43,)]]
[18Sep2024 03:30:03.538] [main/DEBUG] [net.minecraftforge.fml.loading.moddiscovery.ModFileInfo/LOADING]: Found valid mod file server-1.19.2-20220805.130853-srg.jar with {minecraft} mods - versions {1.19.2}
[18Sep2024 03:30:03.539] [main/DEBUG] [net.minecraftforge.fml.loading.moddiscovery.ModFile/LOADING]: Loading mod file /workspaces/Mamaron-/servidor_minecraft/libraries/net/minecraft/server/1.19.2-20220805.130853/server-1.19.2-20220805.130853-srg.jar with languages [LanguageSpec[languageName=minecraft, acceptedVersions=1]]
[18Sep2024 03:30:03.539] [main/DEBUG] [net.minecraftforge.fml.loading.moddiscovery.ModFileParser/LOADING]: Considering mod file candidate /workspaces/Mamaron-/servidor_minecraft/mods/TerraBlender-forge-1.19.2-2.0.1.166.jar
[18Sep2024 03:30:03.541] [main/DEBUG] [net.minecraftforge.fml.loading.moddiscovery.ModFileInfo/LOADING]: Found valid mod file TerraBlender-forge-1.19.2-2.0.1.166.jar with {terrablender} mods - versions {2.0.1.166}
[18Sep2024 03:30:03.542] [main/DEBUG] [net.minecraftforge.fml.loading.moddiscovery.ModFile/LOADING]: Loading mod file /workspaces/Mamaron-/servidor_minecraft/mods/TerraBlender-forge-1.19.2-2.0.1.166.jar with languages [LanguageSpec[languageName=javafml, acceptedVersions=[43,)]]
[18Sep2024 03:30:03.543] [main/DEBUG] [net.minecraftforge.fml.loading.moddiscovery.ModFileParser/LOADING]: Considering mod file candidate /workspaces/Mamaron-/servidor_minecraft/mods/bettercombat-forge-1.7.1+1.19.jar
[18Sep2024 03:30:03.544] [main/DEBUG] [net.minecraftforge.fml.loading.moddiscovery.ModFileInfo/LOADING]: Found valid mod file bettercombat-forge-1.7.1+1.19.jar with {bettercombat} mods - versions {1.7.1+1.19}
[18Sep2024 03:30:03.546] [main/DEBUG] [net.minecraftforge.fml.loading.moddiscovery.ModFile/LOADING]: Loading mod file /workspaces/Mamaron-/servidor_minecraft/mods/bettercombat-forge-1.7.1+1.19.jar with languages [LanguageSpec[languageName=javafml, acceptedVersions=[39,)]]
[18Sep2024 03:30:03.546] [main/DEBUG] [net.minecraftforge.fml.loading.moddiscovery.ModFileParser/LOADING]: Considering mod file candidate /workspaces/Mamaron-/servidor_minecraft/mods/MouseTweaks-forge-mc1.19-2.23.jar
[18Sep2024 03:30:03.550] [main/DEBUG] [net.minecraftforge.fml.loading.moddiscovery.ModFileInfo/LOADING]: Found valid mod file MouseTweaks-forge-mc1.19-2.23.jar with {mousetweaks} mods - versions {2.23}
[18Sep2024 03:30:03.550] [main/DEBUG] [net.minecraftforge.fml.loading.moddiscovery.ModFile/LOADING]: Loading mod file /workspaces/Mamaron-/servidor_minecraft/mods/MouseTweaks-forge-mc1.19-2.23.jar with languages [LanguageSpec[languageName=javafml, acceptedVersions=[41,)]]
[18Sep2024 03:30:03.550] [main/DEBUG] [net.minecraftforge.fml.loading.moddiscovery.ModFileParser/LOADING]: Considering mod file candidate 
[18Sep2024 03:30:03.551] [main/DEBUG] [net.minecraftforge.fml.loading.moddiscovery.ModFileInfo/LOADING]: Found valid mod file commonality-1.19.2-4.2.1.jar with {commonality} mods - versions {4.2.1}
[18Sep2024 03:30:03.552] [main/DEBUG] [net.minecraftforge.fml.loading.moddiscovery.ModFile/LOADING]: Loading mod file  with languages [LanguageSpec[languageName=javafml, acceptedVersions=[43,)]]
[18Sep2024 03:30:03.552] [main/DEBUG] [net.minecraftforge.fml.loading.moddiscovery.ModFileParser/LOADING]: Considering mod file candidate /workspaces/Mamaron-/servidor_minecraft/mods/ftb-quests-forge-1902.5.9-build.399.jar
[18Sep2024 03:30:03.553] [main/DEBUG] [net.minecraftforge.fml.loading.moddiscovery.ModFileInfo/LOADING]: Found valid mod file ftb-quests-forge-1902.5.9-build.399.jar with {ftbquests} mods - versions {1902.5.9-build.399}
[18Sep2024 03:30:03.553] [main/DEBUG] [net.minecraftforge.fml.loading.moddiscovery.ModFile/LOADING]: Loading mod file /workspaces/Mamaron-/servidor_minecraft/mods/ftb-quests-forge-1902.5.9-build.399.jar with languages [LanguageSpec[languageName=javafml, acceptedVersions=[43,)]]
[18Sep2024 03:30:03.554] [main/DEBUG] [net.minecraftforge.fml.loading.moddiscovery.ModFileParser/LOADING]: Considering mod file candidate /workspaces/Mamaron-/servidor_minecraft/mods/Necronomicon-Forge-1.4.2.jar
[18Sep2024 03:30:03.555] [main/DEBUG] [net.minecraftforge.fml.loading.moddiscovery.ModFileInfo/LOADING]: Found valid mod file Necronomicon-Forge-1.4.2.jar with {necronomicon} mods - versions {1.4.2}
[18Sep2024 03:30:03.555] [main/DEBUG] [net.minecraftforge.fml.loading.moddiscovery.ModFile/LOADING]: Loading mod file /workspaces/Mamaron-/servidor_minecraft/mods/Necronomicon-Forge-1.4.2.jar with languages [LanguageSpec[languageName=javafml, acceptedVersions=*]]
[18Sep2024 03:30:03.556] [main/DEBUG] [net.minecraftforge.fml.loading.moddiscovery.ModFileParser/LOADING]: Considering mod file candidate /workspaces/Mamaron-/servidor_minecraft/mods/ItemProductionLib-1.19.2-1.0.2a-all.jar
[18Sep2024 03:30:03.560] [main/DEBUG] [net.minecraftforge.fml.loading.moddiscovery.ModFileInfo/LOADING]: Found valid mod file ItemProductionLib-1.19.2-1.0.2a-all.jar with {itemproductionlib} mods - versions {1.0.2a}
[18Sep2024 03:30:03.561] [main/DEBUG] [net.minecraftforge.fml.loading.moddiscovery.ModFile/LOADING]: Loading mod file /workspaces/Mamaron-/servidor_minecraft/mods/ItemProductionLib-1.19.2-1.0.2a-all.jar with languages [LanguageSpec[languageName=javafml, acceptedVersions=[43,)]]
[18Sep2024 03:30:03.561] [main/DEBUG] [net.minecraftforge.fml.loading.moddiscovery.ModFileParser/LOADING]: Considering mod file candidate 
[18Sep2024 03:30:03.562] [main/DEBUG] [net.minecraftforge.fml.loading.moddiscovery.ModFileInfo/LOADING]: Found valid mod file spectrelib-forge-0.12.8+1.19.2.jar with {spectrelib} mods - versions {0.12.8+1.19.2}
[18Sep2024 03:30:03.562] [main/DEBUG] [net.minecraftforge.fml.loading.moddiscovery.ModFile/LOADING]: Loading mod file  with languages [LanguageSpec[languageName=javafml, acceptedVersions=[41,)]]
[18Sep2024 03:30:03.562] [main/DEBUG] [net.minecraftforge.fml.loading.moddiscovery.ModFileParser/LOADING]: Considering mod file candidate /workspaces/Mamaron-/servidor_minecraft/mods/CorgiLib-forge-1.19.2-1.0.0.34.jar
[18Sep2024 03:30:03.563] [main/DEBUG] [net.minecraftforge.fml.loading.moddiscovery.ModFileInfo/LOADING]: Found valid mod file CorgiLib-forge-1.19.2-1.0.0.34.jar with {corgilib} mods - versions {1.0.0.34}
[18Sep2024 03:30:03.563] [main/DEBUG] [net.minecraftforge.fml.loading.moddiscovery.ModFile/LOADING]: Loading mod file /workspaces/Mamaron-/servidor_minecraft/mods/CorgiLib-forge-1.19.2-1.0.0.34.jar with languages [LanguageSpec[languageName=javafml, acceptedVersions=[40,)]]
[18Sep2024 03:30:03.564] [main/DEBUG] [net.minecraftforge.fml.loading.moddiscovery.ModFileParser/LOADING]: Considering mod file candidate /workspaces/Mamaron-/servidor_minecraft/mods/fastpaintings-1.19-1.1.3.jar
[18Sep2024 03:30:03.564] [main/DEBUG] [net.minecraftforge.fml.loading.moddiscovery.ModFileInfo/LOADING]: Found valid mod file fastpaintings-1.19-1.1.3.jar with {fastpaintings} mods - versions {1.19-1.1.3}
[18Sep2024 03:30:03.564] [main/DEBUG] [net.minecraftforge.fml.loading.moddiscovery.ModFile/LOADING]: Loading mod file /workspaces/Mamaron-/servidor_minecraft/mods/fastpaintings-1.19-1.1.3.jar with languages [LanguageSpec[languageName=javafml, acceptedVersions=[41,)]]
[18Sep2024 03:30:03.565] [main/DEBUG] [net.minecraftforge.fml.loading.moddiscovery.ModFileParser/LOADING]: Considering mod file candidate /workspaces/Mamaron-/servidor_minecraft/mods/aeroblender-1.19.2-1.0.1.jar
[18Sep2024 03:30:03.565] [main/DEBUG] [net.minecraftforge.fml.loading.moddiscovery.ModFileInfo/LOADING]: Found valid mod file aeroblender-1.19.2-1.0.1.jar with {aeroblender} mods - versions {1.19.2-1.0.1}
[18Sep2024 03:30:03.566] [main/DEBUG] [net.minecraftforge.fml.loading.moddiscovery.ModFile/LOADING]: Loading mod file /workspaces/Mamaron-/servidor_minecraft/mods/aeroblender-1.19.2-1.0.1.jar with languages [LanguageSpec[languageName=javafml, acceptedVersions=[43,)]]
[18Sep2024 03:30:03.566] [main/DEBUG] [net.minecraftforge.fml.loading.moddiscovery.ModFileParser/LOADING]: Considering mod file candidate 
[18Sep2024 03:30:03.566] [main/DEBUG] [net.minecraftforge.fml.loading.moddiscovery.ModFileInfo/LOADING]: Found valid mod file calio-forge-1.19.2-1.7.0.4.jar with {calio} mods - versions {1.19.2-1.7.0.4}
[18Sep2024 03:30:03.567] [main/DEBUG] [net.minecraftforge.fml.loading.moddiscovery.ModFile/LOADING]: Loading mod file  with languages [LanguageSpec[languageName=javafml, acceptedVersions=[39,)]]
[18Sep2024 03:30:03.567] [main/DEBUG] [net.minecraftforge.fml.loading.moddiscovery.ModFileParser/LOADING]: Found coremod accessors with Javascript path coremods/accessors.js
[18Sep2024 03:30:03.567] [main/DEBUG] [net.minecraftforge.fml.loading.moddiscovery.ModFileParser/LOADING]: Found coremod tooltip with Javascript path coremods/tooltip.js
[18Sep2024 03:30:03.568] [main/DEBUG] [net.minecraftforge.fml.loading.moddiscovery.ModFile/LOADING]: Found coremod coremods/accessors.js
[18Sep2024 03:30:03.568] [main/DEBUG] [net.minecraftforge.fml.loading.moddiscovery.ModFile/LOADING]: Found coremod coremods/tooltip.js
[18Sep2024 03:30:03.568] [main/DEBUG] [net.minecraftforge.fml.loading.moddiscovery.ModFileParser/LOADING]: Considering mod file candidate /workspaces/Mamaron-/servidor_minecraft/mods/betterfpsdist-1.19.2-4.1.jar
[18Sep2024 03:30:03.569] [main/DEBUG] [net.minecraftforge.fml.loading.moddiscovery.ModFileInfo/LOADING]: Found valid mod file betterfpsdist-1.19.2-4.1.jar with {betterfpsdist} mods - versions {1.19.2-4.1}
[18Sep2024 03:30:03.569] [main/DEBUG] [net.minecraftforge.fml.loading.moddiscovery.ModFile/LOADING]: Loading mod file /workspaces/Mamaron-/servidor_minecraft/mods/betterfpsdist-1.19.2-4.1.jar with languages [LanguageSpec[languageName=javafml, acceptedVersions=[26,)]]
[18Sep2024 03:30:03.569] [main/DEBUG] [net.minecraftforge.fml.loading.moddiscovery.ModFileParser/LOADING]: Considering mod file candidate /workspaces/Mamaron-/servidor_minecraft/mods/BrewinAndChewin-1.19-2.0.jar
[18Sep2024 03:30:03.570] [main/DEBUG] [net.minecraftforge.fml.loading.moddiscovery.ModFileInfo/LOADING]: Found valid mod file BrewinAndChewin-1.19-2.0.jar with {brewinandchewin} mods - versions {1.19-2.0}
[18Sep2024 03:30:03.570] [main/DEBUG] [net.minecraftforge.fml.loading.moddiscovery.ModFile/LOADING]: Loading mod file /workspaces/Mamaron-/servidor_minecraft/mods/BrewinAndChewin-1.19-2.0.jar with languages [LanguageSpec[languageName=javafml, acceptedVersions=[41,)]]
[18Sep2024 03:30:03.570] [main/DEBUG] [net.minecraftforge.fml.loading.moddiscovery.ModFileParser/LOADING]: Considering mod file candidate /workspaces/Mamaron-/servidor_minecraft/mods/archaeology-1.0.0.jar
[18Sep2024 03:30:03.571] [main/DEBUG] [net.minecraftforge.fml.loading.moddiscovery.ModFileInfo/LOADING]: Found valid mod file archaeology-1.0.0.jar with {archaeology} mods - versions {1.0.0}
[18Sep2024 03:30:03.571] [main/DEBUG] [net.minecraftforge.fml.loading.moddiscovery.ModFile/LOADING]: Loading mod file /workspaces/Mamaron-/servidor_minecraft/mods/archaeology-1.0.0.jar with languages [LanguageSpec[languageName=javafml, acceptedVersions=[43,)]]
[18Sep2024 03:30:03.572] [main/DEBUG] [net.minecraftforge.fml.loading.moddiscovery.ModFileParser/LOADING]: Considering mod file candidate /workspaces/Mamaron-/servidor_minecraft/mods/FarmersRespite-1.19-2.0.jar
[18Sep2024 03:30:03.572] [main/DEBUG] [net.minecraftforge.fml.loading.moddiscovery.ModFileInfo/LOADING]: Found valid mod file FarmersRespite-1.19-2.0.jar with {farmersrespite} mods - versions {1.19-2.0}
[18Sep2024 03:30:03.572] [main/DEBUG] [net.minecraftforge.fml.loading.moddiscovery.ModFile/LOADING]: Loading mod file /workspaces/Mamaron-/servidor_minecraft/mods/FarmersRespite-1.19-2.0.jar with languages [LanguageSpec[languageName=javafml, acceptedVersions=[41,)]]
[18Sep2024 03:30:03.573] [main/DEBUG] [net.minecraftforge.fml.loading.moddiscovery.ModFileParser/LOADING]: Considering mod file candidate /workspaces/Mamaron-/servidor_minecraft/mods/ecologics-forge-1.19.2-2.1.11.jar
[18Sep2024 03:30:03.573] [main/DEBUG] [net.minecraftforge.fml.loading.moddiscovery.ModFileInfo/LOADING]: Found valid mod file ecologics-forge-1.19.2-2.1.11.jar with {ecologics} mods - versions {2.1.11}
[18Sep2024 03:30:03.573] [main/DEBUG] [net.minecraftforge.fml.loading.moddiscovery.ModFile/LOADING]: Loading mod file /workspaces/Mamaron-/servidor_minecraft/mods/ecologics-forge-1.19.2-2.1.11.jar with languages [LanguageSpec[languageName=javafml, acceptedVersions=[42,)]]
[18Sep2024 03:30:03.573] [main/DEBUG] [net.minecraftforge.fml.loading.moddiscovery.ModFileParser/LOADING]: Considering mod file candidate /workspaces/Mamaron-/servidor_minecraft/mods/Xaeros_Minimap_24.3.0_Forge_1.19.1.jar
[18Sep2024 03:30:03.574] [main/DEBUG] [net.minecraftforge.fml.loading.moddiscovery.ModFileInfo/LOADING]: Found valid mod file Xaeros_Minimap_24.3.0_Forge_1.19.1.jar with {xaerominimap} mods - versions {24.3.0}
[18Sep2024 03:30:03.575] [main/DEBUG] [net.minecraftforge.fml.loading.moddiscovery.ModFile/LOADING]: Loading mod file /workspaces/Mamaron-/servidor_minecraft/mods/Xaeros_Minimap_24.3.0_Forge_1.19.1.jar with languages [LanguageSpec[languageName=javafml, acceptedVersions=[42,)]]
[18Sep2024 03:30:03.575] [main/DEBUG] [net.minecraftforge.fml.loading.moddiscovery.ModFileParser/LOADING]: Found coremod xaerohud_core with Javascript path META-INF/xaerohud_core.js
[18Sep2024 03:30:03.575] [main/DEBUG] [net.minecraftforge.fml.loading.moddiscovery.ModFile/LOADING]: Found coremod META-INF/xaerohud_core.js
[18Sep2024 03:30:03.576] [main/DEBUG] [net.minecraftforge.fml.loading.moddiscovery.ModFileParser/LOADING]: Considering mod file candidate /workspaces/Mamaron-/servidor_minecraft/mods/shadowizardlib-1.19.2-1.0.8.jar
[18Sep2024 03:30:03.578] [main/DEBUG] [net.minecraftforge.fml.loading.moddiscovery.ModFileInfo/LOADING]: Found valid mod file shadowizardlib-1.19.2-1.0.8.jar with {shadowizardlib} mods - versions {1.19.2-1.0.8}
[18Sep2024 03:30:03.580] [main/DEBUG] [net.minecraftforge.fml.loading.moddiscovery.ModFile/LOADING]: Loading mod file /workspaces/Mamaron-/servidor_minecraft/mods/shadowizardlib-1.19.2-1.0.8.jar with languages [LanguageSpec[languageName=javafml, acceptedVersions=[43,)]]
[18Sep2024 03:30:03.580] [main/DEBUG] [net.minecraftforge.fml.loading.moddiscovery.ModFileParser/LOADING]: Considering mod file candidate /workspaces/Mamaron-/servidor_minecraft/mods/bocchium-1.19.2-0.0.3.jar
[18Sep2024 03:30:03.580] [main/DEBUG] [net.minecraftforge.fml.loading.moddiscovery.ModFileInfo/LOADING]: Found valid mod file bocchium-1.19.2-0.0.3.jar with {bocchium} mods - versions {1.19.2-0.0.3}
[18Sep2024 03:30:03.580] [main/DEBUG] [net.minecraftforge.fml.loading.moddiscovery.ModFile/LOADING]: Loading mod file /workspaces/Mamaron-/servidor_minecraft/mods/bocchium-1.19.2-0.0.3.jar with languages [LanguageSpec[languageName=javafml, acceptedVersions=[36,)]]
[18Sep2024 03:30:03.581] [main/DEBUG] [net.minecraftforge.fml.loading.moddiscovery.ModFileParser/LOADING]: Considering mod file candidate /workspaces/Mamaron-/servidor_minecraft/mods/polymorph-forge-0.46.6+1.19.2.jar
[18Sep2024 03:30:03.581] [main/DEBUG] [net.minecraftforge.fml.loading.moddiscovery.ModFileInfo/LOADING]: Found valid mod file polymorph-forge-0.46.6+1.19.2.jar with {polymorph} mods - versions {0.46.6+1.19.2}
[18Sep2024 03:30:03.582] [main/DEBUG] [net.minecraftforge.fml.loading.moddiscovery.ModFile/LOADING]: Loading mod file /workspaces/Mamaron-/servidor_minecraft/mods/polymorph-forge-0.46.6+1.19.2.jar with languages [LanguageSpec[languageName=javafml, acceptedVersions=[41,)]]
[18Sep2024 03:30:03.582] [main/DEBUG] [net.minecraftforge.fml.loading.moddiscovery.ModFileParser/LOADING]: Considering mod file candidate /workspaces/Mamaron-/servidor_minecraft/mods/entityculling-forge-1.6.1-mc1.19.2.jar
[18Sep2024 03:30:03.587] [main/DEBUG] [net.minecraftforge.fml.loading.moddiscovery.ModFileInfo/LOADING]: Found valid mod file entityculling-forge-1.6.1-mc1.19.2.jar with {entityculling} mods - versions {1.6.1}
[18Sep2024 03:30:03.587] [main/DEBUG] [net.minecraftforge.fml.loading.moddiscovery.ModFile/LOADING]: Loading mod file /workspaces/Mamaron-/servidor_minecraft/mods/entityculling-forge-1.6.1-mc1.19.2.jar with languages [LanguageSpec[languageName=javafml, acceptedVersions=[35,)]]
[18Sep2024 03:30:03.588] [main/DEBUG] [net.minecraftforge.fml.loading.moddiscovery.ModFileParser/LOADING]: Considering mod file candidate /workspaces/Mamaron-/servidor_minecraft/mods/canary-mc1.19.2-0.3.3.jar
[18Sep2024 03:30:03.591] [main/DEBUG] [net.minecraftforge.fml.loading.moddiscovery.ModFileInfo/LOADING]: Found valid mod file canary-mc1.19.2-0.3.3.jar with {canary} mods - versions {0.3.3}
[18Sep2024 03:30:03.591] [main/DEBUG] [net.minecraftforge.fml.loading.moddiscovery.ModFile/LOADING]: Loading mod file /workspaces/Mamaron-/servidor_minecraft/mods/canary-mc1.19.2-0.3.3.jar with languages [LanguageSpec[languageName=javafml, acceptedVersions=[43,)]]
[18Sep2024 03:30:03.591] [main/DEBUG] [net.minecraftforge.fml.loading.moddiscovery.ModFileParser/LOADING]: Considering mod file candidate /workspaces/Mamaron-/servidor_minecraft/mods/strictly_origins_v9.2.1_1.19.2.jar
[18Sep2024 03:30:03.597] [main/DEBUG] [net.minecraftforge.fml.loading.moddiscovery.ModFileInfo/LOADING]: Found valid mod file strictly_origins_v9.2.1_1.19.2.jar with {strictly_origins} mods - versions {8}
[18Sep2024 03:30:03.597] [main/DEBUG] [net.minecraftforge.fml.loading.moddiscovery.ModFile/LOADING]: Loading mod file /workspaces/Mamaron-/servidor_minecraft/mods/strictly_origins_v9.2.1_1.19.2.jar with languages [LanguageSpec[languageName=javafml, acceptedVersions=[43,)]]
[18Sep2024 03:30:03.597] [main/DEBUG] [net.minecraftforge.fml.loading.moddiscovery.ModFileParser/LOADING]: Considering mod file candidate /workspaces/Mamaron-/servidor_minecraft/mods/ImmediatelyFast-Forge-1.2.20+1.19.2.jar
[18Sep2024 03:30:03.598] [main/DEBUG] [net.minecraftforge.fml.loading.moddiscovery.ModFileInfo/LOADING]: Found valid mod file ImmediatelyFast-Forge-1.2.20+1.19.2.jar with {immediatelyfast} mods - versions {1.2.20+1.19.2}
[18Sep2024 03:30:03.600] [main/DEBUG] [net.minecraftforge.fml.loading.moddiscovery.ModFile/LOADING]: Loading mod file /workspaces/Mamaron-/servidor_minecraft/mods/ImmediatelyFast-Forge-1.2.20+1.19.2.jar with languages [LanguageSpec[languageName=javafml, acceptedVersions=[43,)]]
[18Sep2024 03:30:03.600] [main/DEBUG] [net.minecraftforge.fml.loading.moddiscovery.ModFileParser/LOADING]: Considering mod file candidate /workspaces/Mamaron-/servidor_minecraft/mods/tlc_forge-1.0.2-R-1.19.2.jar
[18Sep2024 03:30:03.601] [main/DEBUG] [net.minecraftforge.fml.loading.moddiscovery.ModFileInfo/LOADING]: Found valid mod file tlc_forge-1.0.2-R-1.19.2.jar with {tlc} mods - versions {1.0.2}
[18Sep2024 03:30:03.601] [main/DEBUG] [net.minecraftforge.fml.loading.moddiscovery.ModFile/LOADING]: Loading mod file /workspaces/Mamaron-/servidor_minecraft/mods/tlc_forge-1.0.2-R-1.19.2.jar with languages [LanguageSpec[languageName=javafml, acceptedVersions=[41,)]]
[18Sep2024 03:30:03.601] [main/DEBUG] [net.minecraftforge.fml.loading.moddiscovery.ModFileParser/LOADING]: Considering mod file candidate /workspaces/Mamaron-/servidor_minecraft/mods/lootr-forge-1.19-0.4.28.74.jar
[18Sep2024 03:30:03.602] [main/DEBUG] [net.minecraftforge.fml.loading.moddiscovery.ModFileInfo/LOADING]: Found valid mod file lootr-forge-1.19-0.4.28.74.jar with {lootr} mods - versions {0.4.28.73}
[18Sep2024 03:30:03.604] [main/DEBUG] [net.minecraftforge.fml.loading.moddiscovery.ModFile/LOADING]: Loading mod file /workspaces/Mamaron-/servidor_minecraft/mods/lootr-forge-1.19-0.4.28.74.jar with languages [LanguageSpec[languageName=javafml, acceptedVersions=[41,)]]
[18Sep2024 03:30:03.604] [main/DEBUG] [net.minecraftforge.fml.loading.moddiscovery.ModFileParser/LOADING]: Considering mod file candidate /workspaces/Mamaron-/servidor_minecraft/mods/biomemusic-1.19.2-2.2.jar
[18Sep2024 03:30:03.605] [main/DEBUG] [net.minecraftforge.fml.loading.moddiscovery.ModFileInfo/LOADING]: Found valid mod file biomemusic-1.19.2-2.2.jar with {biomemusic} mods - versions {1.19.2-2.2}
[18Sep2024 03:30:03.605] [main/DEBUG] [net.minecraftforge.fml.loading.moddiscovery.ModFile/LOADING]: Loading mod file /workspaces/Mamaron-/servidor_minecraft/mods/biomemusic-1.19.2-2.2.jar with languages [LanguageSpec[languageName=javafml, acceptedVersions=[36,)]]
[18Sep2024 03:30:03.605] [main/DEBUG] [net.minecraftforge.fml.loading.moddiscovery.ModFileParser/LOADING]: Considering mod file candidate /workspaces/Mamaron-/servidor_minecraft/mods/upgradednetherite_ultimate-1.19.2-4.1.0.4-release.jar
[18Sep2024 03:30:03.606] [main/DEBUG] [net.minecraftforge.fml.loading.moddiscovery.ModFileInfo/LOADING]: Found valid mod file upgradednetherite_ultimate-1.19.2-4.1.0.4-release.jar with {upgradednetherite_ultimate} mods - versions {1.19.2-4.1.0.4-release}
[18Sep2024 03:30:03.606] [main/DEBUG] [net.minecraftforge.fml.loading.moddiscovery.ModFile/LOADING]: Loading mod file /workspaces/Mamaron-/servidor_minecraft/mods/upgradednetherite_ultimate-1.19.2-4.1.0.4-release.jar with languages [LanguageSpec[languageName=javafml, acceptedVersions=[43,)]]
[18Sep2024 03:30:03.607] [main/DEBUG] [net.minecraftforge.fml.loading.moddiscovery.ModFileParser/LOADING]: Considering mod file candidate /workspaces/Mamaron-/servidor_minecraft/mods/PuzzlesLib-v4.4.3-1.19.2-Forge.jar
[18Sep2024 03:30:03.607] [main/DEBUG] [net.minecraftforge.fml.loading.moddiscovery.ModFileInfo/LOADING]: Found valid mod file PuzzlesLib-v4.4.3-1.19.2-Forge.jar with {puzzleslib} mods - versions {4.4.3}
[18Sep2024 03:30:03.608] [main/DEBUG] [net.minecraftforge.fml.loading.moddiscovery.ModFile/LOADING]: Loading mod file /workspaces/Mamaron-/servidor_minecraft/mods/PuzzlesLib-v4.4.3-1.19.2-Forge.jar with languages [LanguageSpec[languageName=javafml, acceptedVersions=[43,)]]
[18Sep2024 03:30:03.608] [main/DEBUG] [net.minecraftforge.fml.loading.moddiscovery.ModFileParser/LOADING]: Considering mod file candidate /workspaces/Mamaron-/servidor_minecraft/mods/Aquaculture-1.19.2-2.4.17.jar
[18Sep2024 03:30:03.608] [main/DEBUG] [net.minecraftforge.fml.loading.moddiscovery.ModFileInfo/LOADING]: Found valid mod file Aquaculture-1.19.2-2.4.17.jar with {aquaculture} mods - versions {1.19.2-2.4.17}
[18Sep2024 03:30:03.609] [main/DEBUG] [net.minecraftforge.fml.loading.moddiscovery.ModFile/LOADING]: Loading mod file /workspaces/Mamaron-/servidor_minecraft/mods/Aquaculture-1.19.2-2.4.17.jar with languages [LanguageSpec[languageName=javafml, acceptedVersions=[41,)]]
[18Sep2024 03:30:03.609] [main/DEBUG] [net.minecraftforge.fml.loading.moddiscovery.ModFileParser/LOADING]: Considering mod file candidate /workspaces/Mamaron-/servidor_minecraft/mods/Delightful-1.19.2-3.4.1.jar
[18Sep2024 03:30:03.610] [main/DEBUG] [net.minecraftforge.fml.loading.moddiscovery.ModFileInfo/LOADING]: Found valid mod file Delightful-1.19.2-3.4.1.jar with {delightful} mods - versions {3.4.1}
[18Sep2024 03:30:03.610] [main/DEBUG] [net.minecraftforge.fml.loading.moddiscovery.ModFile/LOADING]: Loading mod file /workspaces/Mamaron-/servidor_minecraft/mods/Delightful-1.19.2-3.4.1.jar with languages [LanguageSpec[languageName=javafml, acceptedVersions=[43,)]]
[18Sep2024 03:30:03.610] [main/DEBUG] [net.minecraftforge.fml.loading.moddiscovery.ModFileParser/LOADING]: Considering mod file candidate /workspaces/Mamaron-/servidor_minecraft/mods/chunksending-1.19.2-2.8.jar
[18Sep2024 03:30:03.611] [main/DEBUG] [net.minecraftforge.fml.loading.moddiscovery.ModFileInfo/LOADING]: Found valid mod file chunksending-1.19.2-2.8.jar with {chunksending} mods - versions {1.19.2-2.8}
[18Sep2024 03:30:03.611] [main/DEBUG] [net.minecraftforge.fml.loading.moddiscovery.ModFile/LOADING]: Loading mod file /workspaces/Mamaron-/servidor_minecraft/mods/chunksending-1.19.2-2.8.jar with languages [LanguageSpec[languageName=javafml, acceptedVersions=[36,)]]
[18Sep2024 03:30:03.612] [main/DEBUG] [net.minecraftforge.fml.loading.moddiscovery.ModFileParser/LOADING]: Considering mod file candidate /workspaces/Mamaron-/servidor_minecraft/mods/End's Phantasm - BETAv1.2.10.5 - 1.19.2.jar
[18Sep2024 03:30:03.612] [main/DEBUG] [net.minecraftforge.fml.loading.moddiscovery.ModFileInfo/LOADING]: Found valid mod file End's Phantasm - BETAv1.2.10.5 - 1.19.2.jar with {phantasm} mods - versions {1.2.10.5}
[18Sep2024 03:30:03.613] [main/DEBUG] [net.minecraftforge.fml.loading.moddiscovery.ModFile/LOADING]: Loading mod file /workspaces/Mamaron-/servidor_minecraft/mods/End's Phantasm - BETAv1.2.10.5 - 1.19.2.jar with languages [LanguageSpec[languageName=javafml, acceptedVersions=[43,)]]
[18Sep2024 03:30:03.613] [main/DEBUG] [net.minecraftforge.fml.loading.moddiscovery.ModFileParser/LOADING]: Considering mod file candidate /workspaces/Mamaron-/servidor_minecraft/mods/aquamirae-6.API15.jar
[18Sep2024 03:30:03.613] [main/DEBUG] [net.minecraftforge.fml.loading.moddiscovery.ModFileInfo/LOADING]: Found valid mod file aquamirae-6.API15.jar with {aquamirae} mods - versions {6.API15}
[18Sep2024 03:30:03.613] [main/DEBUG] [net.minecraftforge.fml.loading.moddiscovery.ModFile/LOADING]: Loading mod file /workspaces/Mamaron-/servidor_minecraft/mods/aquamirae-6.API15.jar with languages [LanguageSpec[languageName=javafml, acceptedVersions=[43,)]]
[18Sep2024 03:30:03.614] [main/DEBUG] [net.minecraftforge.fml.loading.moddiscovery.ModFileParser/LOADING]: Considering mod file candidate /workspaces/Mamaron-/servidor_minecraft/mods/defaultoptions-forge-1.19-15.0.2.jar
[18Sep2024 03:30:03.614] [main/DEBUG] [net.minecraftforge.fml.loading.moddiscovery.ModFileInfo/LOADING]: Found valid mod file defaultoptions-forge-1.19-15.0.2.jar with {defaultoptions} mods - versions {15.0.2}
[18Sep2024 03:30:03.614] [main/DEBUG] [net.minecraftforge.fml.loading.moddiscovery.ModFile/LOADING]: Loading mod file /workspaces/Mamaron-/servidor_minecraft/mods/defaultoptions-forge-1.19-15.0.2.jar with languages [LanguageSpec[languageName=javafml, acceptedVersions=[41,)]]
[18Sep2024 03:30:03.615] [main/DEBUG] [net.minecraftforge.fml.loading.moddiscovery.ModFileParser/LOADING]: Considering mod file candidate /workspaces/Mamaron-/servidor_minecraft/mods/xptome-1.19-2.1.7.jar
[18Sep2024 03:30:03.615] [main/DEBUG] [net.minecraftforge.fml.loading.moddiscovery.ModFileInfo/LOADING]: Found valid mod file xptome-1.19-2.1.7.jar with {xpbook} mods - versions {2.1.7}
[18Sep2024 03:30:03.615] [main/DEBUG] [net.minecraftforge.fml.loading.moddiscovery.ModFile/LOADING]: Loading mod file /workspaces/Mamaron-/servidor_minecraft/mods/xptome-1.19-2.1.7.jar with languages [LanguageSpec[languageName=javafml, acceptedVersions=[41,)]]
[18Sep2024 03:30:03.616] [main/DEBUG] [net.minecraftforge.fml.loading.moddiscovery.ModFileParser/LOADING]: Considering mod file candidate /workspaces/Mamaron-/servidor_minecraft/mods/blue_skies-1.19.2-1.3.20.jar
[18Sep2024 03:30:03.616] [main/DEBUG] [net.minecraftforge.fml.loading.moddiscovery.ModFileInfo/LOADING]: Found valid mod file blue_skies-1.19.2-1.3.20.jar with {blue_skies} mods - versions {1.3.20}
[18Sep2024 03:30:03.617] [main/DEBUG] [net.minecraftforge.fml.loading.moddiscovery.ModFile/LOADING]: Loading mod file /workspaces/Mamaron-/servidor_minecraft/mods/blue_skies-1.19.2-1.3.20.jar with languages [LanguageSpec[languageName=javafml, acceptedVersions=[43,)]]
[18Sep2024 03:30:03.617] [main/DEBUG] [net.minecraftforge.fml.loading.moddiscovery.ModFileParser/LOADING]: Considering mod file candidate /workspaces/Mamaron-/servidor_minecraft/mods/transmog-forge-1.2.2+1.19.2.jar
[18Sep2024 03:30:03.618] [main/DEBUG] [net.minecraftforge.fml.loading.moddiscovery.ModFileInfo/LOADING]: Found valid mod file transmog-forge-1.2.2+1.19.2.jar with {transmog} mods - versions {1.2.2+1.19.2}
[18Sep2024 03:30:03.618] [main/DEBUG] [net.minecraftforge.fml.loading.moddiscovery.ModFile/LOADING]: Loading mod file /workspaces/Mamaron-/servidor_minecraft/mods/transmog-forge-1.2.2+1.19.2.jar with languages [LanguageSpec[languageName=javafml, acceptedVersions=[43,)]]
[18Sep2024 03:30:03.618] [main/DEBUG] [net.minecraftforge.fml.loading.moddiscovery.ModFileParser/LOADING]: Considering mod file candidate /workspaces/Mamaron-/servidor_minecraft/mods/recipeessentials-1.19.2-3.5.jar
[18Sep2024 03:30:03.619] [main/DEBUG] [net.minecraftforge.fml.loading.moddiscovery.ModFileInfo/LOADING]: Found valid mod file recipeessentials-1.19.2-3.5.jar with {recipeessentials} mods - versions {1.19.2-3.5}
[18Sep2024 03:30:03.620] [main/DEBUG] [net.minecraftforge.fml.loading.moddiscovery.ModFile/LOADING]: Loading mod file /workspaces/Mamaron-/servidor_minecraft/mods/recipeessentials-1.19.2-3.5.jar with languages [LanguageSpec[languageName=javafml, acceptedVersions=[36,)]]
[18Sep2024 03:30:03.620] [main/DEBUG] [net.minecraftforge.fml.loading.moddiscovery.ModFileParser/LOADING]: Considering mod file candidate /workspaces/Mamaron-/servidor_minecraft/mods/aether-1.19.2-1.4.2-forge.jar
[18Sep2024 03:30:03.621] [main/DEBUG] [net.minecraftforge.fml.loading.moddiscovery.ModFileInfo/LOADING]: Found valid mod file aether-1.19.2-1.4.2-forge.jar with {aether} mods - versions {1.19.2-1.4.2-forge}
[18Sep2024 03:30:03.621] [main/DEBUG] [net.minecraftforge.fml.loading.moddiscovery.ModFile/LOADING]: Loading mod file /workspaces/Mamaron-/servidor_minecraft/mods/aether-1.19.2-1.4.2-forge.jar with languages [LanguageSpec[languageName=javafml, acceptedVersions=[43,)]]
[18Sep2024 03:30:03.621] [main/DEBUG] [net.minecraftforge.fml.loading.moddiscovery.ModFileParser/LOADING]: Considering mod file candidate /workspaces/Mamaron-/servidor_minecraft/mods/YungsBetterOceanMonuments-1.19.2-Forge-2.1.1.jar
[18Sep2024 03:30:03.625] [main/DEBUG] [net.minecraftforge.fml.loading.moddiscovery.ModFileInfo/LOADING]: Found valid mod file YungsBetterOceanMonuments-1.19.2-Forge-2.1.1.jar with {betteroceanmonuments} mods - versions {1.19.2-Forge-2.1.1}
[18Sep2024 03:30:03.625] [main/DEBUG] [net.minecraftforge.fml.loading.moddiscovery.ModFile/LOADING]: Loading mod file /workspaces/Mamaron-/servidor_minecraft/mods/YungsBetterOceanMonuments-1.19.2-Forge-2.1.1.jar with languages [LanguageSpec[languageName=javafml, acceptedVersions=[43,)]]
[18Sep2024 03:30:03.626] [main/DEBUG] [net.minecraftforge.fml.loading.moddiscovery.ModFileParser/LOADING]: Considering mod file candidate /workspaces/Mamaron-/servidor_minecraft/mods/connectivity-1.19.2-4.6.jar
[18Sep2024 03:30:03.626] [main/DEBUG] [net.minecraftforge.fml.loading.moddiscovery.ModFileInfo/LOADING]: Found valid mod file connectivity-1.19.2-4.6.jar with {connectivity} mods - versions {1.19.2-4.6}
[18Sep2024 03:30:03.627] [main/DEBUG] [net.minecraftforge.fml.loading.moddiscovery.ModFile/LOADING]: Loading mod file /workspaces/Mamaron-/servidor_minecraft/mods/connectivity-1.19.2-4.6.jar with languages [LanguageSpec[languageName=javafml, acceptedVersions=[28,)]]
[18Sep2024 03:30:03.627] [main/DEBUG] [net.minecraftforge.fml.loading.moddiscovery.ModFileParser/LOADING]: Considering mod file candidate /workspaces/Mamaron-/servidor_minecraft/mods/Incendium_1.19.3_v5.1.6.jar
[18Sep2024 03:30:03.628] [main/DEBUG] [net.minecraftforge.fml.loading.moddiscovery.ModFileInfo/LOADING]: Found valid mod file Incendium_1.19.3_v5.1.6.jar with {incendium} mods - versions {5.1.6}
[18Sep2024 03:30:03.628] [main/DEBUG] [net.minecraftforge.fml.loading.moddiscovery.ModFile/LOADING]: Loading mod file /workspaces/Mamaron-/servidor_minecraft/mods/Incendium_1.19.3_v5.1.6.jar with languages [LanguageSpec[languageName=javafml, acceptedVersions=[40,)]]
[18Sep2024 03:30:03.628] [main/DEBUG] [net.minecraftforge.fml.loading.moddiscovery.ModFileParser/LOADING]: Considering mod file candidate /workspaces/Mamaron-/servidor_minecraft/mods/gpumemleakfix-1.19.2-1.6.jar
[18Sep2024 03:30:03.629] [main/DEBUG] [net.minecraftforge.fml.loading.moddiscovery.ModFileInfo/LOADING]: Found valid mod file gpumemleakfix-1.19.2-1.6.jar with {gpumemleakfix} mods - versions {1.19.2-1.6}
[18Sep2024 03:30:03.629] [main/DEBUG] [net.minecraftforge.fml.loading.moddiscovery.ModFile/LOADING]: Loading mod file /workspaces/Mamaron-/servidor_minecraft/mods/gpumemleakfix-1.19.2-1.6.jar with languages [LanguageSpec[languageName=javafml, acceptedVersions=[36,)]]
[18Sep2024 03:30:03.630] [main/DEBUG] [net.minecraftforge.fml.loading.moddiscovery.ModFileParser/LOADING]: Considering mod file candidate /workspaces/Mamaron-/servidor_minecraft/mods/sophisticatedcore-1.19.2-0.6.4.605.jar
[18Sep2024 03:30:03.630] [main/DEBUG] [net.minecraftforge.fml.loading.moddiscovery.ModFileInfo/LOADING]: Found valid mod file sophisticatedcore-1.19.2-0.6.4.605.jar with {sophisticatedcore} mods - versions {1.19.2-0.6.4.605}
[18Sep2024 03:30:03.631] [main/DEBUG] [net.minecraftforge.fml.loading.moddiscovery.ModFile/LOADING]: Loading mod file /workspaces/Mamaron-/servidor_minecraft/mods/sophisticatedcore-1.19.2-0.6.4.605.jar with languages [LanguageSpec[languageName=javafml, acceptedVersions=[18,)]]
[18Sep2024 03:30:03.631] [main/DEBUG] [net.minecraftforge.fml.loading.moddiscovery.ModFileParser/LOADING]: Considering mod file candidate /workspaces/Mamaron-/servidor_minecraft/mods/InsaneLib-1.7.5-mc1.19.2.jar
[18Sep2024 03:30:03.631] [main/DEBUG] [net.minecraftforge.fml.loading.moddiscovery.ModFileInfo/LOADING]: Found valid mod file InsaneLib-1.7.5-mc1.19.2.jar with {insanelib} mods - versions {1.7.5}
[18Sep2024 03:30:03.632] [main/DEBUG] [net.minecraftforge.fml.loading.moddiscovery.ModFile/LOADING]: Loading mod file /workspaces/Mamaron-/servidor_minecraft/mods/InsaneLib-1.7.5-mc1.19.2.jar with languages [LanguageSpec[languageName=javafml, acceptedVersions=[42,)]]
[18Sep2024 03:30:03.632] [main/DEBUG] [net.minecraftforge.fml.loading.moddiscovery.ModFileParser/LOADING]: Considering mod file candidate /workspaces/Mamaron-/servidor_minecraft/mods/structureessentials-1.19.2-3.2.jar
[18Sep2024 03:30:03.633] [main/DEBUG] [net.minecraftforge.fml.loading.moddiscovery.ModFileInfo/LOADING]: Found valid mod file structureessentials-1.19.2-3.2.jar with {structureessentials} mods - versions {1.19.2-3.2}
[18Sep2024 03:30:03.634] [main/DEBUG] [net.minecraftforge.fml.loading.moddiscovery.ModFile/LOADING]: Loading mod file /workspaces/Mamaron-/servidor_minecraft/mods/structureessentials-1.19.2-3.2.jar with languages [LanguageSpec[languageName=javafml, acceptedVersions=[36,)]]
[18Sep2024 03:30:03.634] [main/DEBUG] [net.minecraftforge.fml.loading.moddiscovery.ModFileParser/LOADING]: Considering mod file candidate /workspaces/Mamaron-/servidor_minecraft/mods/Controlling-forge-1.19.2-10.0+7.jar
[18Sep2024 03:30:03.635] [main/DEBUG] [net.minecraftforge.fml.loading.moddiscovery.ModFileInfo/LOADING]: Found valid mod file Controlling-forge-1.19.2-10.0+7.jar with {controlling} mods - versions {10.0+7}
[18Sep2024 03:30:03.635] [main/DEBUG] [net.minecraftforge.fml.loading.moddiscovery.ModFile/LOADING]: Loading mod file /workspaces/Mamaron-/servidor_minecraft/mods/Controlling-forge-1.19.2-10.0+7.jar with languages [LanguageSpec[languageName=javafml, acceptedVersions=[41,)]]
[18Sep2024 03:30:03.635] [main/DEBUG] [net.minecraftforge.fml.loading.moddiscovery.ModFileParser/LOADING]: Considering mod file candidate /workspaces/Mamaron-/servidor_minecraft/mods/XaerosWorldMap_1.38.8_Forge_1.19.1.jar
[18Sep2024 03:30:03.636] [main/DEBUG] [net.minecraftforge.fml.loading.moddiscovery.ModFileInfo/LOADING]: Found valid mod file XaerosWorldMap_1.38.8_Forge_1.19.1.jar with {xaeroworldmap} mods - versions {1.38.8}
[18Sep2024 03:30:03.637] [main/DEBUG] [net.minecraftforge.fml.loading.moddiscovery.ModFile/LOADING]: Loading mod file /workspaces/Mamaron-/servidor_minecraft/mods/XaerosWorldMap_1.38.8_Forge_1.19.1.jar with languages [LanguageSpec[languageName=javafml, acceptedVersions=[42,)]]
[18Sep2024 03:30:03.638] [main/DEBUG] [net.minecraftforge.fml.loading.moddiscovery.ModFileParser/LOADING]: Found coremod xaeroworldmap_core with Javascript path META-INF/xaeroworldmap_core.js
[18Sep2024 03:30:03.638] [main/DEBUG] [net.minecraftforge.fml.loading.moddiscovery.ModFile/LOADING]: Found coremod META-INF/xaeroworldmap_core.js
[18Sep2024 03:30:03.638] [main/DEBUG] [net.minecraftforge.fml.loading.moddiscovery.ModFileParser/LOADING]: Considering mod file candidate /workspaces/Mamaron-/servidor_minecraft/mods/citadel-2.1.4-1.19.jar
[18Sep2024 03:30:03.639] [main/DEBUG] [net.minecraftforge.fml.loading.moddiscovery.ModFileInfo/LOADING]: Found valid mod file citadel-2.1.4-1.19.jar with {citadel} mods - versions {2.1.4}
[18Sep2024 03:30:03.639] [main/DEBUG] [net.minecraftforge.fml.loading.moddiscovery.ModFile/LOADING]: Loading mod file /workspaces/Mamaron-/servidor_minecraft/mods/citadel-2.1.4-1.19.jar with languages [LanguageSpec[languageName=javafml, acceptedVersions=[41,)]]
[18Sep2024 03:30:03.640] [main/DEBUG] [net.minecraftforge.fml.loading.moddiscovery.ModFileParser/LOADING]: Considering mod file candidate /workspaces/Mamaron-/servidor_minecraft/mods/Placebo-1.19.2-7.4.0.jar
[18Sep2024 03:30:03.640] [main/DEBUG] [net.minecraftforge.fml.loading.moddiscovery.ModFileInfo/LOADING]: Found valid mod file Placebo-1.19.2-7.4.0.jar with {placebo} mods - versions {7.4.0}
[18Sep2024 03:30:03.641] [main/DEBUG] [net.minecraftforge.fml.loading.moddiscovery.ModFile/LOADING]: Loading mod file /workspaces/Mamaron-/servidor_minecraft/mods/Placebo-1.19.2-7.4.0.jar with languages [LanguageSpec[languageName=javafml, acceptedVersions=[32,)]]
[18Sep2024 03:30:03.641] [main/DEBUG] [net.minecraftforge.fml.loading.moddiscovery.ModFileParser/LOADING]: Found coremod placebo_get_ench_level_event with Javascript path coremods/get_ench_level_event.js
[18Sep2024 03:30:03.642] [main/DEBUG] [net.minecraftforge.fml.loading.moddiscovery.ModFileParser/LOADING]: Found coremod placebo_get_ench_level_event_specific with Javascript path coremods/get_ench_level_event_specific.js
[18Sep2024 03:30:03.642] [main/DEBUG] [net.minecraftforge.fml.loading.moddiscovery.ModFile/LOADING]: Found coremod coremods/get_ench_level_event.js
[18Sep2024 03:30:03.642] [main/DEBUG] [net.minecraftforge.fml.loading.moddiscovery.ModFile/LOADING]: Found coremod coremods/get_ench_level_event_specific.js
[18Sep2024 03:30:03.642] [main/DEBUG] [net.minecraftforge.fml.loading.moddiscovery.ModFileParser/LOADING]: Considering mod file candidate /workspaces/Mamaron-/servidor_minecraft/mods/Prism-1.19.1-1.0.2.jar
[18Sep2024 03:30:03.643] [main/DEBUG] [net.minecraftforge.fml.loading.moddiscovery.ModFileInfo/LOADING]: Found valid mod file Prism-1.19.1-1.0.2.jar with {prism} mods - versions {1.0.2}
[18Sep2024 03:30:03.644] [main/DEBUG] [net.minecraftforge.fml.loading.moddiscovery.ModFile/LOADING]: Loading mod file /workspaces/Mamaron-/servidor_minecraft/mods/Prism-1.19.1-1.0.2.jar with languages [LanguageSpec[languageName=javafml, acceptedVersions=[41,)]]
[18Sep2024 03:30:03.644] [main/DEBUG] [net.minecraftforge.fml.loading.moddiscovery.ModFileParser/LOADING]: Considering mod file candidate /workspaces/Mamaron-/servidor_minecraft/mods/lootintegrations-1.19.2-3.7.jar
[18Sep2024 03:30:03.646] [main/DEBUG] [net.minecraftforge.fml.loading.moddiscovery.ModFileInfo/LOADING]: Found valid mod file lootintegrations-1.19.2-3.7.jar with {lootintegrations} mods - versions {1.19.2-3.7}
[18Sep2024 03:30:03.646] [main/DEBUG] [net.minecraftforge.fml.loading.moddiscovery.ModFile/LOADING]: Loading mod file /workspaces/Mamaron-/servidor_minecraft/mods/lootintegrations-1.19.2-3.7.jar with languages [LanguageSpec[languageName=javafml, acceptedVersions=[36,)]]
[18Sep2024 03:30:03.647] [main/DEBUG] [net.minecraftforge.fml.loading.moddiscovery.ModFileParser/LOADING]: Considering mod file candidate /workspaces/Mamaron-/servidor_minecraft/mods/Item_Obliterator-FORGE-MC1.19.2-1.6.2.jar
[18Sep2024 03:30:03.648] [main/DEBUG] [net.minecraftforge.fml.loading.moddiscovery.ModFileInfo/LOADING]: Found valid mod file Item_Obliterator-FORGE-MC1.19.2-1.6.2.jar with {item_obliterator} mods - versions {1.6.2}
[18Sep2024 03:30:03.648] [main/DEBUG] [net.minecraftforge.fml.loading.moddiscovery.ModFile/LOADING]: Loading mod file /workspaces/Mamaron-/servidor_minecraft/mods/Item_Obliterator-FORGE-MC1.19.2-1.6.2.jar with languages [LanguageSpec[languageName=javafml, acceptedVersions=[43,)]]
[18Sep2024 03:30:03.648] [main/DEBUG] [net.minecraftforge.fml.loading.moddiscovery.ModFileParser/LOADING]: Considering mod file candidate /workspaces/Mamaron-/servidor_minecraft/mods/letsdo-bakery-forge-1.0.6.jar
[18Sep2024 03:30:03.650] [main/DEBUG] [net.minecraftforge.fml.loading.moddiscovery.ModFileInfo/LOADING]: Found valid mod file letsdo-bakery-forge-1.0.6.jar with {bakery} mods - versions {1.0.6}
[18Sep2024 03:30:03.650] [main/DEBUG] [net.minecraftforge.fml.loading.moddiscovery.ModFile/LOADING]: Loading mod file /workspaces/Mamaron-/servidor_minecraft/mods/letsdo-bakery-forge-1.0.6.jar with languages [LanguageSpec[languageName=javafml, acceptedVersions=[43,)]]
[18Sep2024 03:30:03.650] [main/DEBUG] [net.minecraftforge.fml.loading.moddiscovery.ModFileParser/LOADING]: Considering mod file candidate /workspaces/Mamaron-/servidor_minecraft/mods/Bookshelf-Forge-1.19.2-16.3.20.jar
[18Sep2024 03:30:03.651] [main/DEBUG] [net.minecraftforge.fml.loading.moddiscovery.ModFileInfo/LOADING]: Found valid mod file Bookshelf-Forge-1.19.2-16.3.20.jar with {bookshelf} mods - versions {16.3.20}
[18Sep2024 03:30:03.651] [main/DEBUG] [net.minecraftforge.fml.loading.moddiscovery.ModFile/LOADING]: Loading mod file /workspaces/Mamaron-/servidor_minecraft/mods/Bookshelf-Forge-1.19.2-16.3.20.jar with languages [LanguageSpec[languageName=javafml, acceptedVersions=[43,)]]
[18Sep2024 03:30:03.651] [main/DEBUG] [net.minecraftforge.fml.loading.moddiscovery.ModFileParser/LOADING]: Considering mod file candidate /workspaces/Mamaron-/servidor_minecraft/mods/sophisticatedbackpacks-1.19.2-3.20.2.1035.jar
[18Sep2024 03:30:03.652] [main/DEBUG] [net.minecraftforge.fml.loading.moddiscovery.ModFileInfo/LOADING]: Found valid mod file sophisticatedbackpacks-1.19.2-3.20.2.1035.jar with {sophisticatedbackpacks} mods - versions {1.19.2-3.20.2.1035}
[18Sep2024 03:30:03.653] [main/DEBUG] [net.minecraftforge.fml.loading.moddiscovery.ModFile/LOADING]: Loading mod file /workspaces/Mamaron-/servidor_minecraft/mods/sophisticatedbackpacks-1.19.2-3.20.2.1035.jar with languages [LanguageSpec[languageName=javafml, acceptedVersions=[18,)]]
[18Sep2024 03:30:03.653] [main/DEBUG] [net.minecraftforge.fml.loading.moddiscovery.ModFileParser/LOADING]: Considering mod file candidate /workspaces/Mamaron-/servidor_minecraft/mods/twigs-forge-1.19.2-3.0.1.jar
[18Sep2024 03:30:03.654] [main/DEBUG] [net.minecraftforge.fml.loading.moddiscovery.ModFileInfo/LOADING]: Found valid mod file twigs-forge-1.19.2-3.0.1.jar with {twigs} mods - versions {1.19.2-3.0.1}
[18Sep2024 03:30:03.654] [main/DEBUG] [net.minecraftforge.fml.loading.moddiscovery.ModFile/LOADING]: Loading mod file /workspaces/Mamaron-/servidor_minecraft/mods/twigs-forge-1.19.2-3.0.1.jar with languages [LanguageSpec[languageName=javafml, acceptedVersions=[39,)]]
[18Sep2024 03:30:03.654] [main/DEBUG] [net.minecraftforge.fml.loading.moddiscovery.ModFileParser/LOADING]: Considering mod file candidate /workspaces/Mamaron-/servidor_minecraft/mods/relics-1.19.2-0.4.7.5.jar
[18Sep2024 03:30:03.656] [main/DEBUG] [net.minecraftforge.fml.loading.moddiscovery.ModFileInfo/LOADING]: Found valid mod file relics-1.19.2-0.4.7.5.jar with {relics} mods - versions {0.4.7.5}
[18Sep2024 03:30:03.656] [main/DEBUG] [net.minecraftforge.fml.loading.moddiscovery.ModFile/LOADING]: Loading mod file /workspaces/Mamaron-/servidor_minecraft/mods/relics-1.19.2-0.4.7.5.jar with languages [LanguageSpec[languageName=javafml, acceptedVersions=[35,)]]
[18Sep2024 03:30:03.656] [main/DEBUG] [net.minecraftforge.fml.loading.moddiscovery.ModFileParser/LOADING]: Considering mod file candidate /workspaces/Mamaron-/servidor_minecraft/mods/ProgressiveBosses-3.7.6-mc1.19.2.jar
[18Sep2024 03:30:03.657] [main/DEBUG] [net.minecraftforge.fml.loading.moddiscovery.ModFileInfo/LOADING]: Found valid mod file ProgressiveBosses-3.7.6-mc1.19.2.jar with {progressivebosses} mods - versions {3.7.6}
[18Sep2024 03:30:03.657] [main/DEBUG] [net.minecraftforge.fml.loading.moddiscovery.ModFile/LOADING]: Loading mod file /workspaces/Mamaron-/servidor_minecraft/mods/ProgressiveBosses-3.7.6-mc1.19.2.jar with languages [LanguageSpec[languageName=javafml, acceptedVersions=[41,)]]
[18Sep2024 03:30:03.657] [main/DEBUG] [net.minecraftforge.fml.loading.moddiscovery.ModFileParser/LOADING]: Considering mod file candidate /workspaces/Mamaron-/servidor_minecraft/mods/takesapillage-1.0.3-1.19.2.jar
[18Sep2024 03:30:03.658] [main/DEBUG] [net.minecraftforge.fml.loading.moddiscovery.ModFileInfo/LOADING]: Found valid mod file takesapillage-1.0.3-1.19.2.jar with {takesapillage} mods - versions {1.0.3}
[18Sep2024 03:30:03.658] [main/DEBUG] [net.minecraftforge.fml.loading.moddiscovery.ModFile/LOADING]: Loading mod file /workspaces/Mamaron-/servidor_minecraft/mods/takesapillage-1.0.3-1.19.2.jar with languages [LanguageSpec[languageName=javafml, acceptedVersions=[42,)]]
[18Sep2024 03:30:03.659] [main/DEBUG] [net.minecraftforge.fml.loading.moddiscovery.ModFileParser/LOADING]: Considering mod file candidate /workspaces/Mamaron-/servidor_minecraft/mods/bygonenether-1.3.2-1.19.2.jar
[18Sep2024 03:30:03.659] [main/DEBUG] [net.minecraftforge.fml.loading.moddiscovery.ModFileInfo/LOADING]: Found valid mod file bygonenether-1.3.2-1.19.2.jar with {bygonenether} mods - versions {1.3.2}
[18Sep2024 03:30:03.660] [main/DEBUG] [net.minecraftforge.fml.loading.moddiscovery.ModFile/LOADING]: Loading mod file /workspaces/Mamaron-/servidor_minecraft/mods/bygonenether-1.3.2-1.19.2.jar with languages [LanguageSpec[languageName=javafml, acceptedVersions=[42,)]]
[18Sep2024 03:30:03.660] [main/DEBUG] [net.minecraftforge.fml.loading.moddiscovery.ModFileParser/LOADING]: Considering mod file candidate /workspaces/Mamaron-/servidor_minecraft/mods/melody_forge_1.0.1_MC_1.19.2.jar
[18Sep2024 03:30:03.661] [main/DEBUG] [net.minecraftforge.fml.loading.moddiscovery.ModFileInfo/LOADING]: Found valid mod file melody_forge_1.0.1_MC_1.19.2.jar with {melody} mods - versions {1.0.1}
[18Sep2024 03:30:03.661] [main/DEBUG] [net.minecraftforge.fml.loading.moddiscovery.ModFile/LOADING]: Loading mod file /workspaces/Mamaron-/servidor_minecraft/mods/melody_forge_1.0.1_MC_1.19.2.jar with languages [LanguageSpec[languageName=javafml, acceptedVersions=[43,)]]
[18Sep2024 03:30:03.661] [main/DEBUG] [net.minecraftforge.fml.loading.moddiscovery.ModFileParser/LOADING]: Considering mod file candidate /workspaces/Mamaron-/servidor_minecraft/mods/ftb-teams-forge-1902.2.14-build.123.jar
[18Sep2024 03:30:03.662] [main/DEBUG] [net.minecraftforge.fml.loading.moddiscovery.ModFileInfo/LOADING]: Found valid mod file ftb-teams-forge-1902.2.14-build.123.jar with {ftbteams} mods - versions {1902.2.14-build.123}
[18Sep2024 03:30:03.662] [main/DEBUG] [net.minecraftforge.fml.loading.moddiscovery.ModFile/LOADING]: Loading mod file /workspaces/Mamaron-/servidor_minecraft/mods/ftb-teams-forge-1902.2.14-build.123.jar with languages [LanguageSpec[languageName=javafml, acceptedVersions=[43,)]]
[18Sep2024 03:30:03.663] [main/DEBUG] [net.minecraftforge.fml.loading.moddiscovery.ModFileParser/LOADING]: Considering mod file candidate /workspaces/Mamaron-/servidor_minecraft/mods/dragonmounts-1.19.2-1.2.3-beta.jar
[18Sep2024 03:30:03.663] [main/DEBUG] [net.minecraftforge.fml.loading.moddiscovery.ModFileInfo/LOADING]: Found valid mod file dragonmounts-1.19.2-1.2.3-beta.jar with {dragonmounts} mods - versions {1.2.3-beta}
[18Sep2024 03:30:03.664] [main/DEBUG] [net.minecraftforge.fml.loading.moddiscovery.ModFile/LOADING]: Loading mod file /workspaces/Mamaron-/servidor_minecraft/mods/dragonmounts-1.19.2-1.2.3-beta.jar with languages [LanguageSpec[languageName=javafml, acceptedVersions=[43,)]]
[18Sep2024 03:30:03.664] [main/DEBUG] [net.minecraftforge.fml.loading.moddiscovery.ModFileParser/LOADING]: Considering mod file candidate /workspaces/Mamaron-/servidor_minecraft/mods/dummmmmmy-1.19.2-1.7.1.jar
[18Sep2024 03:30:03.665] [main/DEBUG] [net.minecraftforge.fml.loading.moddiscovery.ModFileInfo/LOADING]: Found valid mod file dummmmmmy-1.19.2-1.7.1.jar with {dummmmmmy} mods - versions {1.19.2-1.7.1}
[18Sep2024 03:30:03.665] [main/DEBUG] [net.minecraftforge.fml.loading.moddiscovery.ModFile/LOADING]: Loading mod file /workspaces/Mamaron-/servidor_minecraft/mods/dummmmmmy-1.19.2-1.7.1.jar with languages [LanguageSpec[languageName=javafml, acceptedVersions=[40,)]]
[18Sep2024 03:30:03.665] [main/DEBUG] [net.minecraftforge.fml.loading.moddiscovery.ModFileParser/LOADING]: Considering mod file candidate /workspaces/Mamaron-/servidor_minecraft/mods/no_nv_flash-1.19.2-1.5.0.3.jar
[18Sep2024 03:30:03.666] [main/DEBUG] [net.minecraftforge.fml.loading.moddiscovery.ModFileInfo/LOADING]: Found valid mod file no_nv_flash-1.19.2-1.5.0.3.jar with {no_nv_flash} mods - versions {1.5.0.3}
[18Sep2024 03:30:03.666] [main/DEBUG] [net.minecraftforge.fml.loading.moddiscovery.ModFile/LOADING]: Loading mod file /workspaces/Mamaron-/servidor_minecraft/mods/no_nv_flash-1.19.2-1.5.0.3.jar with languages [LanguageSpec[languageName=javafml, acceptedVersions=[41,)]]
[18Sep2024 03:30:03.666] [main/DEBUG] [net.minecraftforge.fml.loading.moddiscovery.ModFileParser/LOADING]: Considering mod file candidate /workspaces/Mamaron-/servidor_minecraft/mods/twilightforest-1.19.2-4.2.1518-universal.jar
[18Sep2024 03:30:03.667] [main/DEBUG] [net.minecraftforge.fml.loading.moddiscovery.ModFileInfo/LOADING]: Found valid mod file twilightforest-1.19.2-4.2.1518-universal.jar with {twilightforest} mods - versions {4.2.1518}
[18Sep2024 03:30:03.667] [main/DEBUG] [net.minecraftforge.fml.loading.moddiscovery.ModFile/LOADING]: Loading mod file /workspaces/Mamaron-/servidor_minecraft/mods/twilightforest-1.19.2-4.2.1518-universal.jar with languages [LanguageSpec[languageName=javafml, acceptedVersions=[43,)]]
[18Sep2024 03:30:03.668] [main/DEBUG] [net.minecraftforge.fml.loading.moddiscovery.ModFileParser/LOADING]: Found coremod seed with Javascript path META-INF/asm/seed.js
[18Sep2024 03:30:03.669] [main/DEBUG] [net.minecraftforge.fml.loading.moddiscovery.ModFileParser/LOADING]: Found coremod maprendercontext with Javascript path META-INF/asm/maprendercontext.js
[18Sep2024 03:30:03.669] [main/DEBUG] [net.minecraftforge.fml.loading.moddiscovery.ModFileParser/LOADING]: Found coremod music with Javascript path META-INF/asm/music.js
[18Sep2024 03:30:03.669] [main/DEBUG] [net.minecraftforge.fml.loading.moddiscovery.ModFileParser/LOADING]: Found coremod multipart with Javascript path META-INF/asm/multipart.js
[18Sep2024 03:30:03.670] [main/DEBUG] [net.minecraftforge.fml.loading.moddiscovery.ModFileParser/LOADING]: Found coremod foliage with Javascript path META-INF/asm/foliage.js
[18Sep2024 03:30:03.670] [main/DEBUG] [net.minecraftforge.fml.loading.moddiscovery.ModFileParser/LOADING]: Found coremod mount with Javascript path META-INF/asm/mount.js
[18Sep2024 03:30:03.670] [main/DEBUG] [net.minecraftforge.fml.loading.moddiscovery.ModFileParser/LOADING]: Found coremod book with Javascript path META-INF/asm/book.js
[18Sep2024 03:30:03.671] [main/DEBUG] [net.minecraftforge.fml.loading.moddiscovery.ModFile/LOADING]: Found coremod META-INF/asm/seed.js
[18Sep2024 03:30:03.671] [main/DEBUG] [net.minecraftforge.fml.loading.moddiscovery.ModFile/LOADING]: Found coremod META-INF/asm/maprendercontext.js
[18Sep2024 03:30:03.671] [main/DEBUG] [net.minecraftforge.fml.loading.moddiscovery.ModFile/LOADING]: Found coremod META-INF/asm/music.js
[18Sep2024 03:30:03.671] [main/DEBUG] [net.minecraftforge.fml.loading.moddiscovery.ModFile/LOADING]: Found coremod META-INF/asm/multipart.js
[18Sep2024 03:30:03.672] [main/DEBUG] [net.minecraftforge.fml.loading.moddiscovery.ModFile/LOADING]: Found coremod META-INF/asm/foliage.js
[18Sep2024 03:30:03.672] [main/DEBUG] [net.minecraftforge.fml.loading.moddiscovery.ModFile/LOADING]: Found coremod META-INF/asm/mount.js
[18Sep2024 03:30:03.672] [main/DEBUG] [net.minecraftforge.fml.loading.moddiscovery.ModFile/LOADING]: Found coremod META-INF/asm/book.js
[18Sep2024 03:30:03.672] [main/DEBUG] [net.minecraftforge.fml.loading.moddiscovery.ModFileParser/LOADING]: Considering mod file candidate /workspaces/Mamaron-/servidor_minecraft/mods/konkrete_forge_1.8.0_MC_1.19-1.19.2.jar
[18Sep2024 03:30:03.673] [main/DEBUG] [net.minecraftforge.fml.loading.moddiscovery.ModFileInfo/LOADING]: Found valid mod file konkrete_forge_1.8.0_MC_1.19-1.19.2.jar with {konkrete} mods - versions {1.8.0}
[18Sep2024 03:30:03.673] [main/DEBUG] [net.minecraftforge.fml.loading.moddiscovery.ModFile/LOADING]: Loading mod file /workspaces/Mamaron-/servidor_minecraft/mods/konkrete_forge_1.8.0_MC_1.19-1.19.2.jar with languages [LanguageSpec[languageName=javafml, acceptedVersions=[41,)]]
[18Sep2024 03:30:03.674] [main/DEBUG] [net.minecraftforge.fml.loading.moddiscovery.ModFileParser/LOADING]: Considering mod file candidate /workspaces/Mamaron-/servidor_minecraft/mods/enemyexpansion-2.3.2-forge-1.19.2.jar
[18Sep2024 03:30:03.674] [main/DEBUG] [net.minecraftforge.fml.loading.moddiscovery.ModFileInfo/LOADING]: Found valid mod file enemyexpansion-2.3.2-forge-1.19.2.jar with {enemyexpansion} mods - versions {2.3.2}
[18Sep2024 03:30:03.675] [main/DEBUG] [net.minecraftforge.fml.loading.moddiscovery.ModFile/LOADING]: Loading mod file /workspaces/Mamaron-/servidor_minecraft/mods/enemyexpansion-2.3.2-forge-1.19.2.jar with languages [LanguageSpec[languageName=javafml, acceptedVersions=[43,)]]
[18Sep2024 03:30:03.675] [main/DEBUG] [net.minecraftforge.fml.loading.moddiscovery.ModFileParser/LOADING]: Considering mod file candidate /workspaces/Mamaron-/servidor_minecraft/mods/collection-of-singiro-1.19.x-1.1.4.jar
[18Sep2024 03:30:03.675] [main/DEBUG] [net.minecraftforge.fml.loading.moddiscovery.ModFileInfo/LOADING]: Found valid mod file collection-of-singiro-1.19.x-1.1.4.jar with {collectionofsingiro} mods - versions {1.0}
[18Sep2024 03:30:03.676] [main/DEBUG] [net.minecraftforge.fml.loading.moddiscovery.ModFile/LOADING]: Loading mod file /workspaces/Mamaron-/servidor_minecraft/mods/collection-of-singiro-1.19.x-1.1.4.jar with languages [LanguageSpec[languageName=javafml, acceptedVersions=[40,)]]
[18Sep2024 03:30:03.676] [main/DEBUG] [net.minecraftforge.fml.loading.moddiscovery.ModFileParser/LOADING]: Considering mod file candidate /workspaces/Mamaron-/servidor_minecraft/mods/FarmersDelight-1.19.2-1.2.4.jar
[18Sep2024 03:30:03.677] [main/DEBUG] [net.minecraftforge.fml.loading.moddiscovery.ModFileInfo/LOADING]: Found valid mod file FarmersDelight-1.19.2-1.2.4.jar with {farmersdelight} mods - versions {1.19.2-1.2.4}
[18Sep2024 03:30:03.677] [main/DEBUG] [net.minecraftforge.fml.loading.moddiscovery.ModFile/LOADING]: Loading mod file /workspaces/Mamaron-/servidor_minecraft/mods/FarmersDelight-1.19.2-1.2.4.jar with languages [LanguageSpec[languageName=javafml, acceptedVersions=[41,)]]
[18Sep2024 03:30:03.677] [main/DEBUG] [net.minecraftforge.fml.loading.moddiscovery.ModFileParser/LOADING]: Considering mod file candidate /workspaces/Mamaron-/servidor_minecraft/mods/getittogetherdrops-forge-1.19.2-1.3.jar
[18Sep2024 03:30:03.678] [main/DEBUG] [net.minecraftforge.fml.loading.moddiscovery.ModFileInfo/LOADING]: Found valid mod file getittogetherdrops-forge-1.19.2-1.3.jar with {getittogetherdrops} mods - versions {1.3}
[18Sep2024 03:30:03.678] [main/DEBUG] [net.minecraftforge.fml.loading.moddiscovery.ModFile/LOADING]: Loading mod file /workspaces/Mamaron-/servidor_minecraft/mods/getittogetherdrops-forge-1.19.2-1.3.jar with languages [LanguageSpec[languageName=javafml, acceptedVersions=[41,)]]
[18Sep2024 03:30:03.678] [main/DEBUG] [net.minecraftforge.fml.loading.moddiscovery.ModFileParser/LOADING]: Considering mod file candidate /workspaces/Mamaron-/servidor_minecraft/mods/endrem_forge-5.2.1-R-1.19.X.jar
[18Sep2024 03:30:03.679] [main/DEBUG] [net.minecraftforge.fml.loading.moddiscovery.ModFileInfo/LOADING]: Found valid mod file endrem_forge-5.2.1-R-1.19.X.jar with {endrem} mods - versions {5.2.1-R-1.19.2}
[18Sep2024 03:30:03.679] [main/DEBUG] [net.minecraftforge.fml.loading.moddiscovery.ModFile/LOADING]: Loading mod file /workspaces/Mamaron-/servidor_minecraft/mods/endrem_forge-5.2.1-R-1.19.X.jar with languages [LanguageSpec[languageName=javafml, acceptedVersions=[41,)]]
[18Sep2024 03:30:03.680] [main/DEBUG] [net.minecraftforge.fml.loading.moddiscovery.ModFileParser/LOADING]: Considering mod file candidate /workspaces/Mamaron-/servidor_minecraft/mods/dungeons_enhanced-1.19.2-4.1.jar
[18Sep2024 03:30:03.680] [main/DEBUG] [net.minecraftforge.fml.loading.moddiscovery.ModFileInfo/LOADING]: Found valid mod file dungeons_enhanced-1.19.2-4.1.jar with {dungeons_enhanced} mods - versions {4.1}
[18Sep2024 03:30:03.680] [main/DEBUG] [net.minecraftforge.fml.loading.moddiscovery.ModFile/LOADING]: Loading mod file /workspaces/Mamaron-/servidor_minecraft/mods/dungeons_enhanced-1.19.2-4.1.jar with languages [LanguageSpec[languageName=javafml, acceptedVersions=[43,)]]
[18Sep2024 03:30:03.680] [main/DEBUG] [net.minecraftforge.fml.loading.moddiscovery.ModFileParser/LOADING]: Considering mod file candidate /workspaces/Mamaron-/servidor_minecraft/mods/lionfishapi-1.8.jar
[18Sep2024 03:30:03.680] [main/DEBUG] [net.minecraftforge.fml.loading.moddiscovery.ModFileInfo/LOADING]: Found valid mod file lionfishapi-1.8.jar with {lionfishapi} mods - versions {1.8}
[18Sep2024 03:30:03.680] [main/DEBUG] [net.minecraftforge.fml.loading.moddiscovery.ModFile/LOADING]: Loading mod file /workspaces/Mamaron-/servidor_minecraft/mods/lionfishapi-1.8.jar with languages [LanguageSpec[languageName=javafml, acceptedVersions=[43,)]]
[18Sep2024 03:30:03.680] [main/DEBUG] [net.minecraftforge.fml.loading.moddiscovery.ModFileParser/LOADING]: Considering mod file candidate /workspaces/Mamaron-/servidor_minecraft/mods/L_Enders_Cataclysm-1.99.6-1.19.2.jar
[18Sep2024 03:30:03.681] [main/DEBUG] [net.minecraftforge.fml.loading.moddiscovery.ModFileInfo/LOADING]: Found valid mod file L_Enders_Cataclysm-1.99.6-1.19.2.jar with {cataclysm} mods - versions {1.99.5 - 1.19.2}
[18Sep2024 03:30:03.681] [main/DEBUG] [net.minecraftforge.fml.loading.moddiscovery.ModFile/LOADING]: Loading mod file /workspaces/Mamaron-/servidor_minecraft/mods/L_Enders_Cataclysm-1.99.6-1.19.2.jar with languages [LanguageSpec[languageName=javafml, acceptedVersions=[43,)]]
[18Sep2024 03:30:03.681] [main/DEBUG] [net.minecraftforge.fml.loading.moddiscovery.ModFileParser/LOADING]: Considering mod file candidate /workspaces/Mamaron-/servidor_minecraft/mods/Patchouli-1.19.2-77.jar
[18Sep2024 03:30:03.681] [main/DEBUG] [net.minecraftforge.fml.loading.moddiscovery.ModFileInfo/LOADING]: Found valid mod file Patchouli-1.19.2-77.jar with {patchouli} mods - versions {1.19.2-77}
[18Sep2024 03:30:03.681] [main/DEBUG] [net.minecraftforge.fml.loading.moddiscovery.ModFile/LOADING]: Loading mod file /workspaces/Mamaron-/servidor_minecraft/mods/Patchouli-1.19.2-77.jar with languages [LanguageSpec[languageName=javafml, acceptedVersions=[43,)]]
[18Sep2024 03:30:03.681] [main/DEBUG] [net.minecraftforge.fml.loading.moddiscovery.ModFileParser/LOADING]: Considering mod file candidate /workspaces/Mamaron-/servidor_minecraft/mods/cullleaves-forge-3.0.1.jar
[18Sep2024 03:30:03.682] [main/DEBUG] [net.minecraftforge.fml.loading.moddiscovery.ModFileInfo/LOADING]: Found valid mod file cullleaves-forge-3.0.1.jar with {cullleaves} mods - versions {3.0.1}
[18Sep2024 03:30:03.682] [main/DEBUG] [net.minecraftforge.fml.loading.moddiscovery.ModFile/LOADING]: Loading mod file /workspaces/Mamaron-/servidor_minecraft/mods/cullleaves-forge-3.0.1.jar with languages [LanguageSpec[languageName=javafml, acceptedVersions=[43,)]]
[18Sep2024 03:30:03.682] [main/DEBUG] [net.minecraftforge.fml.loading.moddiscovery.ModFileParser/LOADING]: Considering mod file candidate /workspaces/Mamaron-/servidor_minecraft/mods/origins-classes-forge-1.2.1.jar
[18Sep2024 03:30:03.682] [main/DEBUG] [net.minecraftforge.fml.loading.moddiscovery.ModFileInfo/LOADING]: Found valid mod file origins-classes-forge-1.2.1.jar with {origins_classes} mods - versions {1.2.1}
[18Sep2024 03:30:03.682] [main/DEBUG] [net.minecraftforge.fml.loading.moddiscovery.ModFile/LOADING]: Loading mod file /workspaces/Mamaron-/servidor_minecraft/mods/origins-classes-forge-1.2.1.jar with languages [LanguageSpec[languageName=javafml, acceptedVersions=[40,)]]
[18Sep2024 03:30:03.682] [main/DEBUG] [net.minecraftforge.fml.loading.moddiscovery.ModFileParser/LOADING]: Considering mod file candidate /workspaces/Mamaron-/servidor_minecraft/mods/BetterThirdPerson-Forge-1.19-1.9.0.jar
[18Sep2024 03:30:03.683] [main/DEBUG] [net.minecraftforge.fml.loading.moddiscovery.ModFileInfo/LOADING]: Found valid mod file BetterThirdPerson-Forge-1.19-1.9.0.jar with {betterthirdperson} mods - versions {1.9.0}
[18Sep2024 03:30:03.683] [main/DEBUG] [net.minecraftforge.fml.loading.moddiscovery.ModFile/LOADING]: Loading mod file /workspaces/Mamaron-/servidor_minecraft/mods/BetterThirdPerson-Forge-1.19-1.9.0.jar with languages [LanguageSpec[languageName=javafml, acceptedVersions=[41,)]]
[18Sep2024 03:30:03.683] [main/DEBUG] [net.minecraftforge.fml.loading.moddiscovery.ModFileParser/LOADING]: Considering mod file candidate /workspaces/Mamaron-/servidor_minecraft/mods/ftb-ultimine-forge-1902.4.1-build.90.jar
[18Sep2024 03:30:03.683] [main/DEBUG] [net.minecraftforge.fml.loading.moddiscovery.ModFileInfo/LOADING]: Found valid mod file ftb-ultimine-forge-1902.4.1-build.90.jar with {ftbultimine} mods - versions {1902.4.1-build.90}
[18Sep2024 03:30:03.683] [main/DEBUG] [net.minecraftforge.fml.loading.moddiscovery.ModFile/LOADING]: Loading mod file /workspaces/Mamaron-/servidor_minecraft/mods/ftb-ultimine-forge-1902.4.1-build.90.jar with languages [LanguageSpec[languageName=javafml, acceptedVersions=[43,)]]
[18Sep2024 03:30:03.683] [main/DEBUG] [net.minecraftforge.fml.loading.moddiscovery.ModFileParser/LOADING]: Considering mod file candidate /workspaces/Mamaron-/servidor_minecraft/mods/NightConfigFixes-v4.0.7-1.19.2-Forge.jar
[18Sep2024 03:30:03.684] [main/DEBUG] [net.minecraftforge.fml.loading.moddiscovery.ModFileInfo/LOADING]: Found valid mod file NightConfigFixes-v4.0.7-1.19.2-Forge.jar with {nightconfigfixes} mods - versions {4.0.7}
[18Sep2024 03:30:03.684] [main/DEBUG] [net.minecraftforge.fml.loading.moddiscovery.ModFile/LOADING]: Loading mod file /workspaces/Mamaron-/servidor_minecraft/mods/NightConfigFixes-v4.0.7-1.19.2-Forge.jar with languages [LanguageSpec[languageName=javafml, acceptedVersions=[41,)]]
[18Sep2024 03:30:03.684] [main/DEBUG] [net.minecraftforge.fml.loading.moddiscovery.ModFileParser/LOADING]: Considering mod file candidate /workspaces/Mamaron-/servidor_minecraft/mods/YungsBetterStrongholds-1.19.2-Forge-3.2.0.jar
[18Sep2024 03:30:03.684] [main/DEBUG] [net.minecraftforge.fml.loading.moddiscovery.ModFileInfo/LOADING]: Found valid mod file YungsBetterStrongholds-1.19.2-Forge-3.2.0.jar with {betterstrongholds} mods - versions {1.19.2-Forge-3.2.0}
[18Sep2024 03:30:03.684] [main/DEBUG] [net.minecraftforge.fml.loading.moddiscovery.ModFile/LOADING]: Loading mod file /workspaces/Mamaron-/servidor_minecraft/mods/YungsBetterStrongholds-1.19.2-Forge-3.2.0.jar with languages [LanguageSpec[languageName=javafml, acceptedVersions=[43,)]]
[18Sep2024 03:30:03.684] [main/DEBUG] [net.minecraftforge.fml.loading.moddiscovery.ModFileParser/LOADING]: Considering mod file candidate /workspaces/Mamaron-/servidor_minecraft/mods/EnigmaticLegacy-2.26.5.jar
[18Sep2024 03:30:03.685] [main/DEBUG] [net.minecraftforge.fml.loading.moddiscovery.ModFileInfo/LOADING]: Found valid mod file EnigmaticLegacy-2.26.5.jar with {enigmaticlegacy} mods - versions {2.26.5}
[18Sep2024 03:30:03.685] [main/DEBUG] [net.minecraftforge.fml.loading.moddiscovery.ModFile/LOADING]: Loading mod file /workspaces/Mamaron-/servidor_minecraft/mods/EnigmaticLegacy-2.26.5.jar with languages [LanguageSpec[languageName=javafml, acceptedVersions=[31,)]]
[18Sep2024 03:30:03.685] [main/DEBUG] [net.minecraftforge.fml.loading.moddiscovery.ModFileParser/LOADING]: Considering mod file candidate /workspaces/Mamaron-/servidor_minecraft/mods/architectury-6.6.92-forge.jar
[18Sep2024 03:30:03.685] [main/DEBUG] [net.minecraftforge.fml.loading.moddiscovery.ModFileInfo/LOADING]: Found valid mod file architectury-6.6.92-forge.jar with {architectury} mods - versions {6.6.92}
[18Sep2024 03:30:03.685] [main/DEBUG] [net.minecraftforge.fml.loading.moddiscovery.ModFile/LOADING]: Loading mod file /workspaces/Mamaron-/servidor_minecraft/mods/architectury-6.6.92-forge.jar with languages [LanguageSpec[languageName=javafml, acceptedVersions=[43,)]]
[18Sep2024 03:30:03.686] [main/DEBUG] [net.minecraftforge.fml.loading.moddiscovery.ModFileParser/LOADING]: Considering mod file candidate /workspaces/Mamaron-/servidor_minecraft/mods/AI-Improvements-1.19.2-0.5.2.jar
[18Sep2024 03:30:03.686] [main/DEBUG] [net.minecraftforge.fml.loading.moddiscovery.ModFileInfo/LOADING]: Found valid mod file AI-Improvements-1.19.2-0.5.2.jar with {aiimprovements} mods - versions {0.5.2}
[18Sep2024 03:30:03.686] [main/DEBUG] [net.minecraftforge.fml.loading.moddiscovery.ModFile/LOADING]: Loading mod file /workspaces/Mamaron-/servidor_minecraft/mods/AI-Improvements-1.19.2-0.5.2.jar with languages [LanguageSpec[languageName=javafml, acceptedVersions=[41,)]]
[18Sep2024 03:30:03.686] [main/DEBUG] [net.minecraftforge.fml.loading.moddiscovery.ModFileParser/LOADING]: Considering mod file candidate /workspaces/Mamaron-/servidor_minecraft/mods/cupboard-1.19.2-2.6.jar
[18Sep2024 03:30:03.686] [main/DEBUG] [net.minecraftforge.fml.loading.moddiscovery.ModFileInfo/LOADING]: Found valid mod file cupboard-1.19.2-2.6.jar with {cupboard} mods - versions {1.19.2-2.6}
[18Sep2024 03:30:03.687] [main/DEBUG] [net.minecraftforge.fml.loading.moddiscovery.ModFile/LOADING]: Loading mod file /workspaces/Mamaron-/servidor_minecraft/mods/cupboard-1.19.2-2.6.jar with languages [LanguageSpec[languageName=javafml, acceptedVersions=[36,)]]
[18Sep2024 03:30:03.687] [main/DEBUG] [net.minecraftforge.fml.loading.moddiscovery.ModFileParser/LOADING]: Considering mod file candidate /workspaces/Mamaron-/servidor_minecraft/mods/smallships-forge-1.19.2-2.0.0-b1.3.1.jar
[18Sep2024 03:30:03.687] [main/DEBUG] [net.minecraftforge.fml.loading.moddiscovery.ModFileInfo/LOADING]: Found valid mod file smallships-forge-1.19.2-2.0.0-b1.3.1.jar with {smallships} mods - versions {2.0.0-b1.3.1}
[18Sep2024 03:30:03.687] [main/DEBUG] [net.minecraftforge.fml.loading.moddiscovery.ModFile/LOADING]: Loading mod file /workspaces/Mamaron-/servidor_minecraft/mods/smallships-forge-1.19.2-2.0.0-b1.3.1.jar with languages [LanguageSpec[languageName=javafml, acceptedVersions=[41,)]]
[18Sep2024 03:30:03.687] [main/DEBUG] [net.minecraftforge.fml.loading.moddiscovery.ModFileParser/LOADING]: Considering mod file candidate /workspaces/Mamaron-/servidor_minecraft/mods/letmedespawn-1.18.x-1.19.x-forge-1.0.3.jar
[18Sep2024 03:30:03.688] [main/DEBUG] [net.minecraftforge.fml.loading.moddiscovery.ModFileInfo/LOADING]: Found valid mod file letmedespawn-1.18.x-1.19.x-forge-1.0.3.jar with {letmedespawn} mods - versions {0.0NONE}
[18Sep2024 03:30:03.688] [main/DEBUG] [net.minecraftforge.fml.loading.moddiscovery.ModFile/LOADING]: Loading mod file /workspaces/Mamaron-/servidor_minecraft/mods/letmedespawn-1.18.x-1.19.x-forge-1.0.3.jar with languages [LanguageSpec[languageName=javafml, acceptedVersions=[38,)]]
[18Sep2024 03:30:03.688] [main/DEBUG] [net.minecraftforge.fml.loading.moddiscovery.ModFileParser/LOADING]: Considering mod file candidate /workspaces/Mamaron-/servidor_minecraft/mods/Towns-and-Towers-v.1.10-_FORGE-1.19.2_.jar
[18Sep2024 03:30:03.688] [main/DEBUG] [net.minecraftforge.fml.loading.moddiscovery.ModFileInfo/LOADING]: Found valid mod file Towns-and-Towers-v.1.10-_FORGE-1.19.2_.jar with {t_and_t} mods - versions {1.10}
[18Sep2024 03:30:03.688] [main/DEBUG] [net.minecraftforge.fml.loading.moddiscovery.ModFile/LOADING]: Loading mod file /workspaces/Mamaron-/servidor_minecraft/mods/Towns-and-Towers-v.1.10-_FORGE-1.19.2_.jar with languages [LanguageSpec[languageName=javafml, acceptedVersions=[43,)]]
[18Sep2024 03:30:03.689] [main/DEBUG] [net.minecraftforge.fml.loading.moddiscovery.ModFileParser/LOADING]: Considering mod file candidate /workspaces/Mamaron-/servidor_minecraft/mods/toomanyglyphs-1.19.2-2.2.376.1564.jar
[18Sep2024 03:30:03.689] [main/DEBUG] [net.minecraftforge.fml.loading.moddiscovery.ModFileInfo/LOADING]: Found valid mod file toomanyglyphs-1.19.2-2.2.376.1564.jar with {toomanyglyphs} mods - versions {2.2.376.1564}
[18Sep2024 03:30:03.689] [main/DEBUG] [net.minecraftforge.fml.loading.moddiscovery.ModFile/LOADING]: Loading mod file /workspaces/Mamaron-/servidor_minecraft/mods/toomanyglyphs-1.19.2-2.2.376.1564.jar with languages [LanguageSpec[languageName=javafml, acceptedVersions=[39,)]]
[18Sep2024 03:30:03.689] [main/DEBUG] [net.minecraftforge.fml.loading.moddiscovery.ModFileParser/LOADING]: Considering mod file candidate /workspaces/Mamaron-/servidor_minecraft/mods/yeetusexperimentus-1.0.1-build.2+mc1.19.1.jar
[18Sep2024 03:30:03.689] [main/DEBUG] [net.minecraftforge.fml.loading.moddiscovery.ModFileInfo/LOADING]: Found valid mod file yeetusexperimentus-1.0.1-build.2+mc1.19.1.jar with {yeetusexperimentus} mods - versions {1.0.1-build.2+mc1.19.1}
[18Sep2024 03:30:03.690] [main/DEBUG] [net.minecraftforge.fml.loading.moddiscovery.ModFile/LOADING]: Loading mod file /workspaces/Mamaron-/servidor_minecraft/mods/yeetusexperimentus-1.0.1-build.2+mc1.19.1.jar with languages [LanguageSpec[languageName=javafml, acceptedVersions=[42,)]]
[18Sep2024 03:30:03.690] [main/DEBUG] [net.minecraftforge.fml.loading.moddiscovery.ModFileParser/LOADING]: Considering mod file candidate /workspaces/Mamaron-/servidor_minecraft/mods/dreadsteel-1.19.2-1.1.6.jar
[18Sep2024 03:30:03.690] [main/DEBUG] [net.minecraftforge.fml.loading.moddiscovery.ModFileInfo/LOADING]: Found valid mod file dreadsteel-1.19.2-1.1.6.jar with {dreadsteel} mods - versions {1.19.2-1.1.6}
[18Sep2024 03:30:03.690] [main/DEBUG] [net.minecraftforge.fml.loading.moddiscovery.ModFile/LOADING]: Loading mod file /workspaces/Mamaron-/servidor_minecraft/mods/dreadsteel-1.19.2-1.1.6.jar with languages [LanguageSpec[languageName=javafml, acceptedVersions=[43,)]]
[18Sep2024 03:30:03.690] [main/DEBUG] [net.minecraftforge.fml.loading.moddiscovery.ModFileParser/LOADING]: Considering mod file candidate /workspaces/Mamaron-/servidor_minecraft/mods/BetterAdvancements-1.19.2-0.2.2.142.jar
[18Sep2024 03:30:03.691] [main/DEBUG] [net.minecraftforge.fml.loading.moddiscovery.ModFileInfo/LOADING]: Found valid mod file BetterAdvancements-1.19.2-0.2.2.142.jar with {betteradvancements} mods - versions {0.2.2.142}
[18Sep2024 03:30:03.691] [main/DEBUG] [net.minecraftforge.fml.loading.moddiscovery.ModFile/LOADING]: Loading mod file /workspaces/Mamaron-/servidor_minecraft/mods/BetterAdvancements-1.19.2-0.2.2.142.jar with languages [LanguageSpec[languageName=javafml, acceptedVersions=[43,)]]
[18Sep2024 03:30:03.691] [main/DEBUG] [net.minecraftforge.fml.loading.moddiscovery.ModFileParser/LOADING]: Considering mod file candidate /workspaces/Mamaron-/servidor_minecraft/mods/majruszs-accessories-forge-1.19.2-1.5.2-backport.2.jar
[18Sep2024 03:30:03.691] [main/DEBUG] [net.minecraftforge.fml.loading.moddiscovery.ModFileInfo/LOADING]: Found valid mod file majruszs-accessories-forge-1.19.2-1.5.2-backport.2.jar with {majruszsaccessories} mods - versions {1.5.2-backport.2}
[18Sep2024 03:30:03.691] [main/DEBUG] [net.minecraftforge.fml.loading.moddiscovery.ModFile/LOADING]: Loading mod file /workspaces/Mamaron-/servidor_minecraft/mods/majruszs-accessories-forge-1.19.2-1.5.2-backport.2.jar with languages [LanguageSpec[languageName=javafml, acceptedVersions=[43,)]]
[18Sep2024 03:30:03.691] [main/DEBUG] [net.minecraftforge.fml.loading.moddiscovery.ModFileParser/LOADING]: Considering mod file candidate /workspaces/Mamaron-/servidor_minecraft/mods/BHMenu-Forge-1.19.2-2.4.1.jar
[18Sep2024 03:30:03.692] [main/DEBUG] [net.minecraftforge.fml.loading.moddiscovery.ModFileInfo/LOADING]: Found valid mod file BHMenu-Forge-1.19.2-2.4.1.jar with {bhmenu} mods - versions {2.4.1}
[18Sep2024 03:30:03.692] [main/DEBUG] [net.minecraftforge.fml.loading.moddiscovery.ModFile/LOADING]: Loading mod file /workspaces/Mamaron-/servidor_minecraft/mods/BHMenu-Forge-1.19.2-2.4.1.jar with languages [LanguageSpec[languageName=javafml, acceptedVersions=[43,)]]
[18Sep2024 03:30:03.692] [main/DEBUG] [net.minecraftforge.fml.loading.moddiscovery.ModFileParser/LOADING]: Considering mod file candidate /workspaces/Mamaron-/servidor_minecraft/mods/inventorysorter-1.19.2-21.0.4.jar
[18Sep2024 03:30:03.692] [main/DEBUG] [net.minecraftforge.fml.loading.moddiscovery.ModFileInfo/LOADING]: Found valid mod file inventorysorter-1.19.2-21.0.4.jar with {inventorysorter} mods - versions {21.0.4}
[18Sep2024 03:30:03.692] [main/DEBUG] [net.minecraftforge.fml.loading.moddiscovery.ModFile/LOADING]: Loading mod file /workspaces/Mamaron-/servidor_minecraft/mods/inventorysorter-1.19.2-21.0.4.jar with languages [LanguageSpec[languageName=javafml, acceptedVersions=[38,)]]
[18Sep2024 03:30:03.693] [main/DEBUG] [net.minecraftforge.fml.loading.moddiscovery.ModFileParser/LOADING]: Considering mod file candidate /workspaces/Mamaron-/servidor_minecraft/mods/rhino-forge-1902.2.3-build.284.jar
[18Sep2024 03:30:03.693] [main/DEBUG] [net.minecraftforge.fml.loading.moddiscovery.ModFileInfo/LOADING]: Found valid mod file rhino-forge-1902.2.3-build.284.jar with {rhino} mods - versions {1902.2.3-build.284}
[18Sep2024 03:30:03.693] [main/DEBUG] [net.minecraftforge.fml.loading.moddiscovery.ModFile/LOADING]: Loading mod file /workspaces/Mamaron-/servidor_minecraft/mods/rhino-forge-1902.2.3-build.284.jar with languages [LanguageSpec[languageName=javafml, acceptedVersions=[38,)]]
[18Sep2024 03:30:03.693] [main/DEBUG] [net.minecraftforge.fml.loading.moddiscovery.ModFileParser/LOADING]: Considering mod file candidate /workspaces/Mamaron-/servidor_minecraft/mods/octolib-1.19.2-0.3.jar
[18Sep2024 03:30:03.693] [main/DEBUG] [net.minecraftforge.fml.loading.moddiscovery.ModFileInfo/LOADING]: Found valid mod file octolib-1.19.2-0.3.jar with {octolib} mods - versions {0.3}
[18Sep2024 03:30:03.693] [main/DEBUG] [net.minecraftforge.fml.loading.moddiscovery.ModFile/LOADING]: Loading mod file /workspaces/Mamaron-/servidor_minecraft/mods/octolib-1.19.2-0.3.jar with languages [LanguageSpec[languageName=javafml, acceptedVersions=[43,)]]
[18Sep2024 03:30:03.693] [main/DEBUG] [net.minecraftforge.fml.loading.moddiscovery.ModFileParser/LOADING]: Considering mod file candidate /workspaces/Mamaron-/servidor_minecraft/mods/item-filters-forge-1902.2.9-build.51.jar
[18Sep2024 03:30:03.694] [main/DEBUG] [net.minecraftforge.fml.loading.moddiscovery.ModFileInfo/LOADING]: Found valid mod file item-filters-forge-1902.2.9-build.51.jar with {itemfilters} mods - versions {1902.2.9-build.51}
[18Sep2024 03:30:03.694] [main/DEBUG] [net.minecraftforge.fml.loading.moddiscovery.ModFile/LOADING]: Loading mod file /workspaces/Mamaron-/servidor_minecraft/mods/item-filters-forge-1902.2.9-build.51.jar with languages [LanguageSpec[languageName=javafml, acceptedVersions=[43,)]]
[18Sep2024 03:30:03.694] [main/DEBUG] [net.minecraftforge.fml.loading.moddiscovery.ModFileParser/LOADING]: Considering mod file candidate /workspaces/Mamaron-/servidor_minecraft/mods/xlpackets-1.18.2-2.1.jar
[18Sep2024 03:30:03.694] [main/DEBUG] [net.minecraftforge.fml.loading.moddiscovery.ModFileInfo/LOADING]: Found valid mod file xlpackets-1.18.2-2.1.jar with {xlpackets} mods - versions {1.18.2-2.1}
[18Sep2024 03:30:03.694] [main/DEBUG] [net.minecraftforge.fml.loading.moddiscovery.ModFile/LOADING]: Loading mod file /workspaces/Mamaron-/servidor_minecraft/mods/xlpackets-1.18.2-2.1.jar with languages [LanguageSpec[languageName=javafml, acceptedVersions=[25,)]]
[18Sep2024 03:30:03.694] [main/DEBUG] [net.minecraftforge.fml.loading.moddiscovery.ModFileParser/LOADING]: Considering mod file candidate /workspaces/Mamaron-/servidor_minecraft/mods/obscure_api-15.jar
[18Sep2024 03:30:03.695] [main/DEBUG] [net.minecraftforge.fml.loading.moddiscovery.ModFileInfo/LOADING]: Found valid mod file obscure_api-15.jar with {obscure_api} mods - versions {15}
[18Sep2024 03:30:03.695] [main/DEBUG] [net.minecraftforge.fml.loading.moddiscovery.ModFile/LOADING]: Loading mod file /workspaces/Mamaron-/servidor_minecraft/mods/obscure_api-15.jar with languages [LanguageSpec[languageName=javafml, acceptedVersions=[43,)]]
[18Sep2024 03:30:03.695] [main/DEBUG] [net.minecraftforge.fml.loading.moddiscovery.ModFileParser/LOADING]: Considering mod file candidate /workspaces/Mamaron-/servidor_minecraft/mods/waystones-forge-1.19.2-11.4.2.jar
[18Sep2024 03:30:03.695] [main/DEBUG] [net.minecraftforge.fml.loading.moddiscovery.ModFileInfo/LOADING]: Found valid mod file waystones-forge-1.19.2-11.4.2.jar with {waystones} mods - versions {11.4.2}
[18Sep2024 03:30:03.695] [main/DEBUG] [net.minecraftforge.fml.loading.moddiscovery.ModFile/LOADING]: Loading mod file /workspaces/Mamaron-/servidor_minecraft/mods/waystones-forge-1.19.2-11.4.2.jar with languages [LanguageSpec[languageName=javafml, acceptedVersions=[41,)]]
[18Sep2024 03:30:03.695] [main/DEBUG] [net.minecraftforge.fml.loading.moddiscovery.ModFileParser/LOADING]: Considering mod file candidate /workspaces/Mamaron-/servidor_minecraft/mods/fantasyfurniture-1.19.2-6.7.0.jar
[18Sep2024 03:30:03.696] [main/DEBUG] [net.minecraftforge.fml.loading.moddiscovery.ModFileInfo/LOADING]: Found valid mod file fantasyfurniture-1.19.2-6.7.0.jar with {fantasyfurniture} mods - versions {6.7.0}
[18Sep2024 03:30:03.696] [main/DEBUG] [net.minecraftforge.fml.loading.moddiscovery.ModFile/LOADING]: Loading mod file /workspaces/Mamaron-/servidor_minecraft/mods/fantasyfurniture-1.19.2-6.7.0.jar with languages [LanguageSpec[languageName=javafml, acceptedVersions=[43,)]]
[18Sep2024 03:30:03.696] [main/DEBUG] [net.minecraftforge.fml.loading.moddiscovery.ModFileParser/LOADING]: Considering mod file candidate /workspaces/Mamaron-/servidor_minecraft/mods/Clumps-forge-1.19.2-9.0.0+14.jar
[18Sep2024 03:30:03.696] [main/DEBUG] [net.minecraftforge.fml.loading.moddiscovery.ModFileInfo/LOADING]: Found valid mod file Clumps-forge-1.19.2-9.0.0+14.jar with {clumps} mods - versions {9.0.0+14}
[18Sep2024 03:30:03.697] [main/DEBUG] [net.minecraftforge.fml.loading.moddiscovery.ModFile/LOADING]: Loading mod file /workspaces/Mamaron-/servidor_minecraft/mods/Clumps-forge-1.19.2-9.0.0+14.jar with languages [LanguageSpec[languageName=javafml, acceptedVersions=[41,)]]
[18Sep2024 03:30:03.697] [main/DEBUG] [net.minecraftforge.fml.loading.moddiscovery.ModFileParser/LOADING]: Considering mod file candidate /workspaces/Mamaron-/servidor_minecraft/mods/Structory_1.19.3_v1.3.1a.jar
[18Sep2024 03:30:03.697] [main/DEBUG] [net.minecraftforge.fml.loading.moddiscovery.ModFileInfo/LOADING]: Found valid mod file Structory_1.19.3_v1.3.1a.jar with {structory} mods - versions {1.3.1a}
[18Sep2024 03:30:03.697] [main/DEBUG] [net.minecraftforge.fml.loading.moddiscovery.ModFile/LOADING]: Loading mod file /workspaces/Mamaron-/servidor_minecraft/mods/Structory_1.19.3_v1.3.1a.jar with languages [LanguageSpec[languageName=javafml, acceptedVersions=[40,)]]
[18Sep2024 03:30:03.697] [main/DEBUG] [net.minecraftforge.fml.loading.moddiscovery.ModFileParser/LOADING]: Considering mod file candidate /workspaces/Mamaron-/servidor_minecraft/mods/Decorative Blocks-forge-1.19.2-3.0.0.jar
[18Sep2024 03:30:03.697] [main/DEBUG] [net.minecraftforge.fml.loading.moddiscovery.ModFileInfo/LOADING]: Found valid mod file Decorative Blocks-forge-1.19.2-3.0.0.jar with {decorative_blocks} mods - versions {3.0.0}
[18Sep2024 03:30:03.697] [main/DEBUG] [net.minecraftforge.fml.loading.moddiscovery.ModFile/LOADING]: Loading mod file /workspaces/Mamaron-/servidor_minecraft/mods/Decorative Blocks-forge-1.19.2-3.0.0.jar with languages [LanguageSpec[languageName=javafml, acceptedVersions=[41,)]]
[18Sep2024 03:30:03.698] [main/DEBUG] [net.minecraftforge.fml.loading.moddiscovery.ModFileParser/LOADING]: Considering mod file candidate /workspaces/Mamaron-/servidor_minecraft/mods/MyServerIsCompatible-1.19-1.0.jar
[18Sep2024 03:30:03.698] [main/DEBUG] [net.minecraftforge.fml.loading.moddiscovery.ModFileInfo/LOADING]: Found valid mod file MyServerIsCompatible-1.19-1.0.jar with {myserveriscompatible} mods - versions {1.0}
[18Sep2024 03:30:03.698] [main/DEBUG] [net.minecraftforge.fml.loading.moddiscovery.ModFile/LOADING]: Loading mod file /workspaces/Mamaron-/servidor_minecraft/mods/MyServerIsCompatible-1.19-1.0.jar with languages [LanguageSpec[languageName=javafml, acceptedVersions=[41,)]]
[18Sep2024 03:30:03.698] [main/DEBUG] [net.minecraftforge.fml.loading.moddiscovery.ModFileParser/LOADING]: Considering mod file candidate /workspaces/Mamaron-/servidor_minecraft/mods/DungeonCrawl-1.19-2.3.12.jar
[18Sep2024 03:30:03.698] [main/DEBUG] [net.minecraftforge.fml.loading.moddiscovery.ModFileInfo/LOADING]: Found valid mod file DungeonCrawl-1.19-2.3.12.jar with {dungeoncrawl} mods - versions {2.3.12}
[18Sep2024 03:30:03.698] [main/DEBUG] [net.minecraftforge.fml.loading.moddiscovery.ModFile/LOADING]: Loading mod file /workspaces/Mamaron-/servidor_minecraft/mods/DungeonCrawl-1.19-2.3.12.jar with languages [LanguageSpec[languageName=javafml, acceptedVersions=[41,)]]
[18Sep2024 03:30:03.698] [main/DEBUG] [net.minecraftforge.fml.loading.moddiscovery.ModFileParser/LOADING]: Considering mod file candidate /workspaces/Mamaron-/servidor_minecraft/mods/BadMobs-1.19.2-16.1.3.jar
[18Sep2024 03:30:03.699] [main/DEBUG] [net.minecraftforge.fml.loading.moddiscovery.ModFileInfo/LOADING]: Found valid mod file BadMobs-1.19.2-16.1.3.jar with {badmobs} mods - versions {16.1.3}
[18Sep2024 03:30:03.699] [main/DEBUG] [net.minecraftforge.fml.loading.moddiscovery.ModFile/LOADING]: Loading mod file /workspaces/Mamaron-/servidor_minecraft/mods/BadMobs-1.19.2-16.1.3.jar with languages [LanguageSpec[languageName=javafml, acceptedVersions=[43,]]]
[18Sep2024 03:30:03.699] [main/DEBUG] [net.minecraftforge.fml.loading.moddiscovery.ModFileParser/LOADING]: Considering mod file candidate /workspaces/Mamaron-/servidor_minecraft/mods/lazydfu-1.19-1.0.2.jar
[18Sep2024 03:30:03.699] [main/DEBUG] [net.minecraftforge.fml.loading.moddiscovery.ModFileInfo/LOADING]: Found valid mod file lazydfu-1.19-1.0.2.jar with {lazydfu} mods - versions {0.1.3}
[18Sep2024 03:30:03.699] [main/DEBUG] [net.minecraftforge.fml.loading.moddiscovery.ModFile/LOADING]: Loading mod file /workspaces/Mamaron-/servidor_minecraft/mods/lazydfu-1.19-1.0.2.jar with languages [LanguageSpec[languageName=javafml, acceptedVersions=[33,)]]
[18Sep2024 03:30:03.699] [main/DEBUG] [net.minecraftforge.fml.loading.moddiscovery.ModFileParser/LOADING]: Considering mod file candidate /workspaces/Mamaron-/servidor_minecraft/mods/ExplorersCompass-1.19.2-1.3.0-forge.jar
[18Sep2024 03:30:03.699] [main/DEBUG] [net.minecraftforge.fml.loading.moddiscovery.ModFileInfo/LOADING]: Found valid mod file ExplorersCompass-1.19.2-1.3.0-forge.jar with {explorerscompass} mods - versions {1.19.2-1.3.0-forge}
[18Sep2024 03:30:03.700] [main/DEBUG] [net.minecraftforge.fml.loading.moddiscovery.ModFile/LOADING]: Loading mod file /workspaces/Mamaron-/servidor_minecraft/mods/ExplorersCompass-1.19.2-1.3.0-forge.jar with languages [LanguageSpec[languageName=javafml, acceptedVersions=[43,)]]
[18Sep2024 03:30:03.700] [main/DEBUG] [net.minecraftforge.fml.loading.moddiscovery.ModFileParser/LOADING]: Considering mod file candidate /workspaces/Mamaron-/servidor_minecraft/mods/YungsBetterDesertTemples-1.19.2-Forge-2.2.2.jar
[18Sep2024 03:30:03.700] [main/DEBUG] [net.minecraftforge.fml.loading.moddiscovery.ModFileInfo/LOADING]: Found valid mod file YungsBetterDesertTemples-1.19.2-Forge-2.2.2.jar with {betterdeserttemples} mods - versions {1.19.2-Forge-2.2.2}
[18Sep2024 03:30:03.700] [main/DEBUG] [net.minecraftforge.fml.loading.moddiscovery.ModFile/LOADING]: Loading mod file /workspaces/Mamaron-/servidor_minecraft/mods/YungsBetterDesertTemples-1.19.2-Forge-2.2.2.jar with languages [LanguageSpec[languageName=javafml, acceptedVersions=[43,)]]
[18Sep2024 03:30:03.700] [main/DEBUG] [net.minecraftforge.fml.loading.moddiscovery.ModFileParser/LOADING]: Considering mod file candidate /workspaces/Mamaron-/servidor_minecraft/mods/BOMD-Forge-1.19.2-1.0.6.jar
[18Sep2024 03:30:03.700] [main/DEBUG] [net.minecraftforge.fml.loading.moddiscovery.ModFileInfo/LOADING]: Found valid mod file BOMD-Forge-1.19.2-1.0.6.jar with {bosses_of_mass_destruction} mods - versions {1.0.6}
[18Sep2024 03:30:03.700] [main/DEBUG] [net.minecraftforge.fml.loading.moddiscovery.ModFile/LOADING]: Loading mod file /workspaces/Mamaron-/servidor_minecraft/mods/BOMD-Forge-1.19.2-1.0.6.jar with languages [LanguageSpec[languageName=javafml, acceptedVersions=[43,)]]
[18Sep2024 03:30:03.701] [main/DEBUG] [net.minecraftforge.fml.loading.moddiscovery.ModFileParser/LOADING]: Considering mod file candidate /workspaces/Mamaron-/servidor_minecraft/mods/blueprint-1.19.2-6.2.0.jar
[18Sep2024 03:30:03.701] [main/DEBUG] [net.minecraftforge.fml.loading.moddiscovery.ModFileInfo/LOADING]: Found valid mod file blueprint-1.19.2-6.2.0.jar with {blueprint} mods - versions {6.2.0}
[18Sep2024 03:30:03.701] [main/DEBUG] [net.minecraftforge.fml.loading.moddiscovery.ModFile/LOADING]: Loading mod file /workspaces/Mamaron-/servidor_minecraft/mods/blueprint-1.19.2-6.2.0.jar with languages [LanguageSpec[languageName=javafml, acceptedVersions=[32,)]]
[18Sep2024 03:30:03.701] [main/DEBUG] [net.minecraftforge.fml.loading.moddiscovery.ModFileParser/LOADING]: Considering mod file candidate /workspaces/Mamaron-/servidor_minecraft/mods/Terralith_1.19.3_v2.3.12.jar
[18Sep2024 03:30:03.701] [main/DEBUG] [net.minecraftforge.fml.loading.moddiscovery.ModFileInfo/LOADING]: Found valid mod file Terralith_1.19.3_v2.3.12.jar with {terralith} mods - versions {2.3.12}
[18Sep2024 03:30:03.701] [main/DEBUG] [net.minecraftforge.fml.loading.moddiscovery.ModFile/LOADING]: Loading mod file /workspaces/Mamaron-/servidor_minecraft/mods/Terralith_1.19.3_v2.3.12.jar with languages [LanguageSpec[languageName=javafml, acceptedVersions=[40,)]]
[18Sep2024 03:30:03.701] [main/DEBUG] [net.minecraftforge.fml.loading.moddiscovery.ModFileParser/LOADING]: Considering mod file candidate /workspaces/Mamaron-/servidor_minecraft/mods/dungeons-and-taverns-2.0.2 forge.jar
[18Sep2024 03:30:03.702] [main/DEBUG] [net.minecraftforge.fml.loading.moddiscovery.ModFileInfo/LOADING]: Found valid mod file dungeons-and-taverns-2.0.2 forge.jar with {dungeons_andtaverns_mr} mods - versions {2.0.2}
[18Sep2024 03:30:03.702] [main/DEBUG] [net.minecraftforge.fml.loading.moddiscovery.ModFile/LOADING]: Loading mod file /workspaces/Mamaron-/servidor_minecraft/mods/dungeons-and-taverns-2.0.2 forge.jar with languages [LanguageSpec[languageName=lowcodefml, acceptedVersions=[40,)]]
[18Sep2024 03:30:03.702] [main/DEBUG] [net.minecraftforge.fml.loading.moddiscovery.ModFileParser/LOADING]: Considering mod file candidate /workspaces/Mamaron-/servidor_minecraft/mods/ftb-chunks-forge-1902.4.6-build.360.jar
[18Sep2024 03:30:03.702] [main/DEBUG] [net.minecraftforge.fml.loading.moddiscovery.ModFileInfo/LOADING]: Found valid mod file ftb-chunks-forge-1902.4.6-build.360.jar with {ftbchunks} mods - versions {1902.4.6-build.360}
[18Sep2024 03:30:03.702] [main/DEBUG] [net.minecraftforge.fml.loading.moddiscovery.ModFile/LOADING]: Loading mod file /workspaces/Mamaron-/servidor_minecraft/mods/ftb-chunks-forge-1902.4.6-build.360.jar with languages [LanguageSpec[languageName=javafml, acceptedVersions=[43,)]]
[18Sep2024 03:30:03.702] [main/DEBUG] [net.minecraftforge.fml.loading.moddiscovery.ModFileParser/LOADING]: Considering mod file candidate /workspaces/Mamaron-/servidor_minecraft/mods/TravelersTitles-1.19.2-Forge-3.1.2.jar
[18Sep2024 03:30:03.703] [main/DEBUG] [net.minecraftforge.fml.loading.moddiscovery.ModFileInfo/LOADING]: Found valid mod file TravelersTitles-1.19.2-Forge-3.1.2.jar with {travelerstitles} mods - versions {1.19.2-Forge-3.1.2}
[18Sep2024 03:30:03.703] [main/DEBUG] [net.minecraftforge.fml.loading.moddiscovery.ModFile/LOADING]: Loading mod file /workspaces/Mamaron-/servidor_minecraft/mods/TravelersTitles-1.19.2-Forge-3.1.2.jar with languages [LanguageSpec[languageName=javafml, acceptedVersions=[43,)]]
[18Sep2024 03:30:03.703] [main/DEBUG] [net.minecraftforge.fml.loading.moddiscovery.ModFileParser/LOADING]: Considering mod file candidate /workspaces/Mamaron-/servidor_minecraft/mods/Raided-1.19.2-0.1.4.jar
[18Sep2024 03:30:03.703] [main/DEBUG] [net.minecraftforge.fml.loading.moddiscovery.ModFileInfo/LOADING]: Found valid mod file Raided-1.19.2-0.1.4.jar with {raided} mods - versions {0.1.4}
[18Sep2024 03:30:03.703] [main/DEBUG] [net.minecraftforge.fml.loading.moddiscovery.ModFile/LOADING]: Loading mod file /workspaces/Mamaron-/servidor_minecraft/mods/Raided-1.19.2-0.1.4.jar with languages [LanguageSpec[languageName=javafml, acceptedVersions=[41,)]]
[18Sep2024 03:30:03.703] [main/DEBUG] [net.minecraftforge.fml.loading.moddiscovery.ModFileParser/LOADING]: Considering mod file candidate /workspaces/Mamaron-/servidor_minecraft/mods/meetyourfight-1.19.2-1.3.4.jar
[18Sep2024 03:30:03.704] [main/DEBUG] [net.minecraftforge.fml.loading.moddiscovery.ModFileInfo/LOADING]: Found valid mod file meetyourfight-1.19.2-1.3.4.jar with {meetyourfight} mods - versions {1.19.2-1.3.4}
[18Sep2024 03:30:03.704] [main/DEBUG] [net.minecraftforge.fml.loading.moddiscovery.ModFile/LOADING]: Loading mod file /workspaces/Mamaron-/servidor_minecraft/mods/meetyourfight-1.19.2-1.3.4.jar with languages [LanguageSpec[languageName=javafml, acceptedVersions=[42,)]]
[18Sep2024 03:30:03.704] [main/DEBUG] [net.minecraftforge.fml.loading.moddiscovery.ModFileParser/LOADING]: Considering mod file candidate /workspaces/Mamaron-/servidor_minecraft/mods/EnchantmentDescriptions-Forge-1.19.2-13.0.14.jar
[18Sep2024 03:30:03.704] [main/DEBUG] [net.minecraftforge.fml.loading.moddiscovery.ModFileInfo/LOADING]: Found valid mod file EnchantmentDescriptions-Forge-1.19.2-13.0.14.jar with {enchdesc} mods - versions {13.0.14}
[18Sep2024 03:30:03.704] [main/DEBUG] [net.minecraftforge.fml.loading.moddiscovery.ModFile/LOADING]: Loading mod file /workspaces/Mamaron-/servidor_minecraft/mods/EnchantmentDescriptions-Forge-1.19.2-13.0.14.jar with languages [LanguageSpec[languageName=javafml, acceptedVersions=[43,)]]
[18Sep2024 03:30:03.704] [main/DEBUG] [net.minecraftforge.fml.loading.moddiscovery.ModFileParser/LOADING]: Considering mod file candidate /workspaces/Mamaron-/servidor_minecraft/mods/simplyswords-forge-1.47.0-1.19.2.jar
[18Sep2024 03:30:03.704] [main/DEBUG] [net.minecraftforge.fml.loading.moddiscovery.ModFileInfo/LOADING]: Found valid mod file simplyswords-forge-1.47.0-1.19.2.jar with {simplyswords} mods - versions {1.47.0-1.19.2}
[18Sep2024 03:30:03.705] [main/DEBUG] [net.minecraftforge.fml.loading.moddiscovery.ModFile/LOADING]: Loading mod file /workspaces/Mamaron-/servidor_minecraft/mods/simplyswords-forge-1.47.0-1.19.2.jar with languages [LanguageSpec[languageName=javafml, acceptedVersions=[41,)]]
[18Sep2024 03:30:03.705] [main/DEBUG] [net.minecraftforge.fml.loading.moddiscovery.ModFileParser/LOADING]: Considering mod file candidate /workspaces/Mamaron-/servidor_minecraft/mods/moonlight-1.19.2-2.3.7-forge.jar
[18Sep2024 03:30:03.705] [main/DEBUG] [net.minecraftforge.fml.loading.moddiscovery.ModFileInfo/LOADING]: Found valid mod file moonlight-1.19.2-2.3.7-forge.jar with {moonlight} mods - versions {1.19.2-2.3.7}
[18Sep2024 03:30:03.705] [main/DEBUG] [net.minecraftforge.fml.loading.moddiscovery.ModFile/LOADING]: Loading mod file /workspaces/Mamaron-/servidor_minecraft/mods/moonlight-1.19.2-2.3.7-forge.jar with languages [LanguageSpec[languageName=javafml, acceptedVersions=[40,)]]
[18Sep2024 03:30:03.705] [main/DEBUG] [net.minecraftforge.fml.loading.moddiscovery.ModFileParser/LOADING]: Considering mod file candidate /workspaces/Mamaron-/servidor_minecraft/mods/eccentrictome-1.19.2-1.10.2.jar
[18Sep2024 03:30:03.705] [main/DEBUG] [net.minecraftforge.fml.loading.moddiscovery.ModFileInfo/LOADING]: Found valid mod file eccentrictome-1.19.2-1.10.2.jar with {eccentrictome} mods - versions {1.19.2-1.10.2}
[18Sep2024 03:30:03.705] [main/DEBUG] [net.minecraftforge.fml.loading.moddiscovery.ModFile/LOADING]: Loading mod file /workspaces/Mamaron-/servidor_minecraft/mods/eccentrictome-1.19.2-1.10.2.jar with languages [LanguageSpec[languageName=javafml, acceptedVersions=[43,)]]
[18Sep2024 03:30:03.706] [main/DEBUG] [net.minecraftforge.fml.loading.moddiscovery.ModFileParser/LOADING]: Considering mod file candidate /workspaces/Mamaron-/servidor_minecraft/mods/ItemStages-Forge-1.19.2-5.1.4.jar
[18Sep2024 03:30:03.706] [main/DEBUG] [net.minecraftforge.fml.loading.moddiscovery.ModFileInfo/LOADING]: Found valid mod file ItemStages-Forge-1.19.2-5.1.4.jar with {itemstages} mods - versions {5.1.4}
[18Sep2024 03:30:03.706] [main/DEBUG] [net.minecraftforge.fml.loading.moddiscovery.ModFile/LOADING]: Loading mod file /workspaces/Mamaron-/servidor_minecraft/mods/ItemStages-Forge-1.19.2-5.1.4.jar with languages [LanguageSpec[languageName=javafml, acceptedVersions=[43,]]]
[18Sep2024 03:30:03.706] [main/DEBUG] [net.minecraftforge.fml.loading.moddiscovery.ModFileParser/LOADING]: Considering mod file candidate /workspaces/Mamaron-/servidor_minecraft/mods/Jade-1.19.1-forge-8.9.2.jar
[18Sep2024 03:30:03.706] [main/DEBUG] [net.minecraftforge.fml.loading.moddiscovery.ModFileInfo/LOADING]: Found valid mod file Jade-1.19.1-forge-8.9.2.jar with {jade} mods - versions {8.9.2}
[18Sep2024 03:30:03.706] [main/DEBUG] [net.minecraftforge.fml.loading.moddiscovery.ModFile/LOADING]: Loading mod file /workspaces/Mamaron-/servidor_minecraft/mods/Jade-1.19.1-forge-8.9.2.jar with languages [LanguageSpec[languageName=javafml, acceptedVersions=[42,)]]
[18Sep2024 03:30:03.707] [main/DEBUG] [net.minecraftforge.fml.loading.moddiscovery.ModFileParser/LOADING]: Considering mod file candidate /workspaces/Mamaron-/servidor_minecraft/mods/cisco_mod_8.0.jar
[18Sep2024 03:30:03.707] [main/DEBUG] [net.minecraftforge.fml.loading.moddiscovery.ModFileInfo/LOADING]: Found valid mod file cisco_mod_8.0.jar with {cisco_mod} mods - versions {3.9}
[18Sep2024 03:30:03.707] [main/DEBUG] [net.minecraftforge.fml.loading.moddiscovery.ModFile/LOADING]: Loading mod file /workspaces/Mamaron-/servidor_minecraft/mods/cisco_mod_8.0.jar with languages [LanguageSpec[languageName=javafml, acceptedVersions=[43,)]]
[18Sep2024 03:30:03.707] [main/DEBUG] [net.minecraftforge.fml.loading.moddiscovery.ModFileParser/LOADING]: Considering mod file candidate /workspaces/Mamaron-/servidor_minecraft/mods/CullLessLeaves-Reforged-1.0.5.jar
[18Sep2024 03:30:03.708] [main/DEBUG] [net.minecraftforge.fml.loading.moddiscovery.ModFileInfo/LOADING]: Found valid mod file CullLessLeaves-Reforged-1.0.5.jar with {culllessleaves} mods - versions {1.0.5}
[18Sep2024 03:30:03.708] [main/DEBUG] [net.minecraftforge.fml.loading.moddiscovery.ModFile/LOADING]: Loading mod file /workspaces/Mamaron-/servidor_minecraft/mods/CullLessLeaves-Reforged-1.0.5.jar with languages [LanguageSpec[languageName=javafml, acceptedVersions=[43,)]]
[18Sep2024 03:30:03.708] [main/DEBUG] [net.minecraftforge.fml.loading.moddiscovery.ModFileParser/LOADING]: Considering mod file candidate /workspaces/Mamaron-/servidor_minecraft/mods/forbidden_arcanus-1.19.2-2.1.5.jar
[18Sep2024 03:30:03.708] [main/DEBUG] [net.minecraftforge.fml.loading.moddiscovery.ModFileInfo/LOADING]: Found valid mod file forbidden_arcanus-1.19.2-2.1.5.jar with {forbidden_arcanus} mods - versions {1.19.2-2.1.5}
[18Sep2024 03:30:03.708] [main/DEBUG] [net.minecraftforge.fml.loading.moddiscovery.ModFile/LOADING]: Loading mod file /workspaces/Mamaron-/servidor_minecraft/mods/forbidden_arcanus-1.19.2-2.1.5.jar with languages [LanguageSpec[languageName=javafml, acceptedVersions=[43,)]]
[18Sep2024 03:30:03.708] [main/DEBUG] [net.minecraftforge.fml.loading.moddiscovery.ModFileParser/LOADING]: Considering mod file candidate /workspaces/Mamaron-/servidor_minecraft/mods/NethersDelight-1.19-3.1.jar
[18Sep2024 03:30:03.709] [main/DEBUG] [net.minecraftforge.fml.loading.moddiscovery.ModFileInfo/LOADING]: Found valid mod file NethersDelight-1.19-3.1.jar with {nethersdelight} mods - versions {1.19-3.1}
[18Sep2024 03:30:03.709] [main/DEBUG] [net.minecraftforge.fml.loading.moddiscovery.ModFile/LOADING]: Loading mod file /workspaces/Mamaron-/servidor_minecraft/mods/NethersDelight-1.19-3.1.jar with languages [LanguageSpec[languageName=javafml, acceptedVersions=[41,)]]
[18Sep2024 03:30:03.709] [main/DEBUG] [net.minecraftforge.fml.loading.moddiscovery.ModFileParser/LOADING]: Considering mod file candidate /workspaces/Mamaron-/servidor_minecraft/mods/smoothboot(reloaded)-mc1.19.2-0.0.4.jar
[18Sep2024 03:30:03.709] [main/DEBUG] [net.minecraftforge.fml.loading.moddiscovery.ModFileInfo/LOADING]: Found valid mod file smoothboot(reloaded)-mc1.19.2-0.0.4.jar with {smoothboot} mods - versions {0.0.4}
[18Sep2024 03:30:03.709] [main/DEBUG] [net.minecraftforge.fml.loading.moddiscovery.ModFile/LOADING]: Loading mod file /workspaces/Mamaron-/servidor_minecraft/mods/smoothboot(reloaded)-mc1.19.2-0.0.4.jar with languages [LanguageSpec[languageName=javafml, acceptedVersions=[43,)]]
[18Sep2024 03:30:03.709] [main/DEBUG] [net.minecraftforge.fml.loading.moddiscovery.ModFileParser/LOADING]: Considering mod file candidate /workspaces/Mamaron-/servidor_minecraft/mods/PassiveSkillTree-1.19.2-BETA-0.6.13a-all.jar
[18Sep2024 03:30:03.710] [main/DEBUG] [net.minecraftforge.fml.loading.moddiscovery.ModFileInfo/LOADING]: Found valid mod file PassiveSkillTree-1.19.2-BETA-0.6.13a-all.jar with {skilltree} mods - versions {0.6.13a}
[18Sep2024 03:30:03.710] [main/DEBUG] [net.minecraftforge.fml.loading.moddiscovery.ModFile/LOADING]: Loading mod file /workspaces/Mamaron-/servidor_minecraft/mods/PassiveSkillTree-1.19.2-BETA-0.6.13a-all.jar with languages [LanguageSpec[languageName=javafml, acceptedVersions=[43,)]]
[18Sep2024 03:30:03.710] [main/DEBUG] [net.minecraftforge.fml.loading.moddiscovery.ModFileParser/LOADING]: Considering mod file candidate /workspaces/Mamaron-/servidor_minecraft/mods/atmospheric-1.19.2-5.1.2.jar
[18Sep2024 03:30:03.710] [main/DEBUG] [net.minecraftforge.fml.loading.moddiscovery.ModFileInfo/LOADING]: Found valid mod file atmospheric-1.19.2-5.1.2.jar with {atmospheric} mods - versions {5.1.2}
[18Sep2024 03:30:03.710] [main/DEBUG] [net.minecraftforge.fml.loading.moddiscovery.ModFile/LOADING]: Loading mod file /workspaces/Mamaron-/servidor_minecraft/mods/atmospheric-1.19.2-5.1.2.jar with languages [LanguageSpec[languageName=javafml, acceptedVersions=[32,)]]
[18Sep2024 03:30:03.710] [main/DEBUG] [net.minecraftforge.fml.loading.moddiscovery.ModFileParser/LOADING]: Considering mod file candidate /workspaces/Mamaron-/servidor_minecraft/mods/easy-villagers-forge-1.19.2-1.1.17.jar
[18Sep2024 03:30:03.711] [main/DEBUG] [net.minecraftforge.fml.loading.moddiscovery.ModFileInfo/LOADING]: Found valid mod file easy-villagers-forge-1.19.2-1.1.17.jar with {easy_villagers} mods - versions {1.19.2-1.1.17}
[18Sep2024 03:30:03.711] [main/DEBUG] [net.minecraftforge.fml.loading.moddiscovery.ModFile/LOADING]: Loading mod file /workspaces/Mamaron-/servidor_minecraft/mods/easy-villagers-forge-1.19.2-1.1.17.jar with languages [LanguageSpec[languageName=javafml, acceptedVersions=*]]
[18Sep2024 03:30:03.711] [main/DEBUG] [net.minecraftforge.fml.loading.moddiscovery.ModFileParser/LOADING]: Considering mod file candidate /workspaces/Mamaron-/servidor_minecraft/mods/Iceberg-1.19.2-forge-1.1.4.jar
[18Sep2024 03:30:03.711] [main/DEBUG] [net.minecraftforge.fml.loading.moddiscovery.ModFileInfo/LOADING]: Found valid mod file Iceberg-1.19.2-forge-1.1.4.jar with {iceberg} mods - versions {1.1.4}
[18Sep2024 03:30:03.711] [main/DEBUG] [net.minecraftforge.fml.loading.moddiscovery.ModFile/LOADING]: Loading mod file /workspaces/Mamaron-/servidor_minecraft/mods/Iceberg-1.19.2-forge-1.1.4.jar with languages [LanguageSpec[languageName=javafml, acceptedVersions=[41,)]]
[18Sep2024 03:30:03.711] [main/DEBUG] [net.minecraftforge.fml.loading.moddiscovery.ModFileParser/LOADING]: Considering mod file candidate /workspaces/Mamaron-/servidor_minecraft/mods/brutalbosses-1.19.2-6.8.jar
[18Sep2024 03:30:03.712] [main/DEBUG] [net.minecraftforge.fml.loading.moddiscovery.ModFileInfo/LOADING]: Found valid mod file brutalbosses-1.19.2-6.8.jar with {brutalbosses} mods - versions {1.19.2-6.8}
[18Sep2024 03:30:03.712] [main/DEBUG] [net.minecraftforge.fml.loading.moddiscovery.ModFile/LOADING]: Loading mod file /workspaces/Mamaron-/servidor_minecraft/mods/brutalbosses-1.19.2-6.8.jar with languages [LanguageSpec[languageName=javafml, acceptedVersions=[36,)]]
[18Sep2024 03:30:03.712] [main/DEBUG] [net.minecraftforge.fml.loading.moddiscovery.ModFileParser/LOADING]: Considering mod file candidate /workspaces/Mamaron-/servidor_minecraft/mods/ars_elemental-1.19.2-0.5.9.4.1.jar
[18Sep2024 03:30:03.712] [main/DEBUG] [net.minecraftforge.fml.loading.moddiscovery.ModFileInfo/LOADING]: Found valid mod file ars_elemental-1.19.2-0.5.9.4.1.jar with {ars_elemental} mods - versions {1.19.2-0.5.9.4.1}
[18Sep2024 03:30:03.712] [main/DEBUG] [net.minecraftforge.fml.loading.moddiscovery.ModFile/LOADING]: Loading mod file /workspaces/Mamaron-/servidor_minecraft/mods/ars_elemental-1.19.2-0.5.9.4.1.jar with languages [LanguageSpec[languageName=javafml, acceptedVersions=[41,)]]
[18Sep2024 03:30:03.713] [main/DEBUG] [net.minecraftforge.fml.loading.moddiscovery.ModFileParser/LOADING]: Considering mod file candidate /workspaces/Mamaron-/servidor_minecraft/mods/StorageDrawers-1.19.2-11.4.1.jar
[18Sep2024 03:30:03.713] [main/DEBUG] [net.minecraftforge.fml.loading.moddiscovery.ModFileInfo/LOADING]: Found valid mod file StorageDrawers-1.19.2-11.4.1.jar with {storagedrawers} mods - versions {11.4.1}
[18Sep2024 03:30:03.713] [main/DEBUG] [net.minecraftforge.fml.loading.moddiscovery.ModFile/LOADING]: Loading mod file /workspaces/Mamaron-/servidor_minecraft/mods/StorageDrawers-1.19.2-11.4.1.jar with languages [LanguageSpec[languageName=javafml, acceptedVersions=[43,)]]
[18Sep2024 03:30:03.713] [main/DEBUG] [net.minecraftforge.fml.loading.moddiscovery.ModFileParser/LOADING]: Considering mod file candidate /workspaces/Mamaron-/servidor_minecraft/mods/irons_spellbooks-1.19.2-3.4.0.jar
[18Sep2024 03:30:03.714] [main/DEBUG] [net.minecraftforge.fml.loading.moddiscovery.ModFileInfo/LOADING]: Found valid mod file irons_spellbooks-1.19.2-3.4.0.jar with {irons_spellbooks} mods - versions {1.19.2-3.4.0}
[18Sep2024 03:30:03.714] [main/DEBUG] [net.minecraftforge.fml.loading.moddiscovery.ModFile/LOADING]: Loading mod file /workspaces/Mamaron-/servidor_minecraft/mods/irons_spellbooks-1.19.2-3.4.0.jar with languages [LanguageSpec[languageName=javafml, acceptedVersions=[43,)]]
[18Sep2024 03:30:03.714] [main/DEBUG] [net.minecraftforge.fml.loading.moddiscovery.ModFileParser/LOADING]: Considering mod file candidate /workspaces/Mamaron-/servidor_minecraft/mods/doespotatotick-1.19.2-4.0.2.jar
[18Sep2024 03:30:03.714] [main/DEBUG] [net.minecraftforge.fml.loading.moddiscovery.ModFileInfo/LOADING]: Found valid mod file doespotatotick-1.19.2-4.0.2.jar with {doespotatotick} mods - versions {1.19.2-4.0.2}
[18Sep2024 03:30:03.714] [main/DEBUG] [net.minecraftforge.fml.loading.moddiscovery.ModFile/LOADING]: Loading mod file /workspaces/Mamaron-/servidor_minecraft/mods/doespotatotick-1.19.2-4.0.2.jar with languages [LanguageSpec[languageName=javafml, acceptedVersions=[36,)]]
[18Sep2024 03:30:03.714] [main/DEBUG] [net.minecraftforge.fml.loading.moddiscovery.ModFileParser/LOADING]: Considering mod file candidate /workspaces/Mamaron-/servidor_minecraft/mods/Dreamland-forge-1.19.2-1.2.0.6.jar
[18Sep2024 03:30:03.715] [main/DEBUG] [net.minecraftforge.fml.loading.moddiscovery.ModFileInfo/LOADING]: Found valid mod file Dreamland-forge-1.19.2-1.2.0.6.jar with {dreamland} mods - versions {1.2.0.6}
[18Sep2024 03:30:03.715] [main/DEBUG] [net.minecraftforge.fml.loading.moddiscovery.ModFile/LOADING]: Loading mod file /workspaces/Mamaron-/servidor_minecraft/mods/Dreamland-forge-1.19.2-1.2.0.6.jar with languages [LanguageSpec[languageName=javafml, acceptedVersions=[41,)]]
[18Sep2024 03:30:03.715] [main/DEBUG] [net.minecraftforge.fml.loading.moddiscovery.ModFileParser/LOADING]: Considering mod file candidate /workspaces/Mamaron-/servidor_minecraft/mods/EndlessBiomes 1.4s - 1.19.2 (Server-friendly).jar
[18Sep2024 03:30:03.715] [main/DEBUG] [net.minecraftforge.fml.loading.moddiscovery.ModFileInfo/LOADING]: Found valid mod file EndlessBiomes 1.4s - 1.19.2 (Server-friendly).jar with {endlessbiomes} mods - versions {1.0.0}
[18Sep2024 03:30:03.715] [main/DEBUG] [net.minecraftforge.fml.loading.moddiscovery.ModFile/LOADING]: Loading mod file /workspaces/Mamaron-/servidor_minecraft/mods/EndlessBiomes 1.4s - 1.19.2 (Server-friendly).jar with languages [LanguageSpec[languageName=javafml, acceptedVersions=[43,)]]
[18Sep2024 03:30:03.715] [main/DEBUG] [net.minecraftforge.fml.loading.moddiscovery.ModFileParser/LOADING]: Considering mod file candidate /workspaces/Mamaron-/servidor_minecraft/mods/upgradedcore-1.19.2-4.1.0.1-release.jar
[18Sep2024 03:30:03.716] [main/DEBUG] [net.minecraftforge.fml.loading.moddiscovery.ModFileInfo/LOADING]: Found valid mod file upgradedcore-1.19.2-4.1.0.1-release.jar with {upgradedcore} mods - versions {1.19.2-4.1.0.1-release}
[18Sep2024 03:30:03.716] [main/DEBUG] [net.minecraftforge.fml.loading.moddiscovery.ModFile/LOADING]: Loading mod file /workspaces/Mamaron-/servidor_minecraft/mods/upgradedcore-1.19.2-4.1.0.1-release.jar with languages [LanguageSpec[languageName=javafml, acceptedVersions=[43,)]]
[18Sep2024 03:30:03.716] [main/DEBUG] [net.minecraftforge.fml.loading.moddiscovery.ModFileParser/LOADING]: Considering mod file candidate /workspaces/Mamaron-/servidor_minecraft/mods/Wabi-Sabi-Structures-1.2.0-1.19-Forge.jar
[18Sep2024 03:30:03.716] [main/DEBUG] [net.minecraftforge.fml.loading.moddiscovery.ModFileInfo/LOADING]: Found valid mod file Wabi-Sabi-Structures-1.2.0-1.19-Forge.jar with {wabi_sabi_structures} mods - versions {1.2.0-1.19}
[18Sep2024 03:30:03.717] [main/DEBUG] [net.minecraftforge.fml.loading.moddiscovery.ModFile/LOADING]: Loading mod file /workspaces/Mamaron-/servidor_minecraft/mods/Wabi-Sabi-Structures-1.2.0-1.19-Forge.jar with languages [LanguageSpec[languageName=javafml, acceptedVersions=[41,)]]
[18Sep2024 03:30:03.717] [main/DEBUG] [net.minecraftforge.fml.loading.moddiscovery.ModFileParser/LOADING]: Considering mod file candidate /workspaces/Mamaron-/servidor_minecraft/mods/alexsdelight-1.4.1.jar
[18Sep2024 03:30:03.717] [main/DEBUG] [net.minecraftforge.fml.loading.moddiscovery.ModFileInfo/LOADING]: Found valid mod file alexsdelight-1.4.1.jar with {alexsdelight} mods - versions {1.4.1}
[18Sep2024 03:30:03.717] [main/DEBUG] [net.minecraftforge.fml.loading.moddiscovery.ModFile/LOADING]: Loading mod file /workspaces/Mamaron-/servidor_minecraft/mods/alexsdelight-1.4.1.jar with languages [LanguageSpec[languageName=javafml, acceptedVersions=[43,)]]
[18Sep2024 03:30:03.717] [main/DEBUG] [net.minecraftforge.fml.loading.moddiscovery.ModFileParser/LOADING]: Considering mod file candidate /workspaces/Mamaron-/servidor_minecraft/mods/ferritecore-5.0.3-forge.jar
[18Sep2024 03:30:03.718] [main/DEBUG] [net.minecraftforge.fml.loading.moddiscovery.ModFileInfo/LOADING]: Found valid mod file ferritecore-5.0.3-forge.jar with {ferritecore} mods - versions {5.0.3}
[18Sep2024 03:30:03.718] [main/DEBUG] [net.minecraftforge.fml.loading.moddiscovery.ModFile/LOADING]: Loading mod file /workspaces/Mamaron-/servidor_minecraft/mods/ferritecore-5.0.3-forge.jar with languages [LanguageSpec[languageName=javafml, acceptedVersions=[28,)]]
[18Sep2024 03:30:03.718] [main/DEBUG] [net.minecraftforge.fml.loading.moddiscovery.ModFileParser/LOADING]: Considering mod file candidate 
[18Sep2024 03:30:03.718] [main/DEBUG] [net.minecraftforge.fml.loading.moddiscovery.ModFileInfo/LOADING]: Found valid mod file apexcore-1.19.2-7.3.1.jar with {apexcore} mods - versions {7.3.1}
[18Sep2024 03:30:03.719] [main/DEBUG] [net.minecraftforge.fml.loading.moddiscovery.ModFile/LOADING]: Loading mod file  with languages [LanguageSpec[languageName=javafml, acceptedVersions=[43,)]]
[18Sep2024 03:30:03.719] [main/DEBUG] [net.minecraftforge.fml.loading.moddiscovery.ModFileParser/LOADING]: Considering mod file candidate /workspaces/Mamaron-/servidor_minecraft/mods/majruszs-enchantments-forge-1.19.2-1.10.7-backport.1.jar
[18Sep2024 03:30:03.719] [main/DEBUG] [net.minecraftforge.fml.loading.moddiscovery.ModFileInfo/LOADING]: Found valid mod file majruszs-enchantments-forge-1.19.2-1.10.7-backport.1.jar with {majruszsenchantments} mods - versions {1.10.7-backport.1}
[18Sep2024 03:30:03.719] [main/DEBUG] [net.minecraftforge.fml.loading.moddiscovery.ModFile/LOADING]: Loading mod file /workspaces/Mamaron-/servidor_minecraft/mods/majruszs-enchantments-forge-1.19.2-1.10.7-backport.1.jar with languages [LanguageSpec[languageName=javafml, acceptedVersions=[43,)]]
[18Sep2024 03:30:03.719] [main/DEBUG] [net.minecraftforge.fml.loading.moddiscovery.ModFileParser/LOADING]: Considering mod file candidate /workspaces/Mamaron-/servidor_minecraft/mods/valhelsia_core-forge-1.19.2-0.5.0.jar
[18Sep2024 03:30:03.720] [main/DEBUG] [net.minecraftforge.fml.loading.moddiscovery.ModFileInfo/LOADING]: Found valid mod file valhelsia_core-forge-1.19.2-0.5.0.jar with {valhelsia_core} mods - versions {1.19.2-0.5.0}
[18Sep2024 03:30:03.720] [main/DEBUG] [net.minecraftforge.fml.loading.moddiscovery.ModFile/LOADING]: Loading mod file /workspaces/Mamaron-/servidor_minecraft/mods/valhelsia_core-forge-1.19.2-0.5.0.jar with languages [LanguageSpec[languageName=javafml, acceptedVersions=[43,)]]
[18Sep2024 03:30:03.720] [main/DEBUG] [net.minecraftforge.fml.loading.moddiscovery.ModFileParser/LOADING]: Considering mod file candidate /workspaces/Mamaron-/servidor_minecraft/mods/OverflowingBars-v4.0.1-1.19.2-Forge.jar
[18Sep2024 03:30:03.720] [main/DEBUG] [net.minecraftforge.fml.loading.moddiscovery.ModFileInfo/LOADING]: Found valid mod file OverflowingBars-v4.0.1-1.19.2-Forge.jar with {overflowingbars} mods - versions {4.0.1}
[18Sep2024 03:30:03.720] [main/DEBUG] [net.minecraftforge.fml.loading.moddiscovery.ModFile/LOADING]: Loading mod file /workspaces/Mamaron-/servidor_minecraft/mods/OverflowingBars-v4.0.1-1.19.2-Forge.jar with languages [LanguageSpec[languageName=javafml, acceptedVersions=[43,)]]
[18Sep2024 03:30:03.720] [main/DEBUG] [net.minecraftforge.fml.loading.moddiscovery.ModFileParser/LOADING]: Considering mod file candidate /workspaces/Mamaron-/servidor_minecraft/mods/UndeadUnleashed-1.1.1-1.19.2.jar
[18Sep2024 03:30:03.720] [main/DEBUG] [net.minecraftforge.fml.loading.moddiscovery.ModFileInfo/LOADING]: Found valid mod file UndeadUnleashed-1.1.1-1.19.2.jar with {undead_unleashed} mods - versions {1.1.0}
[18Sep2024 03:30:03.721] [main/DEBUG] [net.minecraftforge.fml.loading.moddiscovery.ModFile/LOADING]: Loading mod file /workspaces/Mamaron-/servidor_minecraft/mods/UndeadUnleashed-1.1.1-1.19.2.jar with languages [LanguageSpec[languageName=javafml, acceptedVersions=[43,)]]
[18Sep2024 03:30:03.721] [main/DEBUG] [net.minecraftforge.fml.loading.moddiscovery.ModFile/LOADING]: Loading mod file  with languages []
[18Sep2024 03:30:03.721] [main/DEBUG] [net.minecraftforge.fml.loading.moddiscovery.ModFile/LOADING]: Loading mod file  with languages []
[18Sep2024 03:30:03.721] [main/DEBUG] [net.minecraftforge.fml.loading.moddiscovery.ModFile/LOADING]: Loading mod file  with languages []
[18Sep2024 03:30:03.721] [main/DEBUG] [net.minecraftforge.fml.loading.moddiscovery.ModFileParser/LOADING]: Considering mod file candidate 
[18Sep2024 03:30:03.721] [main/DEBUG] [net.minecraftforge.fml.loading.moddiscovery.ModFileInfo/LOADING]: Found valid mod file mixinextras-forge-0.2.0-beta.9.jar with {mixinextras} mods - versions {0.2.0-beta.9}
[18Sep2024 03:30:03.721] [main/DEBUG] [net.minecraftforge.fml.loading.moddiscovery.ModFile/LOADING]: Loading mod file  with languages [LanguageSpec[languageName=javafml, acceptedVersions=*]]
[18Sep2024 03:30:03.721] [main/DEBUG] [net.minecraftforge.fml.loading.moddiscovery.ModFile/LOADING]: Loading mod file  with languages []
[18Sep2024 03:30:03.721] [main/DEBUG] [net.minecraftforge.fml.loading.moddiscovery.ModFile/LOADING]: Loading mod file  with languages []
[18Sep2024 03:30:03.722] [main/DEBUG] [net.minecraftforge.fml.loading.moddiscovery.ModFileParser/LOADING]: Considering mod file candidate 
[18Sep2024 03:30:03.722] [main/DEBUG] [net.minecraftforge.fml.loading.moddiscovery.ModFileInfo/LOADING]: Found valid mod file mixinsquared-forge-0.1.2-beta.6.jar with {mixinsquared} mods - versions {0.1.2-beta.6}
[18Sep2024 03:30:03.722] [main/DEBUG] [net.minecraftforge.fml.loading.moddiscovery.ModFile/LOADING]: Loading mod file  with languages [LanguageSpec[languageName=javafml, acceptedVersions=*]]
[18Sep2024 03:30:03.722] [main/DEBUG] [net.minecraftforge.fml.loading.moddiscovery.ModFile/LOADING]: Loading mod file  with languages []
[18Sep2024 03:30:03.723] [main/DEBUG] [cpw.mods.modlauncher.TransformationServiceDecorator/MODLAUNCHER]: End scan trigger - transformation service fml
[18Sep2024 03:30:03.739] [main/DEBUG] [net.minecraftforge.fml.loading.LanguageLoadingProvider/CORE]: Found 3 language providers
[18Sep2024 03:30:03.740] [main/DEBUG] [net.minecraftforge.fml.loading.LanguageLoadingProvider/CORE]: Found language provider minecraft, version 1.0
[18Sep2024 03:30:03.741] [main/DEBUG] [net.minecraftforge.fml.loading.LanguageLoadingProvider/CORE]: Found language provider lowcodefml, version 43
[18Sep2024 03:30:03.741] [main/DEBUG] [net.minecraftforge.fml.loading.LanguageLoadingProvider/CORE]: Found language provider javafml, version 43
[18Sep2024 03:30:03.753] [main/DEBUG] [net.minecraftforge.fml.loading.ModSorter/]: Configured system mods: [minecraft, forge]
[18Sep2024 03:30:03.753] [main/DEBUG] [net.minecraftforge.fml.loading.ModSorter/]: Found system mod: minecraft
[18Sep2024 03:30:03.753] [main/DEBUG] [net.minecraftforge.fml.loading.ModSorter/]: Found system mod: forge
[18Sep2024 03:30:03.760] [main/DEBUG] [net.minecraftforge.fml.loading.ModSorter/LOADING]: Found 580 mod requirements (518 mandatory, 62 optional)
[18Sep2024 03:30:03.765] [main/DEBUG] [net.minecraftforge.fml.loading.ModSorter/LOADING]: Found 1 mod requirements missing (1 mandatory, 0 optional)
[18Sep2024 03:30:03.766] [main/ERROR] [net.minecraftforge.fml.loading.ModSorter/LOADING]: Missing or unsupported mandatory dependencies:
	Mod ID: 'forge', Requested by: 'melody', Expected range: '[43.3.5,)', Actual version: '43.3.0'
[18Sep2024 03:30:04.494] [main/DEBUG] [cpw.mods.modlauncher.TransformationServicesHandler/MODLAUNCHER]: Transformation services loading transformers
[18Sep2024 03:30:04.495] [main/DEBUG] [cpw.mods.modlauncher.TransformationServiceDecorator/MODLAUNCHER]: Initializing transformers for transformation service mixin
[18Sep2024 03:30:04.496] [main/DEBUG] [cpw.mods.modlauncher.TransformationServiceDecorator/MODLAUNCHER]: Initialized transformers for transformation service mixin
[18Sep2024 03:30:04.496] [main/DEBUG] [cpw.mods.modlauncher.TransformationServiceDecorator/MODLAUNCHER]: Initializing transformers for transformation service redirector
[18Sep2024 03:30:04.496] [main/DEBUG] [cpw.mods.modlauncher.TransformationServiceDecorator/MODLAUNCHER]: Initialized transformers for transformation service redirector
[18Sep2024 03:30:04.497] [main/DEBUG] [cpw.mods.modlauncher.TransformationServiceDecorator/MODLAUNCHER]: Initializing transformers for transformation service fml
[18Sep2024 03:30:04.497] [main/DEBUG] [net.minecraftforge.fml.loading.FMLServiceProvider/CORE]: Loading coremod transformers
[18Sep2024 03:30:04.497] [main/DEBUG] [net.minecraftforge.coremod.CoreModEngine/COREMOD]: Loading CoreMod from coremods/field_to_method.js
[18Sep2024 03:30:04.958] [main/DEBUG] [net.minecraftforge.coremod.CoreModEngine/COREMOD]: CoreMod loaded successfully
[18Sep2024 03:30:04.968] [main/DEBUG] [net.minecraftforge.coremod.CoreModEngine/COREMOD]: Loading CoreMod from coremods/field_to_instanceof.js
[18Sep2024 03:30:05.087] [main/DEBUG] [net.minecraftforge.coremod.CoreModEngine/COREMOD]: CoreMod loaded successfully
[18Sep2024 03:30:05.087] [main/DEBUG] [net.minecraftforge.coremod.CoreModEngine/COREMOD]: Loading CoreMod from coremods/add_bouncer_method.js
[18Sep2024 03:30:05.188] [main/DEBUG] [net.minecraftforge.coremod.CoreModEngine/COREMOD]: CoreMod loaded successfully
[18Sep2024 03:30:05.197] [main/DEBUG] [cpw.mods.modlauncher.TransformStore/MODLAUNCHER]: Adding transformer net.minecraftforge.coremod.transformer.CoreModClassTransformer@7f6329cb to Target : CLASS {Lnet/minecraft/world/level/biome/Biome;} {} {V}
[18Sep2024 03:30:05.199] [main/DEBUG] [cpw.mods.modlauncher.TransformStore/MODLAUNCHER]: Adding transformer net.minecraftforge.coremod.transformer.CoreModClassTransformer@15fb4566 to Target : CLASS {Lnet/minecraft/world/level/levelgen/structure/Structure;} {} {V}
[18Sep2024 03:30:05.199] [main/DEBUG] [cpw.mods.modlauncher.TransformStore/MODLAUNCHER]: Adding transformer net.minecraftforge.coremod.transformer.CoreModClassTransformer@25ffd826 to Target : CLASS {Lnet/minecraft/world/effect/MobEffectInstance;} {} {V}
[18Sep2024 03:30:05.199] [main/DEBUG] [cpw.mods.modlauncher.TransformStore/MODLAUNCHER]: Adding transformer net.minecraftforge.coremod.transformer.CoreModClassTransformer@29896529 to Target : CLASS {Lnet/minecraft/world/level/block/LiquidBlock;} {} {V}
[18Sep2024 03:30:05.200] [main/DEBUG] [cpw.mods.modlauncher.TransformStore/MODLAUNCHER]: Adding transformer net.minecraftforge.coremod.transformer.CoreModClassTransformer@e29f4f6 to Target : CLASS {Lnet/minecraft/world/item/BucketItem;} {} {V}
[18Sep2024 03:30:05.200] [main/DEBUG] [cpw.mods.modlauncher.TransformStore/MODLAUNCHER]: Adding transformer net.minecraftforge.coremod.transformer.CoreModClassTransformer@41b64020 to Target : CLASS {Lnet/minecraft/world/level/block/StairBlock;} {} {V}
[18Sep2024 03:30:05.200] [main/DEBUG] [cpw.mods.modlauncher.TransformStore/MODLAUNCHER]: Adding transformer net.minecraftforge.coremod.transformer.CoreModClassTransformer@1a538ed8 to Target : CLASS {Lnet/minecraft/world/level/block/FlowerPotBlock;} {} {V}
[18Sep2024 03:30:05.201] [main/DEBUG] [cpw.mods.modlauncher.TransformStore/MODLAUNCHER]: Adding transformer net.minecraftforge.coremod.transformer.CoreModClassTransformer@78910096 to Target : CLASS {Lnet/minecraft/world/item/ItemStack;} {} {V}
[18Sep2024 03:30:05.201] [main/DEBUG] [cpw.mods.modlauncher.TransformStore/MODLAUNCHER]: Adding transformer net.minecraftforge.coremod.transformer.CoreModClassTransformer@39dec536 to Target : CLASS {Lnet/minecraft/network/play/client/CClientSettingsPacket;} {} {V}
[18Sep2024 03:30:05.202] [main/DEBUG] [cpw.mods.modlauncher.TransformationServiceDecorator/MODLAUNCHER]: Initialized transformers for transformation service fml
[18Sep2024 03:30:11.199] [main/DEBUG] [mixin/]: Processing prepare() for PlatformAgent[MixinPlatformAgentDefault:ModLauncher Root Container(ModLauncher:4f56a0a2)]
[18Sep2024 03:30:11.200] [main/DEBUG] [mixin/]: Processing launch tasks for PlatformAgent[MixinPlatformAgentDefault:ModLauncher Root Container(ModLauncher:4f56a0a2)]
[18Sep2024 03:30:11.201] [main/DEBUG] [mixin/]: Adding mixin platform agents for container SecureJarResource(saturn)
[18Sep2024 03:30:11.201] [main/DEBUG] [mixin/]: Instancing new MixinPlatformAgentMinecraftForge for SecureJarResource(saturn)
[18Sep2024 03:30:11.201] [main/DEBUG] [mixin/]: MixinPlatformAgentMinecraftForge rejected container SecureJarResource(saturn)
[18Sep2024 03:30:11.201] [main/DEBUG] [mixin/]: Instancing new MixinPlatformAgentDefault for SecureJarResource(saturn)
[18Sep2024 03:30:11.202] [main/DEBUG] [mixin/]: MixinPlatformAgentDefault accepted container SecureJarResource(saturn)
[18Sep2024 03:30:11.202] [main/DEBUG] [mixin/]: Processing prepare() for PlatformAgent[MixinPlatformAgentDefault:SecureJarResource(saturn)]
[18Sep2024 03:30:11.202] [main/DEBUG] [mixin/]: Registering mixin config: saturn.mixins.json
[18Sep2024 03:30:11.240] [main/DEBUG] [mixin/]: Compatibility level JAVA_17 specified by saturn.mixins.json is higher than the maximum level supported by this version of mixin (JAVA_13).
[18Sep2024 03:30:11.248] [main/INFO] [mixin/]: Compatibility level set to JAVA_17
[18Sep2024 03:30:11.249] [main/DEBUG] [mixin/]: Adding mixin platform agents for container SecureJarResource(kubejs)
[18Sep2024 03:30:11.250] [main/DEBUG] [mixin/]: Instancing new MixinPlatformAgentMinecraftForge for SecureJarResource(kubejs)
[18Sep2024 03:30:11.250] [main/DEBUG] [mixin/]: MixinPlatformAgentMinecraftForge rejected container SecureJarResource(kubejs)
[18Sep2024 03:30:11.250] [main/DEBUG] [mixin/]: Instancing new MixinPlatformAgentDefault for SecureJarResource(kubejs)
[18Sep2024 03:30:11.250] [main/DEBUG] [mixin/]: MixinPlatformAgentDefault accepted container SecureJarResource(kubejs)
[18Sep2024 03:30:11.251] [main/DEBUG] [mixin/]: Processing prepare() for PlatformAgent[MixinPlatformAgentDefault:SecureJarResource(kubejs)]
[18Sep2024 03:30:11.251] [main/DEBUG] [mixin/]: Registering mixin config: kubejs-forge.mixins.json
[18Sep2024 03:30:11.258] [main/DEBUG] [mixin/]: Registering mixin config: kubejs-common.mixins.json
[18Sep2024 03:30:11.263] [main/DEBUG] [mixin/]: Adding mixin platform agents for container SecureJarResource(betterdungeons)
[18Sep2024 03:30:11.263] [main/DEBUG] [mixin/]: Instancing new MixinPlatformAgentMinecraftForge for SecureJarResource(betterdungeons)
[18Sep2024 03:30:11.264] [main/DEBUG] [mixin/]: MixinPlatformAgentMinecraftForge rejected container SecureJarResource(betterdungeons)
[18Sep2024 03:30:11.264] [main/DEBUG] [mixin/]: Instancing new MixinPlatformAgentDefault for SecureJarResource(betterdungeons)
[18Sep2024 03:30:11.264] [main/DEBUG] [mixin/]: MixinPlatformAgentDefault accepted container SecureJarResource(betterdungeons)
[18Sep2024 03:30:11.264] [main/DEBUG] [mixin/]: Processing prepare() for PlatformAgent[MixinPlatformAgentDefault:SecureJarResource(betterdungeons)]
[18Sep2024 03:30:11.264] [main/DEBUG] [mixin/]: Registering mixin config: betterdungeons.mixins.json
[18Sep2024 03:30:11.269] [main/DEBUG] [mixin/]: Registering mixin config: betterdungeons_forge.mixins.json
[18Sep2024 03:30:11.276] [main/DEBUG] [mixin/]: Adding mixin platform agents for container SecureJarResource(alexsmobs)
[18Sep2024 03:30:11.276] [main/DEBUG] [mixin/]: Instancing new MixinPlatformAgentMinecraftForge for SecureJarResource(alexsmobs)
[18Sep2024 03:30:11.277] [main/DEBUG] [mixin/]: MixinPlatformAgentMinecraftForge rejected container SecureJarResource(alexsmobs)
[18Sep2024 03:30:11.277] [main/DEBUG] [mixin/]: Instancing new MixinPlatformAgentDefault for SecureJarResource(alexsmobs)
[18Sep2024 03:30:11.277] [main/DEBUG] [mixin/]: MixinPlatformAgentDefault accepted container SecureJarResource(alexsmobs)
[18Sep2024 03:30:11.277] [main/DEBUG] [mixin/]: Processing prepare() for PlatformAgent[MixinPlatformAgentDefault:SecureJarResource(alexsmobs)]
[18Sep2024 03:30:11.278] [main/DEBUG] [mixin/]: Adding mixin platform agents for container SecureJarResource(additionalentityattributes)
[18Sep2024 03:30:11.278] [main/DEBUG] [mixin/]: Instancing new MixinPlatformAgentMinecraftForge for SecureJarResource(additionalentityattributes)
[18Sep2024 03:30:11.278] [main/DEBUG] [mixin/]: MixinPlatformAgentMinecraftForge rejected container SecureJarResource(additionalentityattributes)
[18Sep2024 03:30:11.278] [main/DEBUG] [mixin/]: Instancing new MixinPlatformAgentDefault for SecureJarResource(additionalentityattributes)
[18Sep2024 03:30:11.278] [main/DEBUG] [mixin/]: MixinPlatformAgentDefault accepted container SecureJarResource(additionalentityattributes)
[18Sep2024 03:30:11.278] [main/DEBUG] [mixin/]: Processing prepare() for PlatformAgent[MixinPlatformAgentDefault:SecureJarResource(additionalentityattributes)]
[18Sep2024 03:30:11.278] [main/DEBUG] [mixin/]: Registering mixin config: additionalentityattributes.mixins.json
[18Sep2024 03:30:11.282] [main/DEBUG] [mixin/]: Adding mixin platform agents for container SecureJarResource(oriacs)
[18Sep2024 03:30:11.282] [main/DEBUG] [mixin/]: Instancing new MixinPlatformAgentMinecraftForge for SecureJarResource(oriacs)
[18Sep2024 03:30:11.283] [main/DEBUG] [mixin/]: MixinPlatformAgentMinecraftForge rejected container SecureJarResource(oriacs)
[18Sep2024 03:30:11.283] [main/DEBUG] [mixin/]: Instancing new MixinPlatformAgentDefault for SecureJarResource(oriacs)
[18Sep2024 03:30:11.283] [main/DEBUG] [mixin/]: MixinPlatformAgentDefault accepted container SecureJarResource(oriacs)
[18Sep2024 03:30:11.283] [main/DEBUG] [mixin/]: Processing prepare() for PlatformAgent[MixinPlatformAgentDefault:SecureJarResource(oriacs)]
[18Sep2024 03:30:11.283] [main/DEBUG] [mixin/]: Registering mixin config: oriacs.mixins.json
[18Sep2024 03:30:11.288] [main/DEBUG] [mixin/]: Adding mixin platform agents for container SecureJarResource(playeranimator)
[18Sep2024 03:30:11.289] [main/DEBUG] [mixin/]: Instancing new MixinPlatformAgentMinecraftForge for SecureJarResource(playeranimator)
[18Sep2024 03:30:11.289] [main/DEBUG] [mixin/]: MixinPlatformAgentMinecraftForge rejected container SecureJarResource(playeranimator)
[18Sep2024 03:30:11.289] [main/DEBUG] [mixin/]: Instancing new MixinPlatformAgentDefault for SecureJarResource(playeranimator)
[18Sep2024 03:30:11.289] [main/DEBUG] [mixin/]: MixinPlatformAgentDefault accepted container SecureJarResource(playeranimator)
[18Sep2024 03:30:11.289] [main/DEBUG] [mixin/]: Processing prepare() for PlatformAgent[MixinPlatformAgentDefault:SecureJarResource(playeranimator)]
[18Sep2024 03:30:11.289] [main/DEBUG] [mixin/]: Registering mixin config: playerAnimator-common.mixins.json
[18Sep2024 03:30:11.292] [main/DEBUG] [mixin/]: Compatibility level JAVA_16 specified by playerAnimator-common.mixins.json is higher than the maximum level supported by this version of mixin (JAVA_13).
[18Sep2024 03:30:11.293] [main/DEBUG] [mixin/]: Adding mixin platform agents for container SecureJarResource(majruszsdifficulty)
[18Sep2024 03:30:11.293] [main/DEBUG] [mixin/]: Instancing new MixinPlatformAgentMinecraftForge for SecureJarResource(majruszsdifficulty)
[18Sep2024 03:30:11.293] [main/DEBUG] [mixin/]: MixinPlatformAgentMinecraftForge rejected container SecureJarResource(majruszsdifficulty)
[18Sep2024 03:30:11.293] [main/DEBUG] [mixin/]: Instancing new MixinPlatformAgentDefault for SecureJarResource(majruszsdifficulty)
[18Sep2024 03:30:11.293] [main/DEBUG] [mixin/]: MixinPlatformAgentDefault accepted container SecureJarResource(majruszsdifficulty)
[18Sep2024 03:30:11.293] [main/DEBUG] [mixin/]: Processing prepare() for PlatformAgent[MixinPlatformAgentDefault:SecureJarResource(majruszsdifficulty)]
[18Sep2024 03:30:11.293] [main/DEBUG] [mixin/]: Registering mixin config: majruszsdifficulty-common.mixins.json
[18Sep2024 03:30:11.297] [main/DEBUG] [mixin/]: Registering mixin config: majruszsdifficulty-forge.mixins.json
[18Sep2024 03:30:11.302] [main/DEBUG] [mixin/]: Adding mixin platform agents for container SecureJarResource(entitycollisionfpsfix)
[18Sep2024 03:30:11.302] [main/DEBUG] [mixin/]: Instancing new MixinPlatformAgentMinecraftForge for SecureJarResource(entitycollisionfpsfix)
[18Sep2024 03:30:11.302] [main/DEBUG] [mixin/]: MixinPlatformAgentMinecraftForge rejected container SecureJarResource(entitycollisionfpsfix)
[18Sep2024 03:30:11.303] [main/DEBUG] [mixin/]: Instancing new MixinPlatformAgentDefault for SecureJarResource(entitycollisionfpsfix)
[18Sep2024 03:30:11.303] [main/DEBUG] [mixin/]: MixinPlatformAgentDefault accepted container SecureJarResource(entitycollisionfpsfix)
[18Sep2024 03:30:11.303] [main/DEBUG] [mixin/]: Processing prepare() for PlatformAgent[MixinPlatformAgentDefault:SecureJarResource(entitycollisionfpsfix)]
[18Sep2024 03:30:11.303] [main/DEBUG] [mixin/]: Registering mixin config: entitycollisionfpsfix.mixins.json
[18Sep2024 03:30:11.306] [main/DEBUG] [mixin/]: Registering mixin config: entitycollisionfpsfix.forge.mixins.json
[18Sep2024 03:30:11.311] [main/DEBUG] [mixin/]: Adding mixin platform agents for container SecureJarResource(nerb)
[18Sep2024 03:30:11.311] [main/DEBUG] [mixin/]: Instancing new MixinPlatformAgentMinecraftForge for SecureJarResource(nerb)
[18Sep2024 03:30:11.311] [main/DEBUG] [mixin/]: MixinPlatformAgentMinecraftForge rejected container SecureJarResource(nerb)
[18Sep2024 03:30:11.311] [main/DEBUG] [mixin/]: Instancing new MixinPlatformAgentDefault for SecureJarResource(nerb)
[18Sep2024 03:30:11.311] [main/DEBUG] [mixin/]: MixinPlatformAgentDefault accepted container SecureJarResource(nerb)
[18Sep2024 03:30:11.311] [main/DEBUG] [mixin/]: Processing prepare() for PlatformAgent[MixinPlatformAgentDefault:SecureJarResource(nerb)]
[18Sep2024 03:30:11.311] [main/DEBUG] [mixin/]: Registering mixin config: nerb-common.mixins.json
[18Sep2024 03:30:11.316] [main/DEBUG] [mixin/]: Registering mixin config: nerb.mixins.json
[18Sep2024 03:30:11.321] [main/DEBUG] [mixin/]: Adding mixin platform agents for container SecureJarResource(apoli)
[18Sep2024 03:30:11.321] [main/DEBUG] [mixin/]: Instancing new MixinPlatformAgentMinecraftForge for SecureJarResource(apoli)
[18Sep2024 03:30:11.321] [main/DEBUG] [mixin/]: MixinPlatformAgentMinecraftForge rejected container SecureJarResource(apoli)
[18Sep2024 03:30:11.322] [main/DEBUG] [mixin/]: Instancing new MixinPlatformAgentDefault for SecureJarResource(apoli)
[18Sep2024 03:30:11.322] [main/DEBUG] [mixin/]: MixinPlatformAgentDefault accepted container SecureJarResource(apoli)
[18Sep2024 03:30:11.322] [main/DEBUG] [mixin/]: Processing prepare() for PlatformAgent[MixinPlatformAgentDefault:SecureJarResource(apoli)]
[18Sep2024 03:30:11.322] [main/DEBUG] [mixin/]: Registering mixin config: apoli.mixins.json
[18Sep2024 03:30:11.325] [main/DEBUG] [mixin/]: Adding mixin platform agents for container SecureJarResource(stalwart_dungeons)
[18Sep2024 03:30:11.325] [main/DEBUG] [mixin/]: Instancing new MixinPlatformAgentMinecraftForge for SecureJarResource(stalwart_dungeons)
[18Sep2024 03:30:11.326] [main/DEBUG] [mixin/]: MixinPlatformAgentMinecraftForge rejected container SecureJarResource(stalwart_dungeons)
[18Sep2024 03:30:11.327] [main/DEBUG] [mixin/]: Instancing new MixinPlatformAgentDefault for SecureJarResource(stalwart_dungeons)
[18Sep2024 03:30:11.327] [main/DEBUG] [mixin/]: MixinPlatformAgentDefault accepted container SecureJarResource(stalwart_dungeons)
[18Sep2024 03:30:11.327] [main/DEBUG] [mixin/]: Processing prepare() for PlatformAgent[MixinPlatformAgentDefault:SecureJarResource(stalwart_dungeons)]
[18Sep2024 03:30:11.327] [main/DEBUG] [mixin/]: Adding mixin platform agents for container SecureJarResource(rubidium)
[18Sep2024 03:30:11.327] [main/DEBUG] [mixin/]: Instancing new MixinPlatformAgentMinecraftForge for SecureJarResource(rubidium)
[18Sep2024 03:30:11.328] [main/DEBUG] [mixin/]: MixinPlatformAgentMinecraftForge rejected container SecureJarResource(rubidium)
[18Sep2024 03:30:11.328] [main/DEBUG] [mixin/]: Instancing new MixinPlatformAgentDefault for SecureJarResource(rubidium)
[18Sep2024 03:30:11.328] [main/DEBUG] [mixin/]: MixinPlatformAgentDefault accepted container SecureJarResource(rubidium)
[18Sep2024 03:30:11.328] [main/DEBUG] [mixin/]: Processing prepare() for PlatformAgent[MixinPlatformAgentDefault:SecureJarResource(rubidium)]
[18Sep2024 03:30:11.328] [main/DEBUG] [mixin/]: Registering mixin config: rubidium.mixins.json
[18Sep2024 03:30:11.331] [main/DEBUG] [mixin/]: Registering mixin config: rubidium.compat.mixins.json
[18Sep2024 03:30:11.336] [main/DEBUG] [mixin/]: Compatibility level JAVA_8 specified by rubidium.compat.mixins.json is lower than the default level supported by the current mixin service (JAVA_16).
[18Sep2024 03:30:11.337] [main/DEBUG] [mixin/]: Adding mixin platform agents for container SecureJarResource(doapi)
[18Sep2024 03:30:11.337] [main/DEBUG] [mixin/]: Instancing new MixinPlatformAgentMinecraftForge for SecureJarResource(doapi)
[18Sep2024 03:30:11.340] [main/DEBUG] [mixin/]: MixinPlatformAgentMinecraftForge rejected container SecureJarResource(doapi)
[18Sep2024 03:30:11.340] [main/DEBUG] [mixin/]: Instancing new MixinPlatformAgentDefault for SecureJarResource(doapi)
[18Sep2024 03:30:11.340] [main/DEBUG] [mixin/]: MixinPlatformAgentDefault accepted container SecureJarResource(doapi)
[18Sep2024 03:30:11.340] [main/DEBUG] [mixin/]: Processing prepare() for PlatformAgent[MixinPlatformAgentDefault:SecureJarResource(doapi)]
[18Sep2024 03:30:11.340] [main/DEBUG] [mixin/]: Registering mixin config: doapi-common.mixins.json
[18Sep2024 03:30:11.343] [main/DEBUG] [mixin/]: Registering mixin config: doapi.mixins.json
[18Sep2024 03:30:11.347] [main/DEBUG] [mixin/]: Adding mixin platform agents for container SecureJarResource(nanny)
[18Sep2024 03:30:11.347] [main/DEBUG] [mixin/]: Instancing new MixinPlatformAgentMinecraftForge for SecureJarResource(nanny)
[18Sep2024 03:30:11.347] [main/DEBUG] [mixin/]: MixinPlatformAgentMinecraftForge rejected container SecureJarResource(nanny)
[18Sep2024 03:30:11.347] [main/DEBUG] [mixin/]: Instancing new MixinPlatformAgentDefault for SecureJarResource(nanny)
[18Sep2024 03:30:11.347] [main/DEBUG] [mixin/]: MixinPlatformAgentDefault accepted container SecureJarResource(nanny)
[18Sep2024 03:30:11.347] [main/DEBUG] [mixin/]: Processing prepare() for PlatformAgent[MixinPlatformAgentDefault:SecureJarResource(nanny)]
[18Sep2024 03:30:11.349] [main/DEBUG] [mixin/]: Adding mixin platform agents for container SecureJarResource(modernfix)
[18Sep2024 03:30:11.349] [main/DEBUG] [mixin/]: Instancing new MixinPlatformAgentMinecraftForge for SecureJarResource(modernfix)
[18Sep2024 03:30:11.350] [main/DEBUG] [mixin/]: MixinPlatformAgentMinecraftForge rejected container SecureJarResource(modernfix)
[18Sep2024 03:30:11.350] [main/DEBUG] [mixin/]: Instancing new MixinPlatformAgentDefault for SecureJarResource(modernfix)
[18Sep2024 03:30:11.350] [main/DEBUG] [mixin/]: MixinPlatformAgentDefault accepted container SecureJarResource(modernfix)
[18Sep2024 03:30:11.350] [main/DEBUG] [mixin/]: Processing prepare() for PlatformAgent[MixinPlatformAgentDefault:SecureJarResource(modernfix)]
[18Sep2024 03:30:11.351] [main/DEBUG] [mixin/]: Registering mixin config: modernfix-common.mixins.json
[18Sep2024 03:30:11.354] [main/DEBUG] [mixin/]: Registering mixin config: modernfix-forge.mixins.json
[18Sep2024 03:30:11.358] [main/DEBUG] [mixin/]: Adding mixin platform agents for container SecureJarResource(gateways)
[18Sep2024 03:30:11.358] [main/DEBUG] [mixin/]: Instancing new MixinPlatformAgentMinecraftForge for SecureJarResource(gateways)
[18Sep2024 03:30:11.358] [main/DEBUG] [mixin/]: MixinPlatformAgentMinecraftForge rejected container SecureJarResource(gateways)
[18Sep2024 03:30:11.358] [main/DEBUG] [mixin/]: Instancing new MixinPlatformAgentDefault for SecureJarResource(gateways)
[18Sep2024 03:30:11.359] [main/DEBUG] [mixin/]: MixinPlatformAgentDefault accepted container SecureJarResource(gateways)
[18Sep2024 03:30:11.359] [main/DEBUG] [mixin/]: Processing prepare() for PlatformAgent[MixinPlatformAgentDefault:SecureJarResource(gateways)]
[18Sep2024 03:30:11.359] [main/DEBUG] [mixin/]: Adding mixin platform agents for container SecureJarResource(yungsapi)
[18Sep2024 03:30:11.359] [main/DEBUG] [mixin/]: Instancing new MixinPlatformAgentMinecraftForge for SecureJarResource(yungsapi)
[18Sep2024 03:30:11.359] [main/DEBUG] [mixin/]: MixinPlatformAgentMinecraftForge rejected container SecureJarResource(yungsapi)
[18Sep2024 03:30:11.359] [main/DEBUG] [mixin/]: Instancing new MixinPlatformAgentDefault for SecureJarResource(yungsapi)
[18Sep2024 03:30:11.359] [main/DEBUG] [mixin/]: MixinPlatformAgentDefault accepted container SecureJarResource(yungsapi)
[18Sep2024 03:30:11.359] [main/DEBUG] [mixin/]: Processing prepare() for PlatformAgent[MixinPlatformAgentDefault:SecureJarResource(yungsapi)]
[18Sep2024 03:30:11.359] [main/DEBUG] [mixin/]: Registering mixin config: yungsapi.mixins.json
[18Sep2024 03:30:11.363] [main/DEBUG] [mixin/]: Registering mixin config: yungsapi_forge.mixins.json
[18Sep2024 03:30:11.368] [main/DEBUG] [mixin/]: Adding mixin platform agents for container SecureJarResource(maxhealthfix)
[18Sep2024 03:30:11.369] [main/DEBUG] [mixin/]: Instancing new MixinPlatformAgentMinecraftForge for SecureJarResource(maxhealthfix)
[18Sep2024 03:30:11.369] [main/DEBUG] [mixin/]: MixinPlatformAgentMinecraftForge rejected container SecureJarResource(maxhealthfix)
[18Sep2024 03:30:11.369] [main/DEBUG] [mixin/]: Instancing new MixinPlatformAgentDefault for SecureJarResource(maxhealthfix)
[18Sep2024 03:30:11.369] [main/DEBUG] [mixin/]: MixinPlatformAgentDefault accepted container SecureJarResource(maxhealthfix)
[18Sep2024 03:30:11.369] [main/DEBUG] [mixin/]: Processing prepare() for PlatformAgent[MixinPlatformAgentDefault:SecureJarResource(maxhealthfix)]
[18Sep2024 03:30:11.369] [main/DEBUG] [mixin/]: Registering mixin config: maxhealthfix.common.mixins.json
[18Sep2024 03:30:11.371] [main/DEBUG] [mixin/]: Registering mixin config: maxhealthfix.forge.mixins.json
[18Sep2024 03:30:11.375] [main/DEBUG] [mixin/]: Adding mixin platform agents for container SecureJarResource(upgradednetherite_items)
[18Sep2024 03:30:11.375] [main/DEBUG] [mixin/]: Instancing new MixinPlatformAgentMinecraftForge for SecureJarResource(upgradednetherite_items)
[18Sep2024 03:30:11.376] [main/DEBUG] [mixin/]: MixinPlatformAgentMinecraftForge rejected container SecureJarResource(upgradednetherite_items)
[18Sep2024 03:30:11.376] [main/DEBUG] [mixin/]: Instancing new MixinPlatformAgentDefault for SecureJarResource(upgradednetherite_items)
[18Sep2024 03:30:11.376] [main/DEBUG] [mixin/]: MixinPlatformAgentDefault accepted container SecureJarResource(upgradednetherite_items)
[18Sep2024 03:30:11.376] [main/DEBUG] [mixin/]: Processing prepare() for PlatformAgent[MixinPlatformAgentDefault:SecureJarResource(upgradednetherite_items)]
[18Sep2024 03:30:11.376] [main/DEBUG] [mixin/]: Adding mixin platform agents for container SecureJarResource(vinery)
[18Sep2024 03:30:11.376] [main/DEBUG] [mixin/]: Instancing new MixinPlatformAgentMinecraftForge for SecureJarResource(vinery)
[18Sep2024 03:30:11.376] [main/DEBUG] [mixin/]: MixinPlatformAgentMinecraftForge rejected container SecureJarResource(vinery)
[18Sep2024 03:30:11.376] [main/DEBUG] [mixin/]: Instancing new MixinPlatformAgentDefault for SecureJarResource(vinery)
[18Sep2024 03:30:11.376] [main/DEBUG] [mixin/]: MixinPlatformAgentDefault accepted container SecureJarResource(vinery)
[18Sep2024 03:30:11.376] [main/DEBUG] [mixin/]: Processing prepare() for PlatformAgent[MixinPlatformAgentDefault:SecureJarResource(vinery)]
[18Sep2024 03:30:11.376] [main/DEBUG] [mixin/]: Registering mixin config: vinery-common.mixins.json
[18Sep2024 03:30:11.381] [main/DEBUG] [mixin/]: Registering mixin config: vinery.mixins.json
[18Sep2024 03:30:11.384] [main/DEBUG] [mixin/]: Adding mixin platform agents for container SecureJarResource(apotheosis)
[18Sep2024 03:30:11.384] [main/DEBUG] [mixin/]: Instancing new MixinPlatformAgentMinecraftForge for SecureJarResource(apotheosis)
[18Sep2024 03:30:11.384] [main/DEBUG] [mixin/]: MixinPlatformAgentMinecraftForge rejected container SecureJarResource(apotheosis)
[18Sep2024 03:30:11.384] [main/DEBUG] [mixin/]: Instancing new MixinPlatformAgentDefault for SecureJarResource(apotheosis)
[18Sep2024 03:30:11.384] [main/DEBUG] [mixin/]: MixinPlatformAgentDefault accepted container SecureJarResource(apotheosis)
[18Sep2024 03:30:11.384] [main/DEBUG] [mixin/]: Processing prepare() for PlatformAgent[MixinPlatformAgentDefault:SecureJarResource(apotheosis)]
[18Sep2024 03:30:11.384] [main/DEBUG] [mixin/]: Registering mixin config: apotheosis.mixins.json
[18Sep2024 03:30:11.397] [main/DEBUG] [mixin/]: Adding mixin platform agents for container SecureJarResource(savage_and_ravage)
[18Sep2024 03:30:11.397] [main/DEBUG] [mixin/]: Instancing new MixinPlatformAgentMinecraftForge for SecureJarResource(savage_and_ravage)
[18Sep2024 03:30:11.397] [main/DEBUG] [mixin/]: MixinPlatformAgentMinecraftForge rejected container SecureJarResource(savage_and_ravage)
[18Sep2024 03:30:11.398] [main/DEBUG] [mixin/]: Instancing new MixinPlatformAgentDefault for SecureJarResource(savage_and_ravage)
[18Sep2024 03:30:11.398] [main/DEBUG] [mixin/]: MixinPlatformAgentDefault accepted container SecureJarResource(savage_and_ravage)
[18Sep2024 03:30:11.398] [main/DEBUG] [mixin/]: Processing prepare() for PlatformAgent[MixinPlatformAgentDefault:SecureJarResource(savage_and_ravage)]
[18Sep2024 03:30:11.398] [main/DEBUG] [mixin/]: Registering mixin config: savage_and_ravage.mixins.json
[18Sep2024 03:30:11.406] [main/DEBUG] [mixin/]: Adding mixin platform agents for container SecureJarResource(balm)
[18Sep2024 03:30:11.406] [main/DEBUG] [mixin/]: Instancing new MixinPlatformAgentMinecraftForge for SecureJarResource(balm)
[18Sep2024 03:30:11.406] [main/DEBUG] [mixin/]: MixinPlatformAgentMinecraftForge rejected container SecureJarResource(balm)
[18Sep2024 03:30:11.406] [main/DEBUG] [mixin/]: Instancing new MixinPlatformAgentDefault for SecureJarResource(balm)
[18Sep2024 03:30:11.407] [main/DEBUG] [mixin/]: MixinPlatformAgentDefault accepted container SecureJarResource(balm)
[18Sep2024 03:30:11.407] [main/DEBUG] [mixin/]: Processing prepare() for PlatformAgent[MixinPlatformAgentDefault:SecureJarResource(balm)]
[18Sep2024 03:30:11.407] [main/DEBUG] [mixin/]: Registering mixin config: balm.mixins.json
[18Sep2024 03:30:11.410] [main/DEBUG] [mixin/]: Adding mixin platform agents for container SecureJarResource(immersive_armors)
[18Sep2024 03:30:11.410] [main/DEBUG] [mixin/]: Instancing new MixinPlatformAgentMinecraftForge for SecureJarResource(immersive_armors)
[18Sep2024 03:30:11.410] [main/DEBUG] [mixin/]: MixinPlatformAgentMinecraftForge rejected container SecureJarResource(immersive_armors)
[18Sep2024 03:30:11.410] [main/DEBUG] [mixin/]: Instancing new MixinPlatformAgentDefault for SecureJarResource(immersive_armors)
[18Sep2024 03:30:11.410] [main/DEBUG] [mixin/]: MixinPlatformAgentDefault accepted container SecureJarResource(immersive_armors)
[18Sep2024 03:30:11.410] [main/DEBUG] [mixin/]: Processing prepare() for PlatformAgent[MixinPlatformAgentDefault:SecureJarResource(immersive_armors)]
[18Sep2024 03:30:11.410] [main/DEBUG] [mixin/]: Registering mixin config: immersive_armors.mixins.json
[18Sep2024 03:30:11.414] [main/DEBUG] [mixin/]: Adding mixin platform agents for container SecureJarResource(cloth_config)
[18Sep2024 03:30:11.414] [main/DEBUG] [mixin/]: Instancing new MixinPlatformAgentMinecraftForge for SecureJarResource(cloth_config)
[18Sep2024 03:30:11.414] [main/DEBUG] [mixin/]: MixinPlatformAgentMinecraftForge rejected container SecureJarResource(cloth_config)
[18Sep2024 03:30:11.414] [main/DEBUG] [mixin/]: Instancing new MixinPlatformAgentDefault for SecureJarResource(cloth_config)
[18Sep2024 03:30:11.414] [main/DEBUG] [mixin/]: MixinPlatformAgentDefault accepted container SecureJarResource(cloth_config)
[18Sep2024 03:30:11.415] [main/DEBUG] [mixin/]: Processing prepare() for PlatformAgent[MixinPlatformAgentDefault:SecureJarResource(cloth_config)]
[18Sep2024 03:30:11.415] [main/DEBUG] [mixin/]: Adding mixin platform agents for container SecureJarResource(betterfortresses)
[18Sep2024 03:30:11.415] [main/DEBUG] [mixin/]: Instancing new MixinPlatformAgentMinecraftForge for SecureJarResource(betterfortresses)
[18Sep2024 03:30:11.415] [main/DEBUG] [mixin/]: MixinPlatformAgentMinecraftForge rejected container SecureJarResource(betterfortresses)
[18Sep2024 03:30:11.415] [main/DEBUG] [mixin/]: Instancing new MixinPlatformAgentDefault for SecureJarResource(betterfortresses)
[18Sep2024 03:30:11.415] [main/DEBUG] [mixin/]: MixinPlatformAgentDefault accepted container SecureJarResource(betterfortresses)
[18Sep2024 03:30:11.415] [main/DEBUG] [mixin/]: Processing prepare() for PlatformAgent[MixinPlatformAgentDefault:SecureJarResource(betterfortresses)]
[18Sep2024 03:30:11.415] [main/DEBUG] [mixin/]: Registering mixin config: betterfortresses.mixins.json
[18Sep2024 03:30:11.418] [main/DEBUG] [mixin/]: Registering mixin config: betterfortresses_forge.mixins.json
[18Sep2024 03:30:11.420] [main/DEBUG] [mixin/]: Adding mixin platform agents for container SecureJarResource(autoleveling)
[18Sep2024 03:30:11.421] [main/DEBUG] [mixin/]: Instancing new MixinPlatformAgentMinecraftForge for SecureJarResource(autoleveling)
[18Sep2024 03:30:11.421] [main/DEBUG] [mixin/]: MixinPlatformAgentMinecraftForge rejected container SecureJarResource(autoleveling)
[18Sep2024 03:30:11.421] [main/DEBUG] [mixin/]: Instancing new MixinPlatformAgentDefault for SecureJarResource(autoleveling)
[18Sep2024 03:30:11.421] [main/DEBUG] [mixin/]: MixinPlatformAgentDefault accepted container SecureJarResource(autoleveling)
[18Sep2024 03:30:11.421] [main/DEBUG] [mixin/]: Processing prepare() for PlatformAgent[MixinPlatformAgentDefault:SecureJarResource(autoleveling)]
[18Sep2024 03:30:11.421] [main/DEBUG] [mixin/]: Registering mixin config: autoleveling.mixins.json
[18Sep2024 03:30:11.427] [main/DEBUG] [mixin/]: Adding mixin platform agents for container SecureJarResource(iter_rpg)
[18Sep2024 03:30:11.427] [main/DEBUG] [mixin/]: Instancing new MixinPlatformAgentMinecraftForge for SecureJarResource(iter_rpg)
[18Sep2024 03:30:11.427] [main/DEBUG] [mixin/]: MixinPlatformAgentMinecraftForge rejected container SecureJarResource(iter_rpg)
[18Sep2024 03:30:11.427] [main/DEBUG] [mixin/]: Instancing new MixinPlatformAgentDefault for SecureJarResource(iter_rpg)
[18Sep2024 03:30:11.427] [main/DEBUG] [mixin/]: MixinPlatformAgentDefault accepted container SecureJarResource(iter_rpg)
[18Sep2024 03:30:11.427] [main/DEBUG] [mixin/]: Processing prepare() for PlatformAgent[MixinPlatformAgentDefault:SecureJarResource(iter_rpg)]
[18Sep2024 03:30:11.427] [main/DEBUG] [mixin/]: Adding mixin platform agents for container SecureJarResource(upgradednetherite)
[18Sep2024 03:30:11.427] [main/DEBUG] [mixin/]: Instancing new MixinPlatformAgentMinecraftForge for SecureJarResource(upgradednetherite)
[18Sep2024 03:30:11.427] [main/DEBUG] [mixin/]: MixinPlatformAgentMinecraftForge rejected container SecureJarResource(upgradednetherite)
[18Sep2024 03:30:11.427] [main/DEBUG] [mixin/]: Instancing new MixinPlatformAgentDefault for SecureJarResource(upgradednetherite)
[18Sep2024 03:30:11.428] [main/DEBUG] [mixin/]: MixinPlatformAgentDefault accepted container SecureJarResource(upgradednetherite)
[18Sep2024 03:30:11.428] [main/DEBUG] [mixin/]: Processing prepare() for PlatformAgent[MixinPlatformAgentDefault:SecureJarResource(upgradednetherite)]
[18Sep2024 03:30:11.428] [main/DEBUG] [mixin/]: Registering mixin config: upgradednetherite.mixins.json
[18Sep2024 03:30:11.431] [main/DEBUG] [mixin/]: Adding mixin platform agents for container SecureJarResource(advancementplaques)
[18Sep2024 03:30:11.431] [main/DEBUG] [mixin/]: Instancing new MixinPlatformAgentMinecraftForge for SecureJarResource(advancementplaques)
[18Sep2024 03:30:11.432] [main/DEBUG] [mixin/]: MixinPlatformAgentMinecraftForge rejected container SecureJarResource(advancementplaques)
[18Sep2024 03:30:11.432] [main/DEBUG] [mixin/]: Instancing new MixinPlatformAgentDefault for SecureJarResource(advancementplaques)
[18Sep2024 03:30:11.432] [main/DEBUG] [mixin/]: MixinPlatformAgentDefault accepted container SecureJarResource(advancementplaques)
[18Sep2024 03:30:11.432] [main/DEBUG] [mixin/]: Processing prepare() for PlatformAgent[MixinPlatformAgentDefault:SecureJarResource(advancementplaques)]
[18Sep2024 03:30:11.433] [main/DEBUG] [mixin/]: Adding mixin platform agents for container SecureJarResource(corpse)
[18Sep2024 03:30:11.433] [main/DEBUG] [mixin/]: Instancing new MixinPlatformAgentMinecraftForge for SecureJarResource(corpse)
[18Sep2024 03:30:11.433] [main/DEBUG] [mixin/]: MixinPlatformAgentMinecraftForge rejected container SecureJarResource(corpse)
[18Sep2024 03:30:11.433] [main/DEBUG] [mixin/]: Instancing new MixinPlatformAgentDefault for SecureJarResource(corpse)
[18Sep2024 03:30:11.433] [main/DEBUG] [mixin/]: MixinPlatformAgentDefault accepted container SecureJarResource(corpse)
[18Sep2024 03:30:11.433] [main/DEBUG] [mixin/]: Processing prepare() for PlatformAgent[MixinPlatformAgentDefault:SecureJarResource(corpse)]
[18Sep2024 03:30:11.433] [main/DEBUG] [mixin/]: Adding mixin platform agents for container SecureJarResource(solapplepie)
[18Sep2024 03:30:11.433] [main/DEBUG] [mixin/]: Instancing new MixinPlatformAgentMinecraftForge for SecureJarResource(solapplepie)
[18Sep2024 03:30:11.433] [main/DEBUG] [mixin/]: MixinPlatformAgentMinecraftForge rejected container SecureJarResource(solapplepie)
[18Sep2024 03:30:11.433] [main/DEBUG] [mixin/]: Instancing new MixinPlatformAgentDefault for SecureJarResource(solapplepie)
[18Sep2024 03:30:11.433] [main/DEBUG] [mixin/]: MixinPlatformAgentDefault accepted container SecureJarResource(solapplepie)
[18Sep2024 03:30:11.433] [main/DEBUG] [mixin/]: Processing prepare() for PlatformAgent[MixinPlatformAgentDefault:SecureJarResource(solapplepie)]
[18Sep2024 03:30:11.433] [main/DEBUG] [mixin/]: Adding mixin platform agents for container SecureJarResource(structure_gel)
[18Sep2024 03:30:11.433] [main/DEBUG] [mixin/]: Instancing new MixinPlatformAgentMinecraftForge for SecureJarResource(structure_gel)
[18Sep2024 03:30:11.434] [main/DEBUG] [mixin/]: MixinPlatformAgentMinecraftForge rejected container SecureJarResource(structure_gel)
[18Sep2024 03:30:11.434] [main/DEBUG] [mixin/]: Instancing new MixinPlatformAgentDefault for SecureJarResource(structure_gel)
[18Sep2024 03:30:11.434] [main/DEBUG] [mixin/]: MixinPlatformAgentDefault accepted container SecureJarResource(structure_gel)
[18Sep2024 03:30:11.434] [main/DEBUG] [mixin/]: Processing prepare() for PlatformAgent[MixinPlatformAgentDefault:SecureJarResource(structure_gel)]
[18Sep2024 03:30:11.434] [main/DEBUG] [mixin/]: Registering mixin config: structure_gel.mixins.json
[18Sep2024 03:30:11.443] [main/DEBUG] [mixin/]: Adding mixin platform agents for container SecureJarResource(ftbxmodcompat)
[18Sep2024 03:30:11.443] [main/DEBUG] [mixin/]: Instancing new MixinPlatformAgentMinecraftForge for SecureJarResource(ftbxmodcompat)
[18Sep2024 03:30:11.443] [main/DEBUG] [mixin/]: MixinPlatformAgentMinecraftForge rejected container SecureJarResource(ftbxmodcompat)
[18Sep2024 03:30:11.443] [main/DEBUG] [mixin/]: Instancing new MixinPlatformAgentDefault for SecureJarResource(ftbxmodcompat)
[18Sep2024 03:30:11.443] [main/DEBUG] [mixin/]: MixinPlatformAgentDefault accepted container SecureJarResource(ftbxmodcompat)
[18Sep2024 03:30:11.443] [main/DEBUG] [mixin/]: Processing prepare() for PlatformAgent[MixinPlatformAgentDefault:SecureJarResource(ftbxmodcompat)]
[18Sep2024 03:30:11.444] [main/DEBUG] [mixin/]: Adding mixin platform agents for container SecureJarResource(combatroll)
[18Sep2024 03:30:11.444] [main/DEBUG] [mixin/]: Instancing new MixinPlatformAgentMinecraftForge for SecureJarResource(combatroll)
[18Sep2024 03:30:11.444] [main/DEBUG] [mixin/]: MixinPlatformAgentMinecraftForge rejected container SecureJarResource(combatroll)
[18Sep2024 03:30:11.444] [main/DEBUG] [mixin/]: Instancing new MixinPlatformAgentDefault for SecureJarResource(combatroll)
[18Sep2024 03:30:11.444] [main/DEBUG] [mixin/]: MixinPlatformAgentDefault accepted container SecureJarResource(combatroll)
[18Sep2024 03:30:11.444] [main/DEBUG] [mixin/]: Processing prepare() for PlatformAgent[MixinPlatformAgentDefault:SecureJarResource(combatroll)]
[18Sep2024 03:30:11.444] [main/DEBUG] [mixin/]: Registering mixin config: combatroll.mixins.json
[18Sep2024 03:30:11.447] [main/DEBUG] [mixin/]: Adding mixin platform agents for container SecureJarResource(morevillagers)
[18Sep2024 03:30:11.447] [main/DEBUG] [mixin/]: Instancing new MixinPlatformAgentMinecraftForge for SecureJarResource(morevillagers)
[18Sep2024 03:30:11.447] [main/DEBUG] [mixin/]: MixinPlatformAgentMinecraftForge rejected container SecureJarResource(morevillagers)
[18Sep2024 03:30:11.447] [main/DEBUG] [mixin/]: Instancing new MixinPlatformAgentDefault for SecureJarResource(morevillagers)
[18Sep2024 03:30:11.447] [main/DEBUG] [mixin/]: MixinPlatformAgentDefault accepted container SecureJarResource(morevillagers)
[18Sep2024 03:30:11.447] [main/DEBUG] [mixin/]: Processing prepare() for PlatformAgent[MixinPlatformAgentDefault:SecureJarResource(morevillagers)]
[18Sep2024 03:30:11.448] [main/DEBUG] [mixin/]: Registering mixin config: morevillagers-common.mixins.json
[18Sep2024 03:30:11.453] [main/DEBUG] [mixin/]: Registering mixin config: morevillagers.mixins.json
[18Sep2024 03:30:11.455] [main/DEBUG] [mixin/]: Adding mixin platform agents for container SecureJarResource(repurposed_structures)
[18Sep2024 03:30:11.455] [main/DEBUG] [mixin/]: Instancing new MixinPlatformAgentMinecraftForge for SecureJarResource(repurposed_structures)
[18Sep2024 03:30:11.455] [main/DEBUG] [mixin/]: MixinPlatformAgentMinecraftForge rejected container SecureJarResource(repurposed_structures)
[18Sep2024 03:30:11.456] [main/DEBUG] [mixin/]: Instancing new MixinPlatformAgentDefault for SecureJarResource(repurposed_structures)
[18Sep2024 03:30:11.456] [main/DEBUG] [mixin/]: MixinPlatformAgentDefault accepted container SecureJarResource(repurposed_structures)
[18Sep2024 03:30:11.456] [main/DEBUG] [mixin/]: Processing prepare() for PlatformAgent[MixinPlatformAgentDefault:SecureJarResource(repurposed_structures)]
[18Sep2024 03:30:11.456] [main/DEBUG] [mixin/]: Registering mixin config: repurposed_structures.mixins.json
[18Sep2024 03:30:11.458] [main/DEBUG] [mixin/]: Adding mixin platform agents for container SecureJarResource(explorify)
[18Sep2024 03:30:11.459] [main/DEBUG] [mixin/]: Instancing new MixinPlatformAgentMinecraftForge for SecureJarResource(explorify)
[18Sep2024 03:30:11.459] [main/DEBUG] [mixin/]: MixinPlatformAgentMinecraftForge rejected container SecureJarResource(explorify)
[18Sep2024 03:30:11.459] [main/DEBUG] [mixin/]: Instancing new MixinPlatformAgentDefault for SecureJarResource(explorify)
[18Sep2024 03:30:11.459] [main/DEBUG] [mixin/]: MixinPlatformAgentDefault accepted container SecureJarResource(explorify)
[18Sep2024 03:30:11.459] [main/DEBUG] [mixin/]: Processing prepare() for PlatformAgent[MixinPlatformAgentDefault:SecureJarResource(explorify)]
[18Sep2024 03:30:11.459] [main/DEBUG] [mixin/]: Adding mixin platform agents for container SecureJarResource(ironfurnaces)
[18Sep2024 03:30:11.459] [main/DEBUG] [mixin/]: Instancing new MixinPlatformAgentMinecraftForge for SecureJarResource(ironfurnaces)
[18Sep2024 03:30:11.459] [main/DEBUG] [mixin/]: MixinPlatformAgentMinecraftForge rejected container SecureJarResource(ironfurnaces)
[18Sep2024 03:30:11.459] [main/DEBUG] [mixin/]: Instancing new MixinPlatformAgentDefault for SecureJarResource(ironfurnaces)
[18Sep2024 03:30:11.459] [main/DEBUG] [mixin/]: MixinPlatformAgentDefault accepted container SecureJarResource(ironfurnaces)
[18Sep2024 03:30:11.459] [main/DEBUG] [mixin/]: Processing prepare() for PlatformAgent[MixinPlatformAgentDefault:SecureJarResource(ironfurnaces)]
[18Sep2024 03:30:11.459] [main/DEBUG] [mixin/]: Adding mixin platform agents for container SecureJarResource(dungeons_plus)
[18Sep2024 03:30:11.459] [main/DEBUG] [mixin/]: Instancing new MixinPlatformAgentMinecraftForge for SecureJarResource(dungeons_plus)
[18Sep2024 03:30:11.460] [main/DEBUG] [mixin/]: MixinPlatformAgentMinecraftForge rejected container SecureJarResource(dungeons_plus)
[18Sep2024 03:30:11.460] [main/DEBUG] [mixin/]: Instancing new MixinPlatformAgentDefault for SecureJarResource(dungeons_plus)
[18Sep2024 03:30:11.460] [main/DEBUG] [mixin/]: MixinPlatformAgentDefault accepted container SecureJarResource(dungeons_plus)
[18Sep2024 03:30:11.460] [main/DEBUG] [mixin/]: Processing prepare() for PlatformAgent[MixinPlatformAgentDefault:SecureJarResource(dungeons_plus)]
[18Sep2024 03:30:11.460] [main/DEBUG] [mixin/]: Registering mixin config: dungeons_plus.mixins.json
[18Sep2024 03:30:11.464] [main/DEBUG] [mixin/]: Adding mixin platform agents for container SecureJarResource(unusualend)
[18Sep2024 03:30:11.464] [main/DEBUG] [mixin/]: Instancing new MixinPlatformAgentMinecraftForge for SecureJarResource(unusualend)
[18Sep2024 03:30:11.464] [main/DEBUG] [mixin/]: MixinPlatformAgentMinecraftForge rejected container SecureJarResource(unusualend)
[18Sep2024 03:30:11.464] [main/DEBUG] [mixin/]: Instancing new MixinPlatformAgentDefault for SecureJarResource(unusualend)
[18Sep2024 03:30:11.464] [main/DEBUG] [mixin/]: MixinPlatformAgentDefault accepted container SecureJarResource(unusualend)
[18Sep2024 03:30:11.464] [main/DEBUG] [mixin/]: Processing prepare() for PlatformAgent[MixinPlatformAgentDefault:SecureJarResource(unusualend)]
[18Sep2024 03:30:11.465] [main/DEBUG] [mixin/]: Adding mixin platform agents for container SecureJarResource(reeses_sodium_options)
[18Sep2024 03:30:11.465] [main/DEBUG] [mixin/]: Instancing new MixinPlatformAgentMinecraftForge for SecureJarResource(reeses_sodium_options)
[18Sep2024 03:30:11.465] [main/DEBUG] [mixin/]: MixinPlatformAgentMinecraftForge rejected container SecureJarResource(reeses_sodium_options)
[18Sep2024 03:30:11.466] [main/DEBUG] [mixin/]: Instancing new MixinPlatformAgentDefault for SecureJarResource(reeses_sodium_options)
[18Sep2024 03:30:11.466] [main/DEBUG] [mixin/]: MixinPlatformAgentDefault accepted container SecureJarResource(reeses_sodium_options)
[18Sep2024 03:30:11.470] [main/DEBUG] [mixin/]: Processing prepare() for PlatformAgent[MixinPlatformAgentDefault:SecureJarResource(reeses_sodium_options)]
[18Sep2024 03:30:11.470] [main/DEBUG] [mixin/]: Registering mixin config: reeses_sodium_options.mixins.json
[18Sep2024 03:30:11.473] [main/DEBUG] [mixin/]: Adding mixin platform agents for container SecureJarResource(mcsa)
[18Sep2024 03:30:11.473] [main/DEBUG] [mixin/]: Instancing new MixinPlatformAgentMinecraftForge for SecureJarResource(mcsa)
[18Sep2024 03:30:11.474] [main/DEBUG] [mixin/]: MixinPlatformAgentMinecraftForge rejected container SecureJarResource(mcsa)
[18Sep2024 03:30:11.474] [main/DEBUG] [mixin/]: Instancing new MixinPlatformAgentDefault for SecureJarResource(mcsa)
[18Sep2024 03:30:11.475] [main/DEBUG] [mixin/]: MixinPlatformAgentDefault accepted container SecureJarResource(mcsa)
[18Sep2024 03:30:11.475] [main/DEBUG] [mixin/]: Processing prepare() for PlatformAgent[MixinPlatformAgentDefault:SecureJarResource(mcsa)]
[18Sep2024 03:30:11.478] [main/DEBUG] [mixin/]: Adding mixin platform agents for container SecureJarResource(curios)
[18Sep2024 03:30:11.478] [main/DEBUG] [mixin/]: Instancing new MixinPlatformAgentMinecraftForge for SecureJarResource(curios)
[18Sep2024 03:30:11.478] [main/DEBUG] [mixin/]: MixinPlatformAgentMinecraftForge rejected container SecureJarResource(curios)
[18Sep2024 03:30:11.478] [main/DEBUG] [mixin/]: Instancing new MixinPlatformAgentDefault for SecureJarResource(curios)
[18Sep2024 03:30:11.478] [main/DEBUG] [mixin/]: MixinPlatformAgentDefault accepted container SecureJarResource(curios)
[18Sep2024 03:30:11.478] [main/DEBUG] [mixin/]: Processing prepare() for PlatformAgent[MixinPlatformAgentDefault:SecureJarResource(curios)]
[18Sep2024 03:30:11.478] [main/DEBUG] [mixin/]: Registering mixin config: curios.mixins.json
[18Sep2024 03:30:11.481] [main/DEBUG] [mixin/]: Adding mixin platform agents for container SecureJarResource(origins)
[18Sep2024 03:30:11.481] [main/DEBUG] [mixin/]: Instancing new MixinPlatformAgentMinecraftForge for SecureJarResource(origins)
[18Sep2024 03:30:11.481] [main/DEBUG] [mixin/]: MixinPlatformAgentMinecraftForge rejected container SecureJarResource(origins)
[18Sep2024 03:30:11.482] [main/DEBUG] [mixin/]: Instancing new MixinPlatformAgentDefault for SecureJarResource(origins)
[18Sep2024 03:30:11.482] [main/DEBUG] [mixin/]: MixinPlatformAgentDefault accepted container SecureJarResource(origins)
[18Sep2024 03:30:11.482] [main/DEBUG] [mixin/]: Processing prepare() for PlatformAgent[MixinPlatformAgentDefault:SecureJarResource(origins)]
[18Sep2024 03:30:11.482] [main/DEBUG] [mixin/]: Registering mixin config: origins.mixins.json
[18Sep2024 03:30:11.485] [main/DEBUG] [mixin/]: Adding mixin platform agents for container SecureJarResource(gamestages)
[18Sep2024 03:30:11.485] [main/DEBUG] [mixin/]: Instancing new MixinPlatformAgentMinecraftForge for SecureJarResource(gamestages)
[18Sep2024 03:30:11.485] [main/DEBUG] [mixin/]: MixinPlatformAgentMinecraftForge rejected container SecureJarResource(gamestages)
[18Sep2024 03:30:11.485] [main/DEBUG] [mixin/]: Instancing new MixinPlatformAgentDefault for SecureJarResource(gamestages)
[18Sep2024 03:30:11.486] [main/DEBUG] [mixin/]: MixinPlatformAgentDefault accepted container SecureJarResource(gamestages)
[18Sep2024 03:30:11.486] [main/DEBUG] [mixin/]: Processing prepare() for PlatformAgent[MixinPlatformAgentDefault:SecureJarResource(gamestages)]
[18Sep2024 03:30:11.486] [main/DEBUG] [mixin/]: Adding mixin platform agents for container SecureJarResource(dragonenchants)
[18Sep2024 03:30:11.486] [main/DEBUG] [mixin/]: Instancing new MixinPlatformAgentMinecraftForge for SecureJarResource(dragonenchants)
[18Sep2024 03:30:11.491] [main/DEBUG] [mixin/]: MixinPlatformAgentMinecraftForge rejected container SecureJarResource(dragonenchants)
[18Sep2024 03:30:11.491] [main/DEBUG] [mixin/]: Instancing new MixinPlatformAgentDefault for SecureJarResource(dragonenchants)
[18Sep2024 03:30:11.491] [main/DEBUG] [mixin/]: MixinPlatformAgentDefault accepted container SecureJarResource(dragonenchants)
[18Sep2024 03:30:11.491] [main/DEBUG] [mixin/]: Processing prepare() for PlatformAgent[MixinPlatformAgentDefault:SecureJarResource(dragonenchants)]
[18Sep2024 03:30:11.491] [main/DEBUG] [mixin/]: Adding mixin platform agents for container SecureJarResource(cumulus_menus)
[18Sep2024 03:30:11.491] [main/DEBUG] [mixin/]: Instancing new MixinPlatformAgentMinecraftForge for SecureJarResource(cumulus_menus)
[18Sep2024 03:30:11.491] [main/DEBUG] [mixin/]: MixinPlatformAgentMinecraftForge rejected container SecureJarResource(cumulus_menus)
[18Sep2024 03:30:11.491] [main/DEBUG] [mixin/]: Instancing new MixinPlatformAgentDefault for SecureJarResource(cumulus_menus)
[18Sep2024 03:30:11.491] [main/DEBUG] [mixin/]: MixinPlatformAgentDefault accepted container SecureJarResource(cumulus_menus)
[18Sep2024 03:30:11.492] [main/DEBUG] [mixin/]: Processing prepare() for PlatformAgent[MixinPlatformAgentDefault:SecureJarResource(cumulus_menus)]
[18Sep2024 03:30:11.493] [main/DEBUG] [mixin/]: Registering mixin config: cumulus_menus.mixins.json
[18Sep2024 03:30:11.498] [main/DEBUG] [mixin/]: Adding mixin platform agents for container SecureJarResource(constructionwand)
[18Sep2024 03:30:11.498] [main/DEBUG] [mixin/]: Instancing new MixinPlatformAgentMinecraftForge for SecureJarResource(constructionwand)
[18Sep2024 03:30:11.499] [main/DEBUG] [mixin/]: MixinPlatformAgentMinecraftForge rejected container SecureJarResource(constructionwand)
[18Sep2024 03:30:11.499] [main/DEBUG] [mixin/]: Instancing new MixinPlatformAgentDefault for SecureJarResource(constructionwand)
[18Sep2024 03:30:11.499] [main/DEBUG] [mixin/]: MixinPlatformAgentDefault accepted container SecureJarResource(constructionwand)
[18Sep2024 03:30:11.499] [main/DEBUG] [mixin/]: Processing prepare() for PlatformAgent[MixinPlatformAgentDefault:SecureJarResource(constructionwand)]
[18Sep2024 03:30:11.499] [main/DEBUG] [mixin/]: Adding mixin platform agents for container SecureJarResource(pluto)
[18Sep2024 03:30:11.499] [main/DEBUG] [mixin/]: Instancing new MixinPlatformAgentMinecraftForge for SecureJarResource(pluto)
[18Sep2024 03:30:11.500] [main/DEBUG] [mixin/]: MixinPlatformAgentMinecraftForge rejected container SecureJarResource(pluto)
[18Sep2024 03:30:11.505] [main/DEBUG] [mixin/]: Instancing new MixinPlatformAgentDefault for SecureJarResource(pluto)
[18Sep2024 03:30:11.505] [main/DEBUG] [mixin/]: MixinPlatformAgentDefault accepted container SecureJarResource(pluto)
[18Sep2024 03:30:11.506] [main/DEBUG] [mixin/]: Processing prepare() for PlatformAgent[MixinPlatformAgentDefault:SecureJarResource(pluto)]
[18Sep2024 03:30:11.506] [main/DEBUG] [mixin/]: Registering mixin config: pluto.mixins.json
[18Sep2024 03:30:11.516] [main/DEBUG] [mixin/]: Adding mixin platform agents for container SecureJarResource(apothiccurios)
[18Sep2024 03:30:11.518] [main/DEBUG] [mixin/]: Instancing new MixinPlatformAgentMinecraftForge for SecureJarResource(apothiccurios)
[18Sep2024 03:30:11.521] [main/DEBUG] [mixin/]: MixinPlatformAgentMinecraftForge rejected container SecureJarResource(apothiccurios)
[18Sep2024 03:30:11.522] [main/DEBUG] [mixin/]: Instancing new MixinPlatformAgentDefault for SecureJarResource(apothiccurios)
[18Sep2024 03:30:11.522] [main/DEBUG] [mixin/]: MixinPlatformAgentDefault accepted container SecureJarResource(apothiccurios)
[18Sep2024 03:30:11.522] [main/DEBUG] [mixin/]: Processing prepare() for PlatformAgent[MixinPlatformAgentDefault:SecureJarResource(apothiccurios)]
[18Sep2024 03:30:11.523] [main/DEBUG] [mixin/]: Registering mixin config: apothiccurios.mixins.json
[18Sep2024 03:30:11.538] [main/DEBUG] [mixin/]: Adding mixin platform agents for container SecureJarResource(betterendisland)
[18Sep2024 03:30:11.539] [main/DEBUG] [mixin/]: Instancing new MixinPlatformAgentMinecraftForge for SecureJarResource(betterendisland)
[18Sep2024 03:30:11.540] [main/DEBUG] [mixin/]: MixinPlatformAgentMinecraftForge rejected container SecureJarResource(betterendisland)
[18Sep2024 03:30:11.540] [main/DEBUG] [mixin/]: Instancing new MixinPlatformAgentDefault for SecureJarResource(betterendisland)
[18Sep2024 03:30:11.540] [main/DEBUG] [mixin/]: MixinPlatformAgentDefault accepted container SecureJarResource(betterendisland)
[18Sep2024 03:30:11.541] [main/DEBUG] [mixin/]: Processing prepare() for PlatformAgent[MixinPlatformAgentDefault:SecureJarResource(betterendisland)]
[18Sep2024 03:30:11.541] [main/DEBUG] [mixin/]: Registering mixin config: betterendisland.mixins.json
[18Sep2024 03:30:11.554] [main/DEBUG] [mixin/]: Registering mixin config: betterendisland_forge.mixins.json
[18Sep2024 03:30:11.559] [main/DEBUG] [mixin/]: Adding mixin platform agents for container SecureJarResource(nitrogen_internals)
[18Sep2024 03:30:11.565] [main/DEBUG] [mixin/]: Instancing new MixinPlatformAgentMinecraftForge for SecureJarResource(nitrogen_internals)
[18Sep2024 03:30:11.565] [main/DEBUG] [mixin/]: MixinPlatformAgentMinecraftForge rejected container SecureJarResource(nitrogen_internals)
[18Sep2024 03:30:11.565] [main/DEBUG] [mixin/]: Instancing new MixinPlatformAgentDefault for SecureJarResource(nitrogen_internals)
[18Sep2024 03:30:11.565] [main/DEBUG] [mixin/]: MixinPlatformAgentDefault accepted container SecureJarResource(nitrogen_internals)
[18Sep2024 03:30:11.566] [main/DEBUG] [mixin/]: Processing prepare() for PlatformAgent[MixinPlatformAgentDefault:SecureJarResource(nitrogen_internals)]
[18Sep2024 03:30:11.566] [main/DEBUG] [mixin/]: Registering mixin config: nitrogen_internals.mixins.json
[18Sep2024 03:30:11.570] [main/DEBUG] [mixin/]: Adding mixin platform agents for container SecureJarResource(celestisynth)
[18Sep2024 03:30:11.571] [main/DEBUG] [mixin/]: Instancing new MixinPlatformAgentMinecraftForge for SecureJarResource(celestisynth)
[18Sep2024 03:30:11.572] [main/DEBUG] [mixin/]: MixinPlatformAgentMinecraftForge rejected container SecureJarResource(celestisynth)
[18Sep2024 03:30:11.572] [main/DEBUG] [mixin/]: Instancing new MixinPlatformAgentDefault for SecureJarResource(celestisynth)
[18Sep2024 03:30:11.572] [main/DEBUG] [mixin/]: MixinPlatformAgentDefault accepted container SecureJarResource(celestisynth)
[18Sep2024 03:30:11.574] [main/DEBUG] [mixin/]: Processing prepare() for PlatformAgent[MixinPlatformAgentDefault:SecureJarResource(celestisynth)]
[18Sep2024 03:30:11.574] [main/DEBUG] [mixin/]: Registering mixin config: celestisynth.mixins.json
[18Sep2024 03:30:11.581] [main/ERROR] [mixin/]: Mixin config celestisynth.mixins.json does not specify "minVersion" property
[18Sep2024 03:30:11.582] [main/DEBUG] [mixin/]: Adding mixin platform agents for container SecureJarResource(deep_aether)
[18Sep2024 03:30:11.582] [main/DEBUG] [mixin/]: Instancing new MixinPlatformAgentMinecraftForge for SecureJarResource(deep_aether)
[18Sep2024 03:30:11.583] [main/DEBUG] [mixin/]: MixinPlatformAgentMinecraftForge rejected container SecureJarResource(deep_aether)
[18Sep2024 03:30:11.583] [main/DEBUG] [mixin/]: Instancing new MixinPlatformAgentDefault for SecureJarResource(deep_aether)
[18Sep2024 03:30:11.583] [main/DEBUG] [mixin/]: MixinPlatformAgentDefault accepted container SecureJarResource(deep_aether)
[18Sep2024 03:30:11.583] [main/DEBUG] [mixin/]: Processing prepare() for PlatformAgent[MixinPlatformAgentDefault:SecureJarResource(deep_aether)]
[18Sep2024 03:30:11.587] [main/DEBUG] [mixin/]: Registering mixin config: deep_aether.mixins.json
[18Sep2024 03:30:11.589] [main/DEBUG] [mixin/]: Adding mixin platform agents for container SecureJarResource(toms_storage)
[18Sep2024 03:30:11.590] [main/DEBUG] [mixin/]: Instancing new MixinPlatformAgentMinecraftForge for SecureJarResource(toms_storage)
[18Sep2024 03:30:11.590] [main/DEBUG] [mixin/]: MixinPlatformAgentMinecraftForge rejected container SecureJarResource(toms_storage)
[18Sep2024 03:30:11.590] [main/DEBUG] [mixin/]: Instancing new MixinPlatformAgentDefault for SecureJarResource(toms_storage)
[18Sep2024 03:30:11.590] [main/DEBUG] [mixin/]: MixinPlatformAgentDefault accepted container SecureJarResource(toms_storage)
[18Sep2024 03:30:11.591] [main/DEBUG] [mixin/]: Processing prepare() for PlatformAgent[MixinPlatformAgentDefault:SecureJarResource(toms_storage)]
[18Sep2024 03:30:11.591] [main/DEBUG] [mixin/]: Adding mixin platform agents for container SecureJarResource(bettermineshafts)
[18Sep2024 03:30:11.591] [main/DEBUG] [mixin/]: Instancing new MixinPlatformAgentMinecraftForge for SecureJarResource(bettermineshafts)
[18Sep2024 03:30:11.591] [main/DEBUG] [mixin/]: MixinPlatformAgentMinecraftForge rejected container SecureJarResource(bettermineshafts)
[18Sep2024 03:30:11.591] [main/DEBUG] [mixin/]: Instancing new MixinPlatformAgentDefault for SecureJarResource(bettermineshafts)
[18Sep2024 03:30:11.592] [main/DEBUG] [mixin/]: MixinPlatformAgentDefault accepted container SecureJarResource(bettermineshafts)
[18Sep2024 03:30:11.600] [main/DEBUG] [mixin/]: Processing prepare() for PlatformAgent[MixinPlatformAgentDefault:SecureJarResource(bettermineshafts)]
[18Sep2024 03:30:11.600] [main/DEBUG] [mixin/]: Registering mixin config: bettermineshafts.mixins.json
[18Sep2024 03:30:11.602] [main/DEBUG] [mixin/]: Registering mixin config: bettermineshafts_forge.mixins.json
[18Sep2024 03:30:11.605] [main/DEBUG] [mixin/]: Adding mixin platform agents for container SecureJarResource(geckolib3)
[18Sep2024 03:30:11.606] [main/DEBUG] [mixin/]: Instancing new MixinPlatformAgentMinecraftForge for SecureJarResource(geckolib3)
[18Sep2024 03:30:11.606] [main/DEBUG] [mixin/]: MixinPlatformAgentMinecraftForge rejected container SecureJarResource(geckolib3)
[18Sep2024 03:30:11.606] [main/DEBUG] [mixin/]: Instancing new MixinPlatformAgentDefault for SecureJarResource(geckolib3)
[18Sep2024 03:30:11.606] [main/DEBUG] [mixin/]: MixinPlatformAgentDefault accepted container SecureJarResource(geckolib3)
[18Sep2024 03:30:11.606] [main/DEBUG] [mixin/]: Processing prepare() for PlatformAgent[MixinPlatformAgentDefault:SecureJarResource(geckolib3)]
[18Sep2024 03:30:11.607] [main/DEBUG] [mixin/]: Adding mixin platform agents for container SecureJarResource(majruszlibrary)
[18Sep2024 03:30:11.607] [main/DEBUG] [mixin/]: Instancing new MixinPlatformAgentMinecraftForge for SecureJarResource(majruszlibrary)
[18Sep2024 03:30:11.607] [main/DEBUG] [mixin/]: MixinPlatformAgentMinecraftForge rejected container SecureJarResource(majruszlibrary)
[18Sep2024 03:30:11.607] [main/DEBUG] [mixin/]: Instancing new MixinPlatformAgentDefault for SecureJarResource(majruszlibrary)
[18Sep2024 03:30:11.608] [main/DEBUG] [mixin/]: MixinPlatformAgentDefault accepted container SecureJarResource(majruszlibrary)
[18Sep2024 03:30:11.608] [main/DEBUG] [mixin/]: Processing prepare() for PlatformAgent[MixinPlatformAgentDefault:SecureJarResource(majruszlibrary)]
[18Sep2024 03:30:11.608] [main/DEBUG] [mixin/]: Registering mixin config: majruszlibrary-common.mixins.json
[18Sep2024 03:30:11.612] [main/DEBUG] [mixin/]: Registering mixin config: majruszlibrary-forge.mixins.json
[18Sep2024 03:30:11.621] [main/DEBUG] [mixin/]: Adding mixin platform agents for container SecureJarResource(betterjungletemples)
[18Sep2024 03:30:11.621] [main/DEBUG] [mixin/]: Instancing new MixinPlatformAgentMinecraftForge for SecureJarResource(betterjungletemples)
[18Sep2024 03:30:11.622] [main/DEBUG] [mixin/]: MixinPlatformAgentMinecraftForge rejected container SecureJarResource(betterjungletemples)
[18Sep2024 03:30:11.622] [main/DEBUG] [mixin/]: Instancing new MixinPlatformAgentDefault for SecureJarResource(betterjungletemples)
[18Sep2024 03:30:11.622] [main/DEBUG] [mixin/]: MixinPlatformAgentDefault accepted container SecureJarResource(betterjungletemples)
[18Sep2024 03:30:11.622] [main/DEBUG] [mixin/]: Processing prepare() for PlatformAgent[MixinPlatformAgentDefault:SecureJarResource(betterjungletemples)]
[18Sep2024 03:30:11.623] [main/DEBUG] [mixin/]: Registering mixin config: betterjungletemples.mixins.json
[18Sep2024 03:30:11.625] [main/DEBUG] [mixin/]: Registering mixin config: betterjungletemples_forge.mixins.json
[18Sep2024 03:30:11.627] [main/DEBUG] [mixin/]: Adding mixin platform agents for container SecureJarResource(elytraslot)
[18Sep2024 03:30:11.627] [main/DEBUG] [mixin/]: Instancing new MixinPlatformAgentMinecraftForge for SecureJarResource(elytraslot)
[18Sep2024 03:30:11.628] [main/DEBUG] [mixin/]: MixinPlatformAgentMinecraftForge rejected container SecureJarResource(elytraslot)
[18Sep2024 03:30:11.628] [main/DEBUG] [mixin/]: Instancing new MixinPlatformAgentDefault for SecureJarResource(elytraslot)
[18Sep2024 03:30:11.628] [main/DEBUG] [mixin/]: MixinPlatformAgentDefault accepted container SecureJarResource(elytraslot)
[18Sep2024 03:30:11.628] [main/DEBUG] [mixin/]: Processing prepare() for PlatformAgent[MixinPlatformAgentDefault:SecureJarResource(elytraslot)]
[18Sep2024 03:30:11.628] [main/DEBUG] [mixin/]: Registering mixin config: elytraslot-integrations.mixins.json
[18Sep2024 03:30:11.633] [main/DEBUG] [mixin/]: Compatibility level JAVA_16 specified by elytraslot-integrations.mixins.json is higher than the maximum level supported by this version of mixin (JAVA_13).
[18Sep2024 03:30:11.633] [main/DEBUG] [mixin/]: Adding mixin platform agents for container SecureJarResource(mowziesmobs)
[18Sep2024 03:30:11.633] [main/DEBUG] [mixin/]: Instancing new MixinPlatformAgentMinecraftForge for SecureJarResource(mowziesmobs)
[18Sep2024 03:30:11.634] [main/DEBUG] [mixin/]: MixinPlatformAgentMinecraftForge rejected container SecureJarResource(mowziesmobs)
[18Sep2024 03:30:11.634] [main/DEBUG] [mixin/]: Instancing new MixinPlatformAgentDefault for SecureJarResource(mowziesmobs)
[18Sep2024 03:30:11.634] [main/DEBUG] [mixin/]: MixinPlatformAgentDefault accepted container SecureJarResource(mowziesmobs)
[18Sep2024 03:30:11.634] [main/DEBUG] [mixin/]: Processing prepare() for PlatformAgent[MixinPlatformAgentDefault:SecureJarResource(mowziesmobs)]
[18Sep2024 03:30:11.634] [main/DEBUG] [mixin/]: Adding mixin platform agents for container SecureJarResource(ftblibrary)
[18Sep2024 03:30:11.635] [main/DEBUG] [mixin/]: Instancing new MixinPlatformAgentMinecraftForge for SecureJarResource(ftblibrary)
[18Sep2024 03:30:11.635] [main/DEBUG] [mixin/]: MixinPlatformAgentMinecraftForge rejected container SecureJarResource(ftblibrary)
[18Sep2024 03:30:11.635] [main/DEBUG] [mixin/]: Instancing new MixinPlatformAgentDefault for SecureJarResource(ftblibrary)
[18Sep2024 03:30:11.635] [main/DEBUG] [mixin/]: MixinPlatformAgentDefault accepted container SecureJarResource(ftblibrary)
[18Sep2024 03:30:11.635] [main/DEBUG] [mixin/]: Processing prepare() for PlatformAgent[MixinPlatformAgentDefault:SecureJarResource(ftblibrary)]
[18Sep2024 03:30:11.636] [main/DEBUG] [mixin/]: Registering mixin config: ftblibrary-common.mixins.json
[18Sep2024 03:30:11.640] [main/DEBUG] [mixin/]: Compatibility level JAVA_8 specified by ftblibrary-common.mixins.json is lower than the default level supported by the current mixin service (JAVA_16).
[18Sep2024 03:30:11.641] [main/DEBUG] [mixin/]: Adding mixin platform agents for container SecureJarResource(mutantmonsters)
[18Sep2024 03:30:11.641] [main/DEBUG] [mixin/]: Instancing new MixinPlatformAgentMinecraftForge for SecureJarResource(mutantmonsters)
[18Sep2024 03:30:11.641] [main/DEBUG] [mixin/]: MixinPlatformAgentMinecraftForge rejected container SecureJarResource(mutantmonsters)
[18Sep2024 03:30:11.642] [main/DEBUG] [mixin/]: Instancing new MixinPlatformAgentDefault for SecureJarResource(mutantmonsters)
[18Sep2024 03:30:11.642] [main/DEBUG] [mixin/]: MixinPlatformAgentDefault accepted container SecureJarResource(mutantmonsters)
[18Sep2024 03:30:11.642] [main/DEBUG] [mixin/]: Processing prepare() for PlatformAgent[MixinPlatformAgentDefault:SecureJarResource(mutantmonsters)]
[18Sep2024 03:30:11.643] [main/DEBUG] [mixin/]: Registering mixin config: mutantmonsters.common.mixins.json
[18Sep2024 03:30:11.647] [main/DEBUG] [mixin/]: Adding mixin platform agents for container SecureJarResource(jei)
[18Sep2024 03:30:11.647] [main/DEBUG] [mixin/]: Instancing new MixinPlatformAgentMinecraftForge for SecureJarResource(jei)
[18Sep2024 03:30:11.648] [main/DEBUG] [mixin/]: MixinPlatformAgentMinecraftForge rejected container SecureJarResource(jei)
[18Sep2024 03:30:11.648] [main/DEBUG] [mixin/]: Instancing new MixinPlatformAgentDefault for SecureJarResource(jei)
[18Sep2024 03:30:11.648] [main/DEBUG] [mixin/]: MixinPlatformAgentDefault accepted container SecureJarResource(jei)
[18Sep2024 03:30:11.648] [main/DEBUG] [mixin/]: Processing prepare() for PlatformAgent[MixinPlatformAgentDefault:SecureJarResource(jei)]
[18Sep2024 03:30:11.649] [main/DEBUG] [mixin/]: Adding mixin platform agents for container SecureJarResource(attributefix)
[18Sep2024 03:30:11.649] [main/DEBUG] [mixin/]: Instancing new MixinPlatformAgentMinecraftForge for SecureJarResource(attributefix)
[18Sep2024 03:30:11.649] [main/DEBUG] [mixin/]: MixinPlatformAgentMinecraftForge rejected container SecureJarResource(attributefix)
[18Sep2024 03:30:11.649] [main/DEBUG] [mixin/]: Instancing new MixinPlatformAgentDefault for SecureJarResource(attributefix)
[18Sep2024 03:30:11.650] [main/DEBUG] [mixin/]: MixinPlatformAgentDefault accepted container SecureJarResource(attributefix)
[18Sep2024 03:30:11.651] [main/DEBUG] [mixin/]: Processing prepare() for PlatformAgent[MixinPlatformAgentDefault:SecureJarResource(attributefix)]
[18Sep2024 03:30:11.651] [main/DEBUG] [mixin/]: Registering mixin config: attributefix.mixins.json
[18Sep2024 03:30:11.653] [main/DEBUG] [mixin/]: Adding mixin platform agents for container SecureJarResource(pehkui)
[18Sep2024 03:30:11.654] [main/DEBUG] [mixin/]: Instancing new MixinPlatformAgentMinecraftForge for SecureJarResource(pehkui)
[18Sep2024 03:30:11.654] [main/DEBUG] [mixin/]: MixinPlatformAgentMinecraftForge rejected container SecureJarResource(pehkui)
[18Sep2024 03:30:11.654] [main/DEBUG] [mixin/]: Instancing new MixinPlatformAgentDefault for SecureJarResource(pehkui)
[18Sep2024 03:30:11.654] [main/DEBUG] [mixin/]: MixinPlatformAgentDefault accepted container SecureJarResource(pehkui)
[18Sep2024 03:30:11.654] [main/DEBUG] [mixin/]: Processing prepare() for PlatformAgent[MixinPlatformAgentDefault:SecureJarResource(pehkui)]
[18Sep2024 03:30:11.655] [main/DEBUG] [mixin/]: Registering mixin config: pehkui.mixins.json
[18Sep2024 03:30:11.661] [main/DEBUG] [mixin/]: Adding mixin platform agents for container SecureJarResource(caelus)
[18Sep2024 03:30:11.661] [main/DEBUG] [mixin/]: Instancing new MixinPlatformAgentMinecraftForge for SecureJarResource(caelus)
[18Sep2024 03:30:11.662] [main/DEBUG] [mixin/]: MixinPlatformAgentMinecraftForge rejected container SecureJarResource(caelus)
[18Sep2024 03:30:11.662] [main/DEBUG] [mixin/]: Instancing new MixinPlatformAgentDefault for SecureJarResource(caelus)
[18Sep2024 03:30:11.662] [main/DEBUG] [mixin/]: MixinPlatformAgentDefault accepted container SecureJarResource(caelus)
[18Sep2024 03:30:11.663] [main/DEBUG] [mixin/]: Processing prepare() for PlatformAgent[MixinPlatformAgentDefault:SecureJarResource(caelus)]
[18Sep2024 03:30:11.663] [main/DEBUG] [mixin/]: Registering mixin config: caelus.mixins.json
[18Sep2024 03:30:11.666] [main/DEBUG] [mixin/]: Adding mixin platform agents for container SecureJarResource(paxi)
[18Sep2024 03:30:11.669] [main/DEBUG] [mixin/]: Instancing new MixinPlatformAgentMinecraftForge for SecureJarResource(paxi)
[18Sep2024 03:30:11.670] [main/DEBUG] [mixin/]: MixinPlatformAgentMinecraftForge rejected container SecureJarResource(paxi)
[18Sep2024 03:30:11.670] [main/DEBUG] [mixin/]: Instancing new MixinPlatformAgentDefault for SecureJarResource(paxi)
[18Sep2024 03:30:11.670] [main/DEBUG] [mixin/]: MixinPlatformAgentDefault accepted container SecureJarResource(paxi)
[18Sep2024 03:30:11.671] [main/DEBUG] [mixin/]: Processing prepare() for PlatformAgent[MixinPlatformAgentDefault:SecureJarResource(paxi)]
[18Sep2024 03:30:11.671] [main/DEBUG] [mixin/]: Registering mixin config: paxi.mixins.json
[18Sep2024 03:30:11.674] [main/DEBUG] [mixin/]: Registering mixin config: paxi_forge.mixins.json
[18Sep2024 03:30:11.676] [main/DEBUG] [mixin/]: Adding mixin platform agents for container SecureJarResource(ringsofascension)
[18Sep2024 03:30:11.678] [main/DEBUG] [mixin/]: Instancing new MixinPlatformAgentMinecraftForge for SecureJarResource(ringsofascension)
[18Sep2024 03:30:11.681] [main/DEBUG] [mixin/]: MixinPlatformAgentMinecraftForge rejected container SecureJarResource(ringsofascension)
[18Sep2024 03:30:11.682] [main/DEBUG] [mixin/]: Instancing new MixinPlatformAgentDefault for SecureJarResource(ringsofascension)
[18Sep2024 03:30:11.683] [main/DEBUG] [mixin/]: MixinPlatformAgentDefault accepted container SecureJarResource(ringsofascension)
[18Sep2024 03:30:11.683] [main/DEBUG] [mixin/]: Processing prepare() for PlatformAgent[MixinPlatformAgentDefault:SecureJarResource(ringsofascension)]
[18Sep2024 03:30:11.683] [main/DEBUG] [mixin/]: Adding mixin platform agents for container SecureJarResource(apotheotic_additions)
[18Sep2024 03:30:11.683] [main/DEBUG] [mixin/]: Instancing new MixinPlatformAgentMinecraftForge for SecureJarResource(apotheotic_additions)
[18Sep2024 03:30:11.684] [main/DEBUG] [mixin/]: MixinPlatformAgentMinecraftForge rejected container SecureJarResource(apotheotic_additions)
[18Sep2024 03:30:11.684] [main/DEBUG] [mixin/]: Instancing new MixinPlatformAgentDefault for SecureJarResource(apotheotic_additions)
[18Sep2024 03:30:11.684] [main/DEBUG] [mixin/]: MixinPlatformAgentDefault accepted container SecureJarResource(apotheotic_additions)
[18Sep2024 03:30:11.684] [main/DEBUG] [mixin/]: Processing prepare() for PlatformAgent[MixinPlatformAgentDefault:SecureJarResource(apotheotic_additions)]
[18Sep2024 03:30:11.685] [main/DEBUG] [mixin/]: Adding mixin platform agents for container SecureJarResource(naturescompass)
[18Sep2024 03:30:11.685] [main/DEBUG] [mixin/]: Instancing new MixinPlatformAgentMinecraftForge for SecureJarResource(naturescompass)
[18Sep2024 03:30:11.685] [main/DEBUG] [mixin/]: MixinPlatformAgentMinecraftForge rejected container SecureJarResource(naturescompass)
[18Sep2024 03:30:11.685] [main/DEBUG] [mixin/]: Instancing new MixinPlatformAgentDefault for SecureJarResource(naturescompass)
[18Sep2024 03:30:11.686] [main/DEBUG] [mixin/]: MixinPlatformAgentDefault accepted container SecureJarResource(naturescompass)
[18Sep2024 03:30:11.686] [main/DEBUG] [mixin/]: Processing prepare() for PlatformAgent[MixinPlatformAgentDefault:SecureJarResource(naturescompass)]
[18Sep2024 03:30:11.687] [main/DEBUG] [mixin/]: Adding mixin platform agents for container SecureJarResource(craterlib)
[18Sep2024 03:30:11.687] [main/DEBUG] [mixin/]: Instancing new MixinPlatformAgentMinecraftForge for SecureJarResource(craterlib)
[18Sep2024 03:30:11.688] [main/DEBUG] [mixin/]: MixinPlatformAgentMinecraftForge rejected container SecureJarResource(craterlib)
[18Sep2024 03:30:11.688] [main/DEBUG] [mixin/]: Instancing new MixinPlatformAgentDefault for SecureJarResource(craterlib)
[18Sep2024 03:30:11.688] [main/DEBUG] [mixin/]: MixinPlatformAgentDefault accepted container SecureJarResource(craterlib)
[18Sep2024 03:30:11.688] [main/DEBUG] [mixin/]: Processing prepare() for PlatformAgent[MixinPlatformAgentDefault:SecureJarResource(craterlib)]
[18Sep2024 03:30:11.689] [main/DEBUG] [mixin/]: Registering mixin config: craterlib.mixins.json
[18Sep2024 03:30:11.691] [main/DEBUG] [mixin/]: Registering mixin config: craterlib.forge.mixins.json
[18Sep2024 03:30:11.693] [main/DEBUG] [mixin/]: Adding mixin platform agents for container SecureJarResource(midnightlib)
[18Sep2024 03:30:11.694] [main/DEBUG] [mixin/]: Instancing new MixinPlatformAgentMinecraftForge for SecureJarResource(midnightlib)
[18Sep2024 03:30:11.694] [main/DEBUG] [mixin/]: MixinPlatformAgentMinecraftForge rejected container SecureJarResource(midnightlib)
[18Sep2024 03:30:11.694] [main/DEBUG] [mixin/]: Instancing new MixinPlatformAgentDefault for SecureJarResource(midnightlib)
[18Sep2024 03:30:11.694] [main/DEBUG] [mixin/]: MixinPlatformAgentDefault accepted container SecureJarResource(midnightlib)
[18Sep2024 03:30:11.695] [main/DEBUG] [mixin/]: Processing prepare() for PlatformAgent[MixinPlatformAgentDefault:SecureJarResource(midnightlib)]
[18Sep2024 03:30:11.695] [main/DEBUG] [mixin/]: Registering mixin config: midnightlib.mixins.json
[18Sep2024 03:30:11.698] [main/DEBUG] [mixin/]: Adding mixin platform agents for container SecureJarResource(starlight)
[18Sep2024 03:30:11.698] [main/DEBUG] [mixin/]: Instancing new MixinPlatformAgentMinecraftForge for SecureJarResource(starlight)
[18Sep2024 03:30:11.698] [main/DEBUG] [mixin/]: MixinPlatformAgentMinecraftForge rejected container SecureJarResource(starlight)
[18Sep2024 03:30:11.699] [main/DEBUG] [mixin/]: Instancing new MixinPlatformAgentDefault for SecureJarResource(starlight)
[18Sep2024 03:30:11.699] [main/DEBUG] [mixin/]: MixinPlatformAgentDefault accepted container SecureJarResource(starlight)
[18Sep2024 03:30:11.699] [main/DEBUG] [mixin/]: Processing prepare() for PlatformAgent[MixinPlatformAgentDefault:SecureJarResource(starlight)]
[18Sep2024 03:30:11.699] [main/DEBUG] [mixin/]: Registering mixin config: starlight.mixins.json
[18Sep2024 03:30:11.702] [main/DEBUG] [mixin/]: Adding mixin platform agents for container SecureJarResource(medieval_paintings)
[18Sep2024 03:30:11.702] [main/DEBUG] [mixin/]: Instancing new MixinPlatformAgentMinecraftForge for SecureJarResource(medieval_paintings)
[18Sep2024 03:30:11.703] [main/DEBUG] [mixin/]: MixinPlatformAgentMinecraftForge rejected container SecureJarResource(medieval_paintings)
[18Sep2024 03:30:11.703] [main/DEBUG] [mixin/]: Instancing new MixinPlatformAgentDefault for SecureJarResource(medieval_paintings)
[18Sep2024 03:30:11.703] [main/DEBUG] [mixin/]: MixinPlatformAgentDefault accepted container SecureJarResource(medieval_paintings)
[18Sep2024 03:30:11.703] [main/DEBUG] [mixin/]: Processing prepare() for PlatformAgent[MixinPlatformAgentDefault:SecureJarResource(medieval_paintings)]
[18Sep2024 03:30:11.703] [main/DEBUG] [mixin/]: Adding mixin platform agents for container SecureJarResource(ars_nouveau)
[18Sep2024 03:30:11.703] [main/DEBUG] [mixin/]: Instancing new MixinPlatformAgentMinecraftForge for SecureJarResource(ars_nouveau)
[18Sep2024 03:30:11.703] [main/DEBUG] [mixin/]: MixinPlatformAgentMinecraftForge rejected container SecureJarResource(ars_nouveau)
[18Sep2024 03:30:11.703] [main/DEBUG] [mixin/]: Instancing new MixinPlatformAgentDefault for SecureJarResource(ars_nouveau)
[18Sep2024 03:30:11.704] [main/DEBUG] [mixin/]: MixinPlatformAgentDefault accepted container SecureJarResource(ars_nouveau)
[18Sep2024 03:30:11.704] [main/DEBUG] [mixin/]: Processing prepare() for PlatformAgent[MixinPlatformAgentDefault:SecureJarResource(ars_nouveau)]
[18Sep2024 03:30:11.704] [main/DEBUG] [mixin/]: Registering mixin config: ars_nouveau.mixins.json
[18Sep2024 03:30:11.707] [main/DEBUG] [mixin/]: Adding mixin platform agents for container SecureJarResource(crafttweaker)
[18Sep2024 03:30:11.708] [main/DEBUG] [mixin/]: Instancing new MixinPlatformAgentMinecraftForge for SecureJarResource(crafttweaker)
[18Sep2024 03:30:11.708] [main/DEBUG] [mixin/]: MixinPlatformAgentMinecraftForge rejected container SecureJarResource(crafttweaker)
[18Sep2024 03:30:11.708] [main/DEBUG] [mixin/]: Instancing new MixinPlatformAgentDefault for SecureJarResource(crafttweaker)
[18Sep2024 03:30:11.708] [main/DEBUG] [mixin/]: MixinPlatformAgentDefault accepted container SecureJarResource(crafttweaker)
[18Sep2024 03:30:11.708] [main/DEBUG] [mixin/]: Processing prepare() for PlatformAgent[MixinPlatformAgentDefault:SecureJarResource(crafttweaker)]
[18Sep2024 03:30:11.708] [main/DEBUG] [mixin/]: Registering mixin config: crafttweaker.mixins.json
[18Sep2024 03:30:11.712] [main/DEBUG] [mixin/]: Registering mixin config: crafttweaker.forge.mixins.json
[18Sep2024 03:30:11.715] [main/DEBUG] [mixin/]: Adding mixin platform agents for container SecureJarResource(memoryleakfix)
[18Sep2024 03:30:11.715] [main/DEBUG] [mixin/]: Instancing new MixinPlatformAgentMinecraftForge for SecureJarResource(memoryleakfix)
[18Sep2024 03:30:11.715] [main/DEBUG] [mixin/]: MixinPlatformAgentMinecraftForge rejected container SecureJarResource(memoryleakfix)
[18Sep2024 03:30:11.715] [main/DEBUG] [mixin/]: Instancing new MixinPlatformAgentDefault for SecureJarResource(memoryleakfix)
[18Sep2024 03:30:11.715] [main/DEBUG] [mixin/]: MixinPlatformAgentDefault accepted container SecureJarResource(memoryleakfix)
[18Sep2024 03:30:11.716] [main/DEBUG] [mixin/]: Processing prepare() for PlatformAgent[MixinPlatformAgentDefault:SecureJarResource(memoryleakfix)]
[18Sep2024 03:30:11.716] [main/DEBUG] [mixin/]: Registering mixin config: memoryleakfix.mixins.json
[18Sep2024 03:30:11.718] [main/DEBUG] [mixin/]: Compatibility level JAVA_8 specified by memoryleakfix.mixins.json is lower than the default level supported by the current mixin service (JAVA_16).
[18Sep2024 03:30:11.719] [main/DEBUG] [mixin/]: Adding mixin platform agents for container SecureJarResource(dungeons_arise_seven_seas)
[18Sep2024 03:30:11.719] [main/DEBUG] [mixin/]: Instancing new MixinPlatformAgentMinecraftForge for SecureJarResource(dungeons_arise_seven_seas)
[18Sep2024 03:30:11.719] [main/DEBUG] [mixin/]: MixinPlatformAgentMinecraftForge rejected container SecureJarResource(dungeons_arise_seven_seas)
[18Sep2024 03:30:11.719] [main/DEBUG] [mixin/]: Instancing new MixinPlatformAgentDefault for SecureJarResource(dungeons_arise_seven_seas)
[18Sep2024 03:30:11.719] [main/DEBUG] [mixin/]: MixinPlatformAgentDefault accepted container SecureJarResource(dungeons_arise_seven_seas)
[18Sep2024 03:30:11.719] [main/DEBUG] [mixin/]: Processing prepare() for PlatformAgent[MixinPlatformAgentDefault:SecureJarResource(dungeons_arise_seven_seas)]
[18Sep2024 03:30:11.719] [main/DEBUG] [mixin/]: Adding mixin platform agents for container SecureJarResource(rubidium_extras)
[18Sep2024 03:30:11.719] [main/DEBUG] [mixin/]: Instancing new MixinPlatformAgentMinecraftForge for SecureJarResource(rubidium_extras)
[18Sep2024 03:30:11.719] [main/DEBUG] [mixin/]: MixinPlatformAgentMinecraftForge rejected container SecureJarResource(rubidium_extras)
[18Sep2024 03:30:11.720] [main/DEBUG] [mixin/]: Instancing new MixinPlatformAgentDefault for SecureJarResource(rubidium_extras)
[18Sep2024 03:30:11.720] [main/DEBUG] [mixin/]: MixinPlatformAgentDefault accepted container SecureJarResource(rubidium_extras)
[18Sep2024 03:30:11.720] [main/DEBUG] [mixin/]: Processing prepare() for PlatformAgent[MixinPlatformAgentDefault:SecureJarResource(rubidium_extras)]
[18Sep2024 03:30:11.720] [main/DEBUG] [mixin/]: Registering mixin config: rubidium_extras.mixins.json
[18Sep2024 03:30:11.724] [main/DEBUG] [mixin/]: Compatibility level JAVA_8 specified by rubidium_extras.mixins.json is lower than the default level supported by the current mixin service (JAVA_16).
[18Sep2024 03:30:11.724] [main/DEBUG] [mixin/]: Adding mixin platform agents for container SecureJarResource(forge)
[18Sep2024 03:30:11.725] [main/DEBUG] [mixin/]: Instancing new MixinPlatformAgentMinecraftForge for SecureJarResource(forge)
[18Sep2024 03:30:11.725] [main/DEBUG] [mixin/]: MixinPlatformAgentMinecraftForge rejected container SecureJarResource(forge)
[18Sep2024 03:30:11.725] [main/DEBUG] [mixin/]: Instancing new MixinPlatformAgentDefault for SecureJarResource(forge)
[18Sep2024 03:30:11.725] [main/DEBUG] [mixin/]: MixinPlatformAgentDefault accepted container SecureJarResource(forge)
[18Sep2024 03:30:11.726] [main/DEBUG] [mixin/]: Processing prepare() for PlatformAgent[MixinPlatformAgentDefault:SecureJarResource(forge)]
[18Sep2024 03:30:11.726] [main/DEBUG] [mixin/]: Adding mixin platform agents for container SecureJarResource(infernalmobs)
[18Sep2024 03:30:11.726] [main/DEBUG] [mixin/]: Instancing new MixinPlatformAgentMinecraftForge for SecureJarResource(infernalmobs)
[18Sep2024 03:30:11.726] [main/DEBUG] [mixin/]: MixinPlatformAgentMinecraftForge rejected container SecureJarResource(infernalmobs)
[18Sep2024 03:30:11.727] [main/DEBUG] [mixin/]: Instancing new MixinPlatformAgentDefault for SecureJarResource(infernalmobs)
[18Sep2024 03:30:11.727] [main/DEBUG] [mixin/]: MixinPlatformAgentDefault accepted container SecureJarResource(infernalmobs)
[18Sep2024 03:30:11.728] [main/DEBUG] [mixin/]: Processing prepare() for PlatformAgent[MixinPlatformAgentDefault:SecureJarResource(infernalmobs)]
[18Sep2024 03:30:11.728] [main/DEBUG] [mixin/]: Adding mixin platform agents for container SecureJarResource(ironchest)
[18Sep2024 03:30:11.728] [main/DEBUG] [mixin/]: Instancing new MixinPlatformAgentMinecraftForge for SecureJarResource(ironchest)
[18Sep2024 03:30:11.728] [main/DEBUG] [mixin/]: MixinPlatformAgentMinecraftForge rejected container SecureJarResource(ironchest)
[18Sep2024 03:30:11.728] [main/DEBUG] [mixin/]: Instancing new MixinPlatformAgentDefault for SecureJarResource(ironchest)
[18Sep2024 03:30:11.729] [main/DEBUG] [mixin/]: MixinPlatformAgentDefault accepted container SecureJarResource(ironchest)
[18Sep2024 03:30:11.729] [main/DEBUG] [mixin/]: Processing prepare() for PlatformAgent[MixinPlatformAgentDefault:SecureJarResource(ironchest)]
[18Sep2024 03:30:11.729] [main/DEBUG] [mixin/]: Adding mixin platform agents for container SecureJarResource(dungeons_arise)
[18Sep2024 03:30:11.729] [main/DEBUG] [mixin/]: Instancing new MixinPlatformAgentMinecraftForge for SecureJarResource(dungeons_arise)
[18Sep2024 03:30:11.730] [main/DEBUG] [mixin/]: MixinPlatformAgentMinecraftForge rejected container SecureJarResource(dungeons_arise)
[18Sep2024 03:30:11.730] [main/DEBUG] [mixin/]: Instancing new MixinPlatformAgentDefault for SecureJarResource(dungeons_arise)
[18Sep2024 03:30:11.730] [main/DEBUG] [mixin/]: MixinPlatformAgentDefault accepted container SecureJarResource(dungeons_arise)
[18Sep2024 03:30:11.730] [main/DEBUG] [mixin/]: Processing prepare() for PlatformAgent[MixinPlatformAgentDefault:SecureJarResource(dungeons_arise)]
[18Sep2024 03:30:11.730] [main/DEBUG] [mixin/]: Adding mixin platform agents for container SecureJarResource(smoothchunk)
[18Sep2024 03:30:11.731] [main/DEBUG] [mixin/]: Instancing new MixinPlatformAgentMinecraftForge for SecureJarResource(smoothchunk)
[18Sep2024 03:30:11.731] [main/DEBUG] [mixin/]: MixinPlatformAgentMinecraftForge rejected container SecureJarResource(smoothchunk)
[18Sep2024 03:30:11.731] [main/DEBUG] [mixin/]: Instancing new MixinPlatformAgentDefault for SecureJarResource(smoothchunk)
[18Sep2024 03:30:11.731] [main/DEBUG] [mixin/]: MixinPlatformAgentDefault accepted container SecureJarResource(smoothchunk)
[18Sep2024 03:30:11.731] [main/DEBUG] [mixin/]: Processing prepare() for PlatformAgent[MixinPlatformAgentDefault:SecureJarResource(smoothchunk)]
[18Sep2024 03:30:11.732] [main/DEBUG] [mixin/]: Registering mixin config: smoothchunk.mixins.json
[18Sep2024 03:30:11.736] [main/DEBUG] [mixin/]: Adding mixin platform agents for container SecureJarResource(sons_of_sins)
[18Sep2024 03:30:11.736] [main/DEBUG] [mixin/]: Instancing new MixinPlatformAgentMinecraftForge for SecureJarResource(sons_of_sins)
[18Sep2024 03:30:11.736] [main/DEBUG] [mixin/]: MixinPlatformAgentMinecraftForge rejected container SecureJarResource(sons_of_sins)
[18Sep2024 03:30:11.737] [main/DEBUG] [mixin/]: Instancing new MixinPlatformAgentDefault for SecureJarResource(sons_of_sins)
[18Sep2024 03:30:11.737] [main/DEBUG] [mixin/]: MixinPlatformAgentDefault accepted container SecureJarResource(sons_of_sins)
[18Sep2024 03:30:11.737] [main/DEBUG] [mixin/]: Processing prepare() for PlatformAgent[MixinPlatformAgentDefault:SecureJarResource(sons_of_sins)]
[18Sep2024 03:30:11.737] [main/DEBUG] [mixin/]: Adding mixin platform agents for container SecureJarResource(minecraft)
[18Sep2024 03:30:11.737] [main/DEBUG] [mixin/]: Instancing new MixinPlatformAgentMinecraftForge for SecureJarResource(minecraft)
[18Sep2024 03:30:11.738] [main/DEBUG] [mixin/]: MixinPlatformAgentMinecraftForge rejected container SecureJarResource(minecraft)
[18Sep2024 03:30:11.738] [main/DEBUG] [mixin/]: Instancing new MixinPlatformAgentDefault for SecureJarResource(minecraft)
[18Sep2024 03:30:11.738] [main/DEBUG] [mixin/]: MixinPlatformAgentDefault accepted container SecureJarResource(minecraft)
[18Sep2024 03:30:11.738] [main/DEBUG] [mixin/]: Processing prepare() for PlatformAgent[MixinPlatformAgentDefault:SecureJarResource(minecraft)]
[18Sep2024 03:30:11.739] [main/DEBUG] [mixin/]: Adding mixin platform agents for container SecureJarResource(terrablender)
[18Sep2024 03:30:11.739] [main/DEBUG] [mixin/]: Instancing new MixinPlatformAgentMinecraftForge for SecureJarResource(terrablender)
[18Sep2024 03:30:11.739] [main/DEBUG] [mixin/]: MixinPlatformAgentMinecraftForge rejected container SecureJarResource(terrablender)
[18Sep2024 03:30:11.739] [main/DEBUG] [mixin/]: Instancing new MixinPlatformAgentDefault for SecureJarResource(terrablender)
[18Sep2024 03:30:11.739] [main/DEBUG] [mixin/]: MixinPlatformAgentDefault accepted container SecureJarResource(terrablender)
[18Sep2024 03:30:11.740] [main/DEBUG] [mixin/]: Processing prepare() for PlatformAgent[MixinPlatformAgentDefault:SecureJarResource(terrablender)]
[18Sep2024 03:30:11.740] [main/DEBUG] [mixin/]: Registering mixin config: terrablender.mixins.json
[18Sep2024 03:30:11.742] [main/DEBUG] [mixin/]: Registering mixin config: terrablender_forge.mixins.json
[18Sep2024 03:30:11.744] [main/DEBUG] [mixin/]: Adding mixin platform agents for container SecureJarResource(bettercombat)
[18Sep2024 03:30:11.744] [main/DEBUG] [mixin/]: Instancing new MixinPlatformAgentMinecraftForge for SecureJarResource(bettercombat)
[18Sep2024 03:30:11.745] [main/DEBUG] [mixin/]: MixinPlatformAgentMinecraftForge rejected container SecureJarResource(bettercombat)
[18Sep2024 03:30:11.745] [main/DEBUG] [mixin/]: Instancing new MixinPlatformAgentDefault for SecureJarResource(bettercombat)
[18Sep2024 03:30:11.745] [main/DEBUG] [mixin/]: MixinPlatformAgentDefault accepted container SecureJarResource(bettercombat)
[18Sep2024 03:30:11.745] [main/DEBUG] [mixin/]: Processing prepare() for PlatformAgent[MixinPlatformAgentDefault:SecureJarResource(bettercombat)]
[18Sep2024 03:30:11.745] [main/DEBUG] [mixin/]: Registering mixin config: bettercombat.mixins.json
[18Sep2024 03:30:11.747] [main/DEBUG] [mixin/]: Adding mixin platform agents for container SecureJarResource(mousetweaks)
[18Sep2024 03:30:11.748] [main/DEBUG] [mixin/]: Instancing new MixinPlatformAgentMinecraftForge for SecureJarResource(mousetweaks)
[18Sep2024 03:30:11.748] [main/DEBUG] [mixin/]: MixinPlatformAgentMinecraftForge rejected container SecureJarResource(mousetweaks)
[18Sep2024 03:30:11.748] [main/DEBUG] [mixin/]: Instancing new MixinPlatformAgentDefault for SecureJarResource(mousetweaks)
[18Sep2024 03:30:11.748] [main/DEBUG] [mixin/]: MixinPlatformAgentDefault accepted container SecureJarResource(mousetweaks)
[18Sep2024 03:30:11.749] [main/DEBUG] [mixin/]: Processing prepare() for PlatformAgent[MixinPlatformAgentDefault:SecureJarResource(mousetweaks)]
[18Sep2024 03:30:11.749] [main/DEBUG] [mixin/]: Registering mixin config: mousetweaks.mixins.json
[18Sep2024 03:30:11.752] [main/DEBUG] [mixin/]: Adding mixin platform agents for container SecureJarResource(commonality)
[18Sep2024 03:30:11.752] [main/DEBUG] [mixin/]: Instancing new MixinPlatformAgentMinecraftForge for SecureJarResource(commonality)
[18Sep2024 03:30:11.752] [main/DEBUG] [mixin/]: MixinPlatformAgentMinecraftForge rejected container SecureJarResource(commonality)
[18Sep2024 03:30:11.752] [main/DEBUG] [mixin/]: Instancing new MixinPlatformAgentDefault for SecureJarResource(commonality)
[18Sep2024 03:30:11.753] [main/DEBUG] [mixin/]: MixinPlatformAgentDefault accepted container SecureJarResource(commonality)
[18Sep2024 03:30:11.753] [main/DEBUG] [mixin/]: Processing prepare() for PlatformAgent[MixinPlatformAgentDefault:SecureJarResource(commonality)]
[18Sep2024 03:30:11.753] [main/DEBUG] [mixin/]: Adding mixin platform agents for container SecureJarResource(ftbquests)
[18Sep2024 03:30:11.753] [main/DEBUG] [mixin/]: Instancing new MixinPlatformAgentMinecraftForge for SecureJarResource(ftbquests)
[18Sep2024 03:30:11.753] [main/DEBUG] [mixin/]: MixinPlatformAgentMinecraftForge rejected container SecureJarResource(ftbquests)
[18Sep2024 03:30:11.754] [main/DEBUG] [mixin/]: Instancing new MixinPlatformAgentDefault for SecureJarResource(ftbquests)
[18Sep2024 03:30:11.754] [main/DEBUG] [mixin/]: MixinPlatformAgentDefault accepted container SecureJarResource(ftbquests)
[18Sep2024 03:30:11.754] [main/DEBUG] [mixin/]: Processing prepare() for PlatformAgent[MixinPlatformAgentDefault:SecureJarResource(ftbquests)]
[18Sep2024 03:30:11.754] [main/DEBUG] [mixin/]: Adding mixin platform agents for container SecureJarResource(necronomicon)
[18Sep2024 03:30:11.755] [main/DEBUG] [mixin/]: Instancing new MixinPlatformAgentMinecraftForge for SecureJarResource(necronomicon)
[18Sep2024 03:30:11.755] [main/DEBUG] [mixin/]: MixinPlatformAgentMinecraftForge rejected container SecureJarResource(necronomicon)
[18Sep2024 03:30:11.755] [main/DEBUG] [mixin/]: Instancing new MixinPlatformAgentDefault for SecureJarResource(necronomicon)
[18Sep2024 03:30:11.755] [main/DEBUG] [mixin/]: MixinPlatformAgentDefault accepted container SecureJarResource(necronomicon)
[18Sep2024 03:30:11.755] [main/DEBUG] [mixin/]: Processing prepare() for PlatformAgent[MixinPlatformAgentDefault:SecureJarResource(necronomicon)]
[18Sep2024 03:30:11.756] [main/DEBUG] [mixin/]: Registering mixin config: necronomicon.forge.mixins.json
[18Sep2024 03:30:11.758] [main/DEBUG] [mixin/]: Compatibility level JAVA_16 specified by necronomicon.forge.mixins.json is higher than the maximum level supported by this version of mixin (JAVA_13).
[18Sep2024 03:30:11.759] [main/ERROR] [mixin/]: Mixin config necronomicon.forge.mixins.json does not specify "minVersion" property
[18Sep2024 03:30:11.760] [main/DEBUG] [mixin/]: Adding mixin platform agents for container SecureJarResource(itemproductionlib)
[18Sep2024 03:30:11.760] [main/DEBUG] [mixin/]: Instancing new MixinPlatformAgentMinecraftForge for SecureJarResource(itemproductionlib)
[18Sep2024 03:30:11.761] [main/DEBUG] [mixin/]: MixinPlatformAgentMinecraftForge rejected container SecureJarResource(itemproductionlib)
[18Sep2024 03:30:11.761] [main/DEBUG] [mixin/]: Instancing new MixinPlatformAgentDefault for SecureJarResource(itemproductionlib)
[18Sep2024 03:30:11.761] [main/DEBUG] [mixin/]: MixinPlatformAgentDefault accepted container SecureJarResource(itemproductionlib)
[18Sep2024 03:30:11.761] [main/DEBUG] [mixin/]: Processing prepare() for PlatformAgent[MixinPlatformAgentDefault:SecureJarResource(itemproductionlib)]
[18Sep2024 03:30:11.761] [main/DEBUG] [mixin/]: Registering mixin config: itemproductionlib.mixins.json
[18Sep2024 03:30:11.765] [main/DEBUG] [mixin/]: Adding mixin platform agents for container SecureJarResource(spectrelib)
[18Sep2024 03:30:11.766] [main/DEBUG] [mixin/]: Instancing new MixinPlatformAgentMinecraftForge for SecureJarResource(spectrelib)
[18Sep2024 03:30:11.766] [main/DEBUG] [mixin/]: MixinPlatformAgentMinecraftForge rejected container SecureJarResource(spectrelib)
[18Sep2024 03:30:11.766] [main/DEBUG] [mixin/]: Instancing new MixinPlatformAgentDefault for SecureJarResource(spectrelib)
[18Sep2024 03:30:11.766] [main/DEBUG] [mixin/]: MixinPlatformAgentDefault accepted container SecureJarResource(spectrelib)
[18Sep2024 03:30:11.767] [main/DEBUG] [mixin/]: Processing prepare() for PlatformAgent[MixinPlatformAgentDefault:SecureJarResource(spectrelib)]
[18Sep2024 03:30:11.767] [main/DEBUG] [mixin/]: Adding mixin platform agents for container SecureJarResource(corgilib)
[18Sep2024 03:30:11.767] [main/DEBUG] [mixin/]: Instancing new MixinPlatformAgentMinecraftForge for SecureJarResource(corgilib)
[18Sep2024 03:30:11.767] [main/DEBUG] [mixin/]: MixinPlatformAgentMinecraftForge rejected container SecureJarResource(corgilib)
[18Sep2024 03:30:11.767] [main/DEBUG] [mixin/]: Instancing new MixinPlatformAgentDefault for SecureJarResource(corgilib)
[18Sep2024 03:30:11.768] [main/DEBUG] [mixin/]: MixinPlatformAgentDefault accepted container SecureJarResource(corgilib)
[18Sep2024 03:30:11.768] [main/DEBUG] [mixin/]: Processing prepare() for PlatformAgent[MixinPlatformAgentDefault:SecureJarResource(corgilib)]
[18Sep2024 03:30:11.768] [main/DEBUG] [mixin/]: Registering mixin config: corgilib.mixins.json
[18Sep2024 03:30:11.771] [main/DEBUG] [mixin/]: Registering mixin config: corgilib.forge.mixins.json
[18Sep2024 03:30:11.775] [main/DEBUG] [mixin/]: Adding mixin platform agents for container SecureJarResource(fastpaintings)
[18Sep2024 03:30:11.775] [main/DEBUG] [mixin/]: Instancing new MixinPlatformAgentMinecraftForge for SecureJarResource(fastpaintings)
[18Sep2024 03:30:11.775] [main/DEBUG] [mixin/]: MixinPlatformAgentMinecraftForge rejected container SecureJarResource(fastpaintings)
[18Sep2024 03:30:11.775] [main/DEBUG] [mixin/]: Instancing new MixinPlatformAgentDefault for SecureJarResource(fastpaintings)
[18Sep2024 03:30:11.776] [main/DEBUG] [mixin/]: MixinPlatformAgentDefault accepted container SecureJarResource(fastpaintings)
[18Sep2024 03:30:11.776] [main/DEBUG] [mixin/]: Processing prepare() for PlatformAgent[MixinPlatformAgentDefault:SecureJarResource(fastpaintings)]
[18Sep2024 03:30:11.776] [main/DEBUG] [mixin/]: Registering mixin config: fastpaintings.mixins.json
[18Sep2024 03:30:11.778] [main/DEBUG] [mixin/]: Registering mixin config: fastpaintings-forge.mixins.json
[18Sep2024 03:30:11.781] [main/DEBUG] [mixin/]: Adding mixin platform agents for container SecureJarResource(aeroblender)
[18Sep2024 03:30:11.781] [main/DEBUG] [mixin/]: Instancing new MixinPlatformAgentMinecraftForge for SecureJarResource(aeroblender)
[18Sep2024 03:30:11.781] [main/DEBUG] [mixin/]: MixinPlatformAgentMinecraftForge rejected container SecureJarResource(aeroblender)
[18Sep2024 03:30:11.782] [main/DEBUG] [mixin/]: Instancing new MixinPlatformAgentDefault for SecureJarResource(aeroblender)
[18Sep2024 03:30:11.782] [main/DEBUG] [mixin/]: MixinPlatformAgentDefault accepted container SecureJarResource(aeroblender)
[18Sep2024 03:30:11.782] [main/DEBUG] [mixin/]: Processing prepare() for PlatformAgent[MixinPlatformAgentDefault:SecureJarResource(aeroblender)]
[18Sep2024 03:30:11.782] [main/DEBUG] [mixin/]: Registering mixin config: aeroblender.mixins.json
[18Sep2024 03:30:11.784] [main/DEBUG] [mixin/]: Adding mixin platform agents for container SecureJarResource(calio)
[18Sep2024 03:30:11.785] [main/DEBUG] [mixin/]: Instancing new MixinPlatformAgentMinecraftForge for SecureJarResource(calio)
[18Sep2024 03:30:11.785] [main/DEBUG] [mixin/]: MixinPlatformAgentMinecraftForge rejected container SecureJarResource(calio)
[18Sep2024 03:30:11.785] [main/DEBUG] [mixin/]: Instancing new MixinPlatformAgentDefault for SecureJarResource(calio)
[18Sep2024 03:30:11.785] [main/DEBUG] [mixin/]: MixinPlatformAgentDefault accepted container SecureJarResource(calio)
[18Sep2024 03:30:11.786] [main/DEBUG] [mixin/]: Processing prepare() for PlatformAgent[MixinPlatformAgentDefault:SecureJarResource(calio)]
[18Sep2024 03:30:11.786] [main/DEBUG] [mixin/]: Adding mixin platform agents for container SecureJarResource(betterfpsdist)
[18Sep2024 03:30:11.786] [main/DEBUG] [mixin/]: Instancing new MixinPlatformAgentMinecraftForge for SecureJarResource(betterfpsdist)
[18Sep2024 03:30:11.786] [main/DEBUG] [mixin/]: MixinPlatformAgentMinecraftForge rejected container SecureJarResource(betterfpsdist)
[18Sep2024 03:30:11.786] [main/DEBUG] [mixin/]: Instancing new MixinPlatformAgentDefault for SecureJarResource(betterfpsdist)
[18Sep2024 03:30:11.787] [main/DEBUG] [mixin/]: MixinPlatformAgentDefault accepted container SecureJarResource(betterfpsdist)
[18Sep2024 03:30:11.787] [main/DEBUG] [mixin/]: Processing prepare() for PlatformAgent[MixinPlatformAgentDefault:SecureJarResource(betterfpsdist)]
[18Sep2024 03:30:11.787] [main/DEBUG] [mixin/]: Registering mixin config: betterfpsdist.mixins.json
[18Sep2024 03:30:11.813] [main/DEBUG] [mixin/]: Adding mixin platform agents for container SecureJarResource(brewinandchewin)
[18Sep2024 03:30:11.813] [main/DEBUG] [mixin/]: Instancing new MixinPlatformAgentMinecraftForge for SecureJarResource(brewinandchewin)
[18Sep2024 03:30:11.813] [main/DEBUG] [mixin/]: MixinPlatformAgentMinecraftForge rejected container SecureJarResource(brewinandchewin)
[18Sep2024 03:30:11.813] [main/DEBUG] [mixin/]: Instancing new MixinPlatformAgentDefault for SecureJarResource(brewinandchewin)
[18Sep2024 03:30:11.813] [main/DEBUG] [mixin/]: MixinPlatformAgentDefault accepted container SecureJarResource(brewinandchewin)
[18Sep2024 03:30:11.813] [main/DEBUG] [mixin/]: Processing prepare() for PlatformAgent[MixinPlatformAgentDefault:SecureJarResource(brewinandchewin)]
[18Sep2024 03:30:11.813] [main/DEBUG] [mixin/]: Registering mixin config: brewinandchewin.mixins.json
[18Sep2024 03:30:11.817] [main/DEBUG] [mixin/]: Adding mixin platform agents for container SecureJarResource(archaeology)
[18Sep2024 03:30:11.817] [main/DEBUG] [mixin/]: Instancing new MixinPlatformAgentMinecraftForge for SecureJarResource(archaeology)
[18Sep2024 03:30:11.817] [main/DEBUG] [mixin/]: MixinPlatformAgentMinecraftForge rejected container SecureJarResource(archaeology)
[18Sep2024 03:30:11.818] [main/DEBUG] [mixin/]: Instancing new MixinPlatformAgentDefault for SecureJarResource(archaeology)
[18Sep2024 03:30:11.818] [main/DEBUG] [mixin/]: MixinPlatformAgentDefault accepted container SecureJarResource(archaeology)
[18Sep2024 03:30:11.818] [main/DEBUG] [mixin/]: Processing prepare() for PlatformAgent[MixinPlatformAgentDefault:SecureJarResource(archaeology)]
[18Sep2024 03:30:11.818] [main/DEBUG] [mixin/]: Registering mixin config: archaeology.mixins.json
[18Sep2024 03:30:11.821] [main/DEBUG] [mixin/]: Adding mixin platform agents for container SecureJarResource(farmersrespite)
[18Sep2024 03:30:11.821] [main/DEBUG] [mixin/]: Instancing new MixinPlatformAgentMinecraftForge for SecureJarResource(farmersrespite)
[18Sep2024 03:30:11.821] [main/DEBUG] [mixin/]: MixinPlatformAgentMinecraftForge rejected container SecureJarResource(farmersrespite)
[18Sep2024 03:30:11.822] [main/DEBUG] [mixin/]: Instancing new MixinPlatformAgentDefault for SecureJarResource(farmersrespite)
[18Sep2024 03:30:11.822] [main/DEBUG] [mixin/]: MixinPlatformAgentDefault accepted container SecureJarResource(farmersrespite)
[18Sep2024 03:30:11.822] [main/DEBUG] [mixin/]: Processing prepare() for PlatformAgent[MixinPlatformAgentDefault:SecureJarResource(farmersrespite)]
[18Sep2024 03:30:11.822] [main/DEBUG] [mixin/]: Registering mixin config: farmersrespite.mixins.json
[18Sep2024 03:30:11.824] [main/DEBUG] [mixin/]: Adding mixin platform agents for container SecureJarResource(ecologics)
[18Sep2024 03:30:11.825] [main/DEBUG] [mixin/]: Instancing new MixinPlatformAgentMinecraftForge for SecureJarResource(ecologics)
[18Sep2024 03:30:11.825] [main/DEBUG] [mixin/]: MixinPlatformAgentMinecraftForge rejected container SecureJarResource(ecologics)
[18Sep2024 03:30:11.825] [main/DEBUG] [mixin/]: Instancing new MixinPlatformAgentDefault for SecureJarResource(ecologics)
[18Sep2024 03:30:11.825] [main/DEBUG] [mixin/]: MixinPlatformAgentDefault accepted container SecureJarResource(ecologics)
[18Sep2024 03:30:11.825] [main/DEBUG] [mixin/]: Processing prepare() for PlatformAgent[MixinPlatformAgentDefault:SecureJarResource(ecologics)]
[18Sep2024 03:30:11.826] [main/DEBUG] [mixin/]: Registering mixin config: ecologics-common.mixins.json
[18Sep2024 03:30:11.828] [main/DEBUG] [mixin/]: Registering mixin config: ecologics.mixins.json
[18Sep2024 03:30:11.830] [main/DEBUG] [mixin/]: Adding mixin platform agents for container SecureJarResource(xaerominimap)
[18Sep2024 03:30:11.830] [main/DEBUG] [mixin/]: Instancing new MixinPlatformAgentMinecraftForge for SecureJarResource(xaerominimap)
[18Sep2024 03:30:11.831] [main/DEBUG] [mixin/]: MixinPlatformAgentMinecraftForge rejected container SecureJarResource(xaerominimap)
[18Sep2024 03:30:11.831] [main/DEBUG] [mixin/]: Instancing new MixinPlatformAgentDefault for SecureJarResource(xaerominimap)
[18Sep2024 03:30:11.831] [main/DEBUG] [mixin/]: MixinPlatformAgentDefault accepted container SecureJarResource(xaerominimap)
[18Sep2024 03:30:11.831] [main/DEBUG] [mixin/]: Processing prepare() for PlatformAgent[MixinPlatformAgentDefault:SecureJarResource(xaerominimap)]
[18Sep2024 03:30:11.831] [main/DEBUG] [mixin/]: Adding mixin platform agents for container SecureJarResource(shadowizardlib)
[18Sep2024 03:30:11.832] [main/DEBUG] [mixin/]: Instancing new MixinPlatformAgentMinecraftForge for SecureJarResource(shadowizardlib)
[18Sep2024 03:30:11.832] [main/DEBUG] [mixin/]: MixinPlatformAgentMinecraftForge rejected container SecureJarResource(shadowizardlib)
[18Sep2024 03:30:11.832] [main/DEBUG] [mixin/]: Instancing new MixinPlatformAgentDefault for SecureJarResource(shadowizardlib)
[18Sep2024 03:30:11.833] [main/DEBUG] [mixin/]: MixinPlatformAgentDefault accepted container SecureJarResource(shadowizardlib)
[18Sep2024 03:30:11.833] [main/DEBUG] [mixin/]: Processing prepare() for PlatformAgent[MixinPlatformAgentDefault:SecureJarResource(shadowizardlib)]
[18Sep2024 03:30:11.833] [main/DEBUG] [mixin/]: Adding mixin platform agents for container SecureJarResource(bocchium)
[18Sep2024 03:30:11.833] [main/DEBUG] [mixin/]: Instancing new MixinPlatformAgentMinecraftForge for SecureJarResource(bocchium)
[18Sep2024 03:30:11.833] [main/DEBUG] [mixin/]: MixinPlatformAgentMinecraftForge rejected container SecureJarResource(bocchium)
[18Sep2024 03:30:11.834] [main/DEBUG] [mixin/]: Instancing new MixinPlatformAgentDefault for SecureJarResource(bocchium)
[18Sep2024 03:30:11.834] [main/DEBUG] [mixin/]: MixinPlatformAgentDefault accepted container SecureJarResource(bocchium)
[18Sep2024 03:30:11.834] [main/DEBUG] [mixin/]: Processing prepare() for PlatformAgent[MixinPlatformAgentDefault:SecureJarResource(bocchium)]
[18Sep2024 03:30:11.834] [main/DEBUG] [mixin/]: Registering mixin config: bocchium.mixins.json
[18Sep2024 03:30:11.838] [main/DEBUG] [mixin/]: Adding mixin platform agents for container SecureJarResource(polymorph)
[18Sep2024 03:30:11.838] [main/DEBUG] [mixin/]: Instancing new MixinPlatformAgentMinecraftForge for SecureJarResource(polymorph)
[18Sep2024 03:30:11.839] [main/DEBUG] [mixin/]: MixinPlatformAgentMinecraftForge rejected container SecureJarResource(polymorph)
[18Sep2024 03:30:11.839] [main/DEBUG] [mixin/]: Instancing new MixinPlatformAgentDefault for SecureJarResource(polymorph)
[18Sep2024 03:30:11.839] [main/DEBUG] [mixin/]: MixinPlatformAgentDefault accepted container SecureJarResource(polymorph)
[18Sep2024 03:30:11.839] [main/DEBUG] [mixin/]: Processing prepare() for PlatformAgent[MixinPlatformAgentDefault:SecureJarResource(polymorph)]
[18Sep2024 03:30:11.840] [main/DEBUG] [mixin/]: Registering mixin config: polymorph.mixins.json
[18Sep2024 03:30:11.841] [main/DEBUG] [mixin/]: Registering mixin config: polymorph-integrations.forge.mixins.json
[18Sep2024 03:30:11.843] [main/DEBUG] [mixin/]: Compatibility level JAVA_16 specified by polymorph-integrations.forge.mixins.json is higher than the maximum level supported by this version of mixin (JAVA_13).
[18Sep2024 03:30:11.844] [main/DEBUG] [mixin/]: Adding mixin platform agents for container SecureJarResource(entityculling)
[18Sep2024 03:30:11.844] [main/DEBUG] [mixin/]: Instancing new MixinPlatformAgentMinecraftForge for SecureJarResource(entityculling)
[18Sep2024 03:30:11.845] [main/DEBUG] [mixin/]: MixinPlatformAgentMinecraftForge rejected container SecureJarResource(entityculling)
[18Sep2024 03:30:11.845] [main/DEBUG] [mixin/]: Instancing new MixinPlatformAgentDefault for SecureJarResource(entityculling)
[18Sep2024 03:30:11.845] [main/DEBUG] [mixin/]: MixinPlatformAgentDefault accepted container SecureJarResource(entityculling)
[18Sep2024 03:30:11.845] [main/DEBUG] [mixin/]: Processing prepare() for PlatformAgent[MixinPlatformAgentDefault:SecureJarResource(entityculling)]
[18Sep2024 03:30:11.845] [main/DEBUG] [mixin/]: Registering mixin config: entityculling.mixins.json
[18Sep2024 03:30:11.849] [main/DEBUG] [mixin/]: Compatibility level JAVA_16 specified by entityculling.mixins.json is higher than the maximum level supported by this version of mixin (JAVA_13).
[18Sep2024 03:30:11.849] [main/DEBUG] [mixin/]: Adding mixin platform agents for container SecureJarResource(canary)
[18Sep2024 03:30:11.849] [main/DEBUG] [mixin/]: Instancing new MixinPlatformAgentMinecraftForge for SecureJarResource(canary)
[18Sep2024 03:30:11.850] [main/DEBUG] [mixin/]: MixinPlatformAgentMinecraftForge rejected container SecureJarResource(canary)
[18Sep2024 03:30:11.850] [main/DEBUG] [mixin/]: Instancing new MixinPlatformAgentDefault for SecureJarResource(canary)
[18Sep2024 03:30:11.850] [main/DEBUG] [mixin/]: MixinPlatformAgentDefault accepted container SecureJarResource(canary)
[18Sep2024 03:30:11.850] [main/DEBUG] [mixin/]: Processing prepare() for PlatformAgent[MixinPlatformAgentDefault:SecureJarResource(canary)]
[18Sep2024 03:30:11.850] [main/DEBUG] [mixin/]: Registering mixin config: canary.mixins.json
[18Sep2024 03:30:11.852] [main/DEBUG] [mixin/]: Adding mixin platform agents for container SecureJarResource(strictly_origins)
[18Sep2024 03:30:11.853] [main/DEBUG] [mixin/]: Instancing new MixinPlatformAgentMinecraftForge for SecureJarResource(strictly_origins)
[18Sep2024 03:30:11.853] [main/DEBUG] [mixin/]: MixinPlatformAgentMinecraftForge rejected container SecureJarResource(strictly_origins)
[18Sep2024 03:30:11.853] [main/DEBUG] [mixin/]: Instancing new MixinPlatformAgentDefault for SecureJarResource(strictly_origins)
[18Sep2024 03:30:11.853] [main/DEBUG] [mixin/]: MixinPlatformAgentDefault accepted container SecureJarResource(strictly_origins)
[18Sep2024 03:30:11.854] [main/DEBUG] [mixin/]: Processing prepare() for PlatformAgent[MixinPlatformAgentDefault:SecureJarResource(strictly_origins)]
[18Sep2024 03:30:11.854] [main/DEBUG] [mixin/]: Adding mixin platform agents for container SecureJarResource(immediatelyfast)
[18Sep2024 03:30:11.854] [main/DEBUG] [mixin/]: Instancing new MixinPlatformAgentMinecraftForge for SecureJarResource(immediatelyfast)
[18Sep2024 03:30:11.854] [main/DEBUG] [mixin/]: MixinPlatformAgentMinecraftForge rejected container SecureJarResource(immediatelyfast)
[18Sep2024 03:30:11.855] [main/DEBUG] [mixin/]: Instancing new MixinPlatformAgentDefault for SecureJarResource(immediatelyfast)
[18Sep2024 03:30:11.855] [main/DEBUG] [mixin/]: MixinPlatformAgentDefault accepted container SecureJarResource(immediatelyfast)
[18Sep2024 03:30:11.855] [main/DEBUG] [mixin/]: Processing prepare() for PlatformAgent[MixinPlatformAgentDefault:SecureJarResource(immediatelyfast)]
[18Sep2024 03:30:11.855] [main/DEBUG] [mixin/]: Registering mixin config: immediatelyfast-forge.mixins.json
[18Sep2024 03:30:11.857] [main/DEBUG] [mixin/]: Registering mixin config: immediatelyfast-common.mixins.json
[18Sep2024 03:30:11.861] [main/DEBUG] [mixin/]: Adding mixin platform agents for container SecureJarResource(tlc)
[18Sep2024 03:30:11.862] [main/DEBUG] [mixin/]: Instancing new MixinPlatformAgentMinecraftForge for SecureJarResource(tlc)
[18Sep2024 03:30:11.862] [main/DEBUG] [mixin/]: MixinPlatformAgentMinecraftForge rejected container SecureJarResource(tlc)
[18Sep2024 03:30:11.862] [main/DEBUG] [mixin/]: Instancing new MixinPlatformAgentDefault for SecureJarResource(tlc)
[18Sep2024 03:30:11.862] [main/DEBUG] [mixin/]: MixinPlatformAgentDefault accepted container SecureJarResource(tlc)
[18Sep2024 03:30:11.863] [main/DEBUG] [mixin/]: Processing prepare() for PlatformAgent[MixinPlatformAgentDefault:SecureJarResource(tlc)]
[18Sep2024 03:30:11.863] [main/DEBUG] [mixin/]: Registering mixin config: tlc.mixins.json
[18Sep2024 03:30:11.865] [main/DEBUG] [mixin/]: Adding mixin platform agents for container SecureJarResource(lootr)
[18Sep2024 03:30:11.865] [main/DEBUG] [mixin/]: Instancing new MixinPlatformAgentMinecraftForge for SecureJarResource(lootr)
[18Sep2024 03:30:11.865] [main/DEBUG] [mixin/]: MixinPlatformAgentMinecraftForge rejected container SecureJarResource(lootr)
[18Sep2024 03:30:11.865] [main/DEBUG] [mixin/]: Instancing new MixinPlatformAgentDefault for SecureJarResource(lootr)
[18Sep2024 03:30:11.866] [main/DEBUG] [mixin/]: MixinPlatformAgentDefault accepted container SecureJarResource(lootr)
[18Sep2024 03:30:11.866] [main/DEBUG] [mixin/]: Processing prepare() for PlatformAgent[MixinPlatformAgentDefault:SecureJarResource(lootr)]
[18Sep2024 03:30:11.866] [main/DEBUG] [mixin/]: Registering mixin config: lootr.mixins.json
[18Sep2024 03:30:11.868] [main/DEBUG] [mixin/]: Adding mixin platform agents for container SecureJarResource(biomemusic)
[18Sep2024 03:30:11.868] [main/DEBUG] [mixin/]: Instancing new MixinPlatformAgentMinecraftForge for SecureJarResource(biomemusic)
[18Sep2024 03:30:11.868] [main/DEBUG] [mixin/]: MixinPlatformAgentMinecraftForge rejected container SecureJarResource(biomemusic)
[18Sep2024 03:30:11.869] [main/DEBUG] [mixin/]: Instancing new MixinPlatformAgentDefault for SecureJarResource(biomemusic)
[18Sep2024 03:30:11.869] [main/DEBUG] [mixin/]: MixinPlatformAgentDefault accepted container SecureJarResource(biomemusic)
[18Sep2024 03:30:11.869] [main/DEBUG] [mixin/]: Processing prepare() for PlatformAgent[MixinPlatformAgentDefault:SecureJarResource(biomemusic)]
[18Sep2024 03:30:11.869] [main/DEBUG] [mixin/]: Registering mixin config: biomemusic.mixins.json
[18Sep2024 03:30:11.871] [main/DEBUG] [mixin/]: Adding mixin platform agents for container SecureJarResource(upgradednetherite_ultimate)
[18Sep2024 03:30:11.872] [main/DEBUG] [mixin/]: Instancing new MixinPlatformAgentMinecraftForge for SecureJarResource(upgradednetherite_ultimate)
[18Sep2024 03:30:11.872] [main/DEBUG] [mixin/]: MixinPlatformAgentMinecraftForge rejected container SecureJarResource(upgradednetherite_ultimate)
[18Sep2024 03:30:11.872] [main/DEBUG] [mixin/]: Instancing new MixinPlatformAgentDefault for SecureJarResource(upgradednetherite_ultimate)
[18Sep2024 03:30:11.872] [main/DEBUG] [mixin/]: MixinPlatformAgentDefault accepted container SecureJarResource(upgradednetherite_ultimate)
[18Sep2024 03:30:11.873] [main/DEBUG] [mixin/]: Processing prepare() for PlatformAgent[MixinPlatformAgentDefault:SecureJarResource(upgradednetherite_ultimate)]
[18Sep2024 03:30:11.873] [main/DEBUG] [mixin/]: Adding mixin platform agents for container SecureJarResource(puzzleslib)
[18Sep2024 03:30:11.873] [main/DEBUG] [mixin/]: Instancing new MixinPlatformAgentMinecraftForge for SecureJarResource(puzzleslib)
[18Sep2024 03:30:11.873] [main/DEBUG] [mixin/]: MixinPlatformAgentMinecraftForge rejected container SecureJarResource(puzzleslib)
[18Sep2024 03:30:11.873] [main/DEBUG] [mixin/]: Instancing new MixinPlatformAgentDefault for SecureJarResource(puzzleslib)
[18Sep2024 03:30:11.874] [main/DEBUG] [mixin/]: MixinPlatformAgentDefault accepted container SecureJarResource(puzzleslib)
[18Sep2024 03:30:11.874] [main/DEBUG] [mixin/]: Processing prepare() for PlatformAgent[MixinPlatformAgentDefault:SecureJarResource(puzzleslib)]
[18Sep2024 03:30:11.874] [main/DEBUG] [mixin/]: Registering mixin config: puzzleslib.common.mixins.json
[18Sep2024 03:30:11.876] [main/DEBUG] [mixin/]: Registering mixin config: puzzleslib.forge.mixins.json
[18Sep2024 03:30:11.878] [main/DEBUG] [mixin/]: Adding mixin platform agents for container SecureJarResource(aquaculture)
[18Sep2024 03:30:11.878] [main/DEBUG] [mixin/]: Instancing new MixinPlatformAgentMinecraftForge for SecureJarResource(aquaculture)
[18Sep2024 03:30:11.878] [main/DEBUG] [mixin/]: MixinPlatformAgentMinecraftForge rejected container SecureJarResource(aquaculture)
[18Sep2024 03:30:11.878] [main/DEBUG] [mixin/]: Instancing new MixinPlatformAgentDefault for SecureJarResource(aquaculture)
[18Sep2024 03:30:11.879] [main/DEBUG] [mixin/]: MixinPlatformAgentDefault accepted container SecureJarResource(aquaculture)
[18Sep2024 03:30:11.879] [main/DEBUG] [mixin/]: Processing prepare() for PlatformAgent[MixinPlatformAgentDefault:SecureJarResource(aquaculture)]
[18Sep2024 03:30:11.879] [main/DEBUG] [mixin/]: Adding mixin platform agents for container SecureJarResource(delightful)
[18Sep2024 03:30:11.879] [main/DEBUG] [mixin/]: Instancing new MixinPlatformAgentMinecraftForge for SecureJarResource(delightful)
[18Sep2024 03:30:11.880] [main/DEBUG] [mixin/]: MixinPlatformAgentMinecraftForge rejected container SecureJarResource(delightful)
[18Sep2024 03:30:11.880] [main/DEBUG] [mixin/]: Instancing new MixinPlatformAgentDefault for SecureJarResource(delightful)
[18Sep2024 03:30:11.880] [main/DEBUG] [mixin/]: MixinPlatformAgentDefault accepted container SecureJarResource(delightful)
[18Sep2024 03:30:11.880] [main/DEBUG] [mixin/]: Processing prepare() for PlatformAgent[MixinPlatformAgentDefault:SecureJarResource(delightful)]
[18Sep2024 03:30:11.880] [main/DEBUG] [mixin/]: Adding mixin platform agents for container SecureJarResource(chunksending)
[18Sep2024 03:30:11.881] [main/DEBUG] [mixin/]: Instancing new MixinPlatformAgentMinecraftForge for SecureJarResource(chunksending)
[18Sep2024 03:30:11.881] [main/DEBUG] [mixin/]: MixinPlatformAgentMinecraftForge rejected container SecureJarResource(chunksending)
[18Sep2024 03:30:11.881] [main/DEBUG] [mixin/]: Instancing new MixinPlatformAgentDefault for SecureJarResource(chunksending)
[18Sep2024 03:30:11.881] [main/DEBUG] [mixin/]: MixinPlatformAgentDefault accepted container SecureJarResource(chunksending)
[18Sep2024 03:30:11.881] [main/DEBUG] [mixin/]: Processing prepare() for PlatformAgent[MixinPlatformAgentDefault:SecureJarResource(chunksending)]
[18Sep2024 03:30:11.882] [main/DEBUG] [mixin/]: Registering mixin config: chunksending.mixins.json
[18Sep2024 03:30:11.883] [main/DEBUG] [mixin/]: Adding mixin platform agents for container SecureJarResource(phantasm)
[18Sep2024 03:30:11.883] [main/DEBUG] [mixin/]: Instancing new MixinPlatformAgentMinecraftForge for SecureJarResource(phantasm)
[18Sep2024 03:30:11.884] [main/DEBUG] [mixin/]: MixinPlatformAgentMinecraftForge rejected container SecureJarResource(phantasm)
[18Sep2024 03:30:11.884] [main/DEBUG] [mixin/]: Instancing new MixinPlatformAgentDefault for SecureJarResource(phantasm)
[18Sep2024 03:30:11.884] [main/DEBUG] [mixin/]: MixinPlatformAgentDefault accepted container SecureJarResource(phantasm)
[18Sep2024 03:30:11.884] [main/DEBUG] [mixin/]: Processing prepare() for PlatformAgent[MixinPlatformAgentDefault:SecureJarResource(phantasm)]
[18Sep2024 03:30:11.885] [main/DEBUG] [mixin/]: Adding mixin platform agents for container SecureJarResource(aquamirae)
[18Sep2024 03:30:11.885] [main/DEBUG] [mixin/]: Instancing new MixinPlatformAgentMinecraftForge for SecureJarResource(aquamirae)
[18Sep2024 03:30:11.885] [main/DEBUG] [mixin/]: MixinPlatformAgentMinecraftForge rejected container SecureJarResource(aquamirae)
[18Sep2024 03:30:11.885] [main/DEBUG] [mixin/]: Instancing new MixinPlatformAgentDefault for SecureJarResource(aquamirae)
[18Sep2024 03:30:11.885] [main/DEBUG] [mixin/]: MixinPlatformAgentDefault accepted container SecureJarResource(aquamirae)
[18Sep2024 03:30:11.886] [main/DEBUG] [mixin/]: Processing prepare() for PlatformAgent[MixinPlatformAgentDefault:SecureJarResource(aquamirae)]
[18Sep2024 03:30:11.886] [main/DEBUG] [mixin/]: Registering mixin config: aquamirae.mixins.json
[18Sep2024 03:30:11.888] [main/DEBUG] [mixin/]: Adding mixin platform agents for container SecureJarResource(defaultoptions)
[18Sep2024 03:30:11.888] [main/DEBUG] [mixin/]: Instancing new MixinPlatformAgentMinecraftForge for SecureJarResource(defaultoptions)
[18Sep2024 03:30:11.888] [main/DEBUG] [mixin/]: MixinPlatformAgentMinecraftForge rejected container SecureJarResource(defaultoptions)
[18Sep2024 03:30:11.888] [main/DEBUG] [mixin/]: Instancing new MixinPlatformAgentDefault for SecureJarResource(defaultoptions)
[18Sep2024 03:30:11.889] [main/DEBUG] [mixin/]: MixinPlatformAgentDefault accepted container SecureJarResource(defaultoptions)
[18Sep2024 03:30:11.889] [main/DEBUG] [mixin/]: Processing prepare() for PlatformAgent[MixinPlatformAgentDefault:SecureJarResource(defaultoptions)]
[18Sep2024 03:30:11.889] [main/DEBUG] [mixin/]: Registering mixin config: defaultoptions.mixins.json
[18Sep2024 03:30:11.891] [main/DEBUG] [mixin/]: Adding mixin platform agents for container SecureJarResource(xpbook)
[18Sep2024 03:30:11.891] [main/DEBUG] [mixin/]: Instancing new MixinPlatformAgentMinecraftForge for SecureJarResource(xpbook)
[18Sep2024 03:30:11.892] [main/DEBUG] [mixin/]: MixinPlatformAgentMinecraftForge rejected container SecureJarResource(xpbook)
[18Sep2024 03:30:11.892] [main/DEBUG] [mixin/]: Instancing new MixinPlatformAgentDefault for SecureJarResource(xpbook)
[18Sep2024 03:30:11.893] [main/DEBUG] [mixin/]: MixinPlatformAgentDefault accepted container SecureJarResource(xpbook)
[18Sep2024 03:30:11.893] [main/DEBUG] [mixin/]: Processing prepare() for PlatformAgent[MixinPlatformAgentDefault:SecureJarResource(xpbook)]
[18Sep2024 03:30:11.893] [main/DEBUG] [mixin/]: Adding mixin platform agents for container SecureJarResource(blue_skies)
[18Sep2024 03:30:11.893] [main/DEBUG] [mixin/]: Instancing new MixinPlatformAgentMinecraftForge for SecureJarResource(blue_skies)
[18Sep2024 03:30:11.894] [main/DEBUG] [mixin/]: MixinPlatformAgentMinecraftForge rejected container SecureJarResource(blue_skies)
[18Sep2024 03:30:11.894] [main/DEBUG] [mixin/]: Instancing new MixinPlatformAgentDefault for SecureJarResource(blue_skies)
[18Sep2024 03:30:11.894] [main/DEBUG] [mixin/]: MixinPlatformAgentDefault accepted container SecureJarResource(blue_skies)
[18Sep2024 03:30:11.895] [main/DEBUG] [mixin/]: Processing prepare() for PlatformAgent[MixinPlatformAgentDefault:SecureJarResource(blue_skies)]
[18Sep2024 03:30:11.895] [main/DEBUG] [mixin/]: Registering mixin config: blue_skies.mixins.json
[18Sep2024 03:30:11.896] [main/DEBUG] [mixin/]: Adding mixin platform agents for container SecureJarResource(transmog)
[18Sep2024 03:30:11.897] [main/DEBUG] [mixin/]: Instancing new MixinPlatformAgentMinecraftForge for SecureJarResource(transmog)
[18Sep2024 03:30:11.897] [main/DEBUG] [mixin/]: MixinPlatformAgentMinecraftForge rejected container SecureJarResource(transmog)
[18Sep2024 03:30:11.897] [main/DEBUG] [mixin/]: Instancing new MixinPlatformAgentDefault for SecureJarResource(transmog)
[18Sep2024 03:30:11.899] [main/DEBUG] [mixin/]: MixinPlatformAgentDefault accepted container SecureJarResource(transmog)
[18Sep2024 03:30:11.900] [main/DEBUG] [mixin/]: Processing prepare() for PlatformAgent[MixinPlatformAgentDefault:SecureJarResource(transmog)]
[18Sep2024 03:30:11.900] [main/DEBUG] [mixin/]: Registering mixin config: mixins.transmog.common.json
[18Sep2024 03:30:11.902] [main/DEBUG] [mixin/]: Registering mixin config: mixins.transmog.forge.json
[18Sep2024 03:30:11.904] [main/DEBUG] [mixin/]: Adding mixin platform agents for container SecureJarResource(recipeessentials)
[18Sep2024 03:30:11.904] [main/DEBUG] [mixin/]: Instancing new MixinPlatformAgentMinecraftForge for SecureJarResource(recipeessentials)
[18Sep2024 03:30:11.904] [main/DEBUG] [mixin/]: MixinPlatformAgentMinecraftForge rejected container SecureJarResource(recipeessentials)
[18Sep2024 03:30:11.904] [main/DEBUG] [mixin/]: Instancing new MixinPlatformAgentDefault for SecureJarResource(recipeessentials)
[18Sep2024 03:30:11.905] [main/DEBUG] [mixin/]: MixinPlatformAgentDefault accepted container SecureJarResource(recipeessentials)
[18Sep2024 03:30:11.905] [main/DEBUG] [mixin/]: Processing prepare() for PlatformAgent[MixinPlatformAgentDefault:SecureJarResource(recipeessentials)]
[18Sep2024 03:30:11.905] [main/DEBUG] [mixin/]: Registering mixin config: recipeessentials.mixins.json
[18Sep2024 03:30:11.907] [main/DEBUG] [mixin/]: Adding mixin platform agents for container SecureJarResource(aether)
[18Sep2024 03:30:11.908] [main/DEBUG] [mixin/]: Instancing new MixinPlatformAgentMinecraftForge for SecureJarResource(aether)
[18Sep2024 03:30:11.908] [main/DEBUG] [mixin/]: MixinPlatformAgentMinecraftForge rejected container SecureJarResource(aether)
[18Sep2024 03:30:11.908] [main/DEBUG] [mixin/]: Instancing new MixinPlatformAgentDefault for SecureJarResource(aether)
[18Sep2024 03:30:11.908] [main/DEBUG] [mixin/]: MixinPlatformAgentDefault accepted container SecureJarResource(aether)
[18Sep2024 03:30:11.909] [main/DEBUG] [mixin/]: Processing prepare() for PlatformAgent[MixinPlatformAgentDefault:SecureJarResource(aether)]
[18Sep2024 03:30:11.909] [main/DEBUG] [mixin/]: Registering mixin config: aether.mixins.json
[18Sep2024 03:30:11.912] [main/DEBUG] [mixin/]: Adding mixin platform agents for container SecureJarResource(betteroceanmonuments)
[18Sep2024 03:30:11.912] [main/DEBUG] [mixin/]: Instancing new MixinPlatformAgentMinecraftForge for SecureJarResource(betteroceanmonuments)
[18Sep2024 03:30:11.912] [main/DEBUG] [mixin/]: MixinPlatformAgentMinecraftForge rejected container SecureJarResource(betteroceanmonuments)
[18Sep2024 03:30:11.912] [main/DEBUG] [mixin/]: Instancing new MixinPlatformAgentDefault for SecureJarResource(betteroceanmonuments)
[18Sep2024 03:30:11.913] [main/DEBUG] [mixin/]: MixinPlatformAgentDefault accepted container SecureJarResource(betteroceanmonuments)
[18Sep2024 03:30:11.913] [main/DEBUG] [mixin/]: Processing prepare() for PlatformAgent[MixinPlatformAgentDefault:SecureJarResource(betteroceanmonuments)]
[18Sep2024 03:30:11.913] [main/DEBUG] [mixin/]: Registering mixin config: betteroceanmonuments.mixins.json
[18Sep2024 03:30:11.915] [main/DEBUG] [mixin/]: Registering mixin config: betteroceanmonuments_forge.mixins.json
[18Sep2024 03:30:11.917] [main/DEBUG] [mixin/]: Adding mixin platform agents for container SecureJarResource(connectivity)
[18Sep2024 03:30:11.917] [main/DEBUG] [mixin/]: Instancing new MixinPlatformAgentMinecraftForge for SecureJarResource(connectivity)
[18Sep2024 03:30:11.918] [main/DEBUG] [mixin/]: MixinPlatformAgentMinecraftForge rejected container SecureJarResource(connectivity)
[18Sep2024 03:30:11.918] [main/DEBUG] [mixin/]: Instancing new MixinPlatformAgentDefault for SecureJarResource(connectivity)
[18Sep2024 03:30:11.918] [main/DEBUG] [mixin/]: MixinPlatformAgentDefault accepted container SecureJarResource(connectivity)
[18Sep2024 03:30:11.919] [main/DEBUG] [mixin/]: Processing prepare() for PlatformAgent[MixinPlatformAgentDefault:SecureJarResource(connectivity)]
[18Sep2024 03:30:11.919] [main/DEBUG] [mixin/]: Registering mixin config: connectivity.mixins.json
[18Sep2024 03:30:11.921] [main/DEBUG] [mixin/]: Adding mixin platform agents for container SecureJarResource(incendium)
[18Sep2024 03:30:11.921] [main/DEBUG] [mixin/]: Instancing new MixinPlatformAgentMinecraftForge for SecureJarResource(incendium)
[18Sep2024 03:30:11.922] [main/DEBUG] [mixin/]: MixinPlatformAgentMinecraftForge rejected container SecureJarResource(incendium)
[18Sep2024 03:30:11.922] [main/DEBUG] [mixin/]: Instancing new MixinPlatformAgentDefault for SecureJarResource(incendium)
[18Sep2024 03:30:11.922] [main/DEBUG] [mixin/]: MixinPlatformAgentDefault accepted container SecureJarResource(incendium)
[18Sep2024 03:30:11.922] [main/DEBUG] [mixin/]: Processing prepare() for PlatformAgent[MixinPlatformAgentDefault:SecureJarResource(incendium)]
[18Sep2024 03:30:11.922] [main/DEBUG] [mixin/]: Adding mixin platform agents for container SecureJarResource(gpumemleakfix)
[18Sep2024 03:30:11.923] [main/DEBUG] [mixin/]: Instancing new MixinPlatformAgentMinecraftForge for SecureJarResource(gpumemleakfix)
[18Sep2024 03:30:11.923] [main/DEBUG] [mixin/]: MixinPlatformAgentMinecraftForge rejected container SecureJarResource(gpumemleakfix)
[18Sep2024 03:30:11.923] [main/DEBUG] [mixin/]: Instancing new MixinPlatformAgentDefault for SecureJarResource(gpumemleakfix)
[18Sep2024 03:30:11.923] [main/DEBUG] [mixin/]: MixinPlatformAgentDefault accepted container SecureJarResource(gpumemleakfix)
[18Sep2024 03:30:11.923] [main/DEBUG] [mixin/]: Processing prepare() for PlatformAgent[MixinPlatformAgentDefault:SecureJarResource(gpumemleakfix)]
[18Sep2024 03:30:11.924] [main/DEBUG] [mixin/]: Registering mixin config: gpumemleakfix.mixins.json
[18Sep2024 03:30:11.925] [main/DEBUG] [mixin/]: Adding mixin platform agents for container SecureJarResource(sophisticatedcore)
[18Sep2024 03:30:11.925] [main/DEBUG] [mixin/]: Instancing new MixinPlatformAgentMinecraftForge for SecureJarResource(sophisticatedcore)
[18Sep2024 03:30:11.926] [main/DEBUG] [mixin/]: MixinPlatformAgentMinecraftForge rejected container SecureJarResource(sophisticatedcore)
[18Sep2024 03:30:11.926] [main/DEBUG] [mixin/]: Instancing new MixinPlatformAgentDefault for SecureJarResource(sophisticatedcore)
[18Sep2024 03:30:11.926] [main/DEBUG] [mixin/]: MixinPlatformAgentDefault accepted container SecureJarResource(sophisticatedcore)
[18Sep2024 03:30:11.926] [main/DEBUG] [mixin/]: Processing prepare() for PlatformAgent[MixinPlatformAgentDefault:SecureJarResource(sophisticatedcore)]
[18Sep2024 03:30:11.926] [main/DEBUG] [mixin/]: Adding mixin platform agents for container SecureJarResource(insanelib)
[18Sep2024 03:30:11.927] [main/DEBUG] [mixin/]: Instancing new MixinPlatformAgentMinecraftForge for SecureJarResource(insanelib)
[18Sep2024 03:30:11.927] [main/DEBUG] [mixin/]: MixinPlatformAgentMinecraftForge rejected container SecureJarResource(insanelib)
[18Sep2024 03:30:11.927] [main/DEBUG] [mixin/]: Instancing new MixinPlatformAgentDefault for SecureJarResource(insanelib)
[18Sep2024 03:30:11.927] [main/DEBUG] [mixin/]: MixinPlatformAgentDefault accepted container SecureJarResource(insanelib)
[18Sep2024 03:30:11.928] [main/DEBUG] [mixin/]: Processing prepare() for PlatformAgent[MixinPlatformAgentDefault:SecureJarResource(insanelib)]
[18Sep2024 03:30:11.928] [main/DEBUG] [mixin/]: Registering mixin config: insanelib.mixins.json
[18Sep2024 03:30:11.929] [main/DEBUG] [mixin/]: Compatibility level JAVA_8 specified by insanelib.mixins.json is lower than the default level supported by the current mixin service (JAVA_16).
[18Sep2024 03:30:11.930] [main/DEBUG] [mixin/]: Adding mixin platform agents for container SecureJarResource(structureessentials)
[18Sep2024 03:30:11.930] [main/DEBUG] [mixin/]: Instancing new MixinPlatformAgentMinecraftForge for SecureJarResource(structureessentials)
[18Sep2024 03:30:11.930] [main/DEBUG] [mixin/]: MixinPlatformAgentMinecraftForge rejected container SecureJarResource(structureessentials)
[18Sep2024 03:30:11.931] [main/DEBUG] [mixin/]: Instancing new MixinPlatformAgentDefault for SecureJarResource(structureessentials)
[18Sep2024 03:30:11.931] [main/DEBUG] [mixin/]: MixinPlatformAgentDefault accepted container SecureJarResource(structureessentials)
[18Sep2024 03:30:11.931] [main/DEBUG] [mixin/]: Processing prepare() for PlatformAgent[MixinPlatformAgentDefault:SecureJarResource(structureessentials)]
[18Sep2024 03:30:11.931] [main/DEBUG] [mixin/]: Registering mixin config: structureessentials.mixins.json
[18Sep2024 03:30:11.933] [main/DEBUG] [mixin/]: Adding mixin platform agents for container SecureJarResource(controlling)
[18Sep2024 03:30:11.933] [main/DEBUG] [mixin/]: Instancing new MixinPlatformAgentMinecraftForge for SecureJarResource(controlling)
[18Sep2024 03:30:11.933] [main/DEBUG] [mixin/]: MixinPlatformAgentMinecraftForge rejected container SecureJarResource(controlling)
[18Sep2024 03:30:11.933] [main/DEBUG] [mixin/]: Instancing new MixinPlatformAgentDefault for SecureJarResource(controlling)
[18Sep2024 03:30:11.934] [main/DEBUG] [mixin/]: MixinPlatformAgentDefault accepted container SecureJarResource(controlling)
[18Sep2024 03:30:11.934] [main/DEBUG] [mixin/]: Processing prepare() for PlatformAgent[MixinPlatformAgentDefault:SecureJarResource(controlling)]
[18Sep2024 03:30:11.934] [main/DEBUG] [mixin/]: Registering mixin config: controlling.mixins.json
[18Sep2024 03:30:11.936] [main/DEBUG] [mixin/]: Registering mixin config: controlling.forge.mixins.json
[18Sep2024 03:30:11.937] [main/DEBUG] [mixin/]: Adding mixin platform agents for container SecureJarResource(xaeroworldmap)
[18Sep2024 03:30:11.938] [main/DEBUG] [mixin/]: Instancing new MixinPlatformAgentMinecraftForge for SecureJarResource(xaeroworldmap)
[18Sep2024 03:30:11.938] [main/DEBUG] [mixin/]: MixinPlatformAgentMinecraftForge rejected container SecureJarResource(xaeroworldmap)
[18Sep2024 03:30:11.938] [main/DEBUG] [mixin/]: Instancing new MixinPlatformAgentDefault for SecureJarResource(xaeroworldmap)
[18Sep2024 03:30:11.938] [main/DEBUG] [mixin/]: MixinPlatformAgentDefault accepted container SecureJarResource(xaeroworldmap)
[18Sep2024 03:30:11.938] [main/DEBUG] [mixin/]: Processing prepare() for PlatformAgent[MixinPlatformAgentDefault:SecureJarResource(xaeroworldmap)]
[18Sep2024 03:30:11.939] [main/DEBUG] [mixin/]: Adding mixin platform agents for container SecureJarResource(citadel)
[18Sep2024 03:30:11.939] [main/DEBUG] [mixin/]: Instancing new MixinPlatformAgentMinecraftForge for SecureJarResource(citadel)
[18Sep2024 03:30:11.939] [main/DEBUG] [mixin/]: MixinPlatformAgentMinecraftForge rejected container SecureJarResource(citadel)
[18Sep2024 03:30:11.939] [main/DEBUG] [mixin/]: Instancing new MixinPlatformAgentDefault for SecureJarResource(citadel)
[18Sep2024 03:30:11.940] [main/DEBUG] [mixin/]: MixinPlatformAgentDefault accepted container SecureJarResource(citadel)
[18Sep2024 03:30:11.940] [main/DEBUG] [mixin/]: Processing prepare() for PlatformAgent[MixinPlatformAgentDefault:SecureJarResource(citadel)]
[18Sep2024 03:30:11.940] [main/DEBUG] [mixin/]: Registering mixin config: citadel.mixins.json
[18Sep2024 03:30:11.943] [main/DEBUG] [mixin/]: Adding mixin platform agents for container SecureJarResource(placebo)
[18Sep2024 03:30:11.944] [main/DEBUG] [mixin/]: Instancing new MixinPlatformAgentMinecraftForge for SecureJarResource(placebo)
[18Sep2024 03:30:11.944] [main/DEBUG] [mixin/]: MixinPlatformAgentMinecraftForge rejected container SecureJarResource(placebo)
[18Sep2024 03:30:11.944] [main/DEBUG] [mixin/]: Instancing new MixinPlatformAgentDefault for SecureJarResource(placebo)
[18Sep2024 03:30:11.944] [main/DEBUG] [mixin/]: MixinPlatformAgentDefault accepted container SecureJarResource(placebo)
[18Sep2024 03:30:11.945] [main/DEBUG] [mixin/]: Processing prepare() for PlatformAgent[MixinPlatformAgentDefault:SecureJarResource(placebo)]
[18Sep2024 03:30:11.945] [main/DEBUG] [mixin/]: Registering mixin config: placebo.mixins.json
[18Sep2024 03:30:11.948] [main/DEBUG] [mixin/]: Adding mixin platform agents for container SecureJarResource(prism)
[18Sep2024 03:30:11.948] [main/DEBUG] [mixin/]: Instancing new MixinPlatformAgentMinecraftForge for SecureJarResource(prism)
[18Sep2024 03:30:11.948] [main/DEBUG] [mixin/]: MixinPlatformAgentMinecraftForge rejected container SecureJarResource(prism)
[18Sep2024 03:30:11.948] [main/DEBUG] [mixin/]: Instancing new MixinPlatformAgentDefault for SecureJarResource(prism)
[18Sep2024 03:30:11.949] [main/DEBUG] [mixin/]: MixinPlatformAgentDefault accepted container SecureJarResource(prism)
[18Sep2024 03:30:11.949] [main/DEBUG] [mixin/]: Processing prepare() for PlatformAgent[MixinPlatformAgentDefault:SecureJarResource(prism)]
[18Sep2024 03:30:11.949] [main/DEBUG] [mixin/]: Registering mixin config: prism.mixins.json
[18Sep2024 03:30:11.953] [main/DEBUG] [mixin/]: Adding mixin platform agents for container SecureJarResource(lootintegrations)
[18Sep2024 03:30:11.954] [main/DEBUG] [mixin/]: Instancing new MixinPlatformAgentMinecraftForge for SecureJarResource(lootintegrations)
[18Sep2024 03:30:11.954] [main/DEBUG] [mixin/]: MixinPlatformAgentMinecraftForge rejected container SecureJarResource(lootintegrations)
[18Sep2024 03:30:11.954] [main/DEBUG] [mixin/]: Instancing new MixinPlatformAgentDefault for SecureJarResource(lootintegrations)
[18Sep2024 03:30:11.954] [main/DEBUG] [mixin/]: MixinPlatformAgentDefault accepted container SecureJarResource(lootintegrations)
[18Sep2024 03:30:11.954] [main/DEBUG] [mixin/]: Processing prepare() for PlatformAgent[MixinPlatformAgentDefault:SecureJarResource(lootintegrations)]
[18Sep2024 03:30:11.955] [main/DEBUG] [mixin/]: Registering mixin config: lootintegrations.mixins.json
[18Sep2024 03:30:11.956] [main/DEBUG] [mixin/]: Compatibility level JAVA_16 specified by lootintegrations.mixins.json is higher than the maximum level supported by this version of mixin (JAVA_13).
[18Sep2024 03:30:11.957] [main/DEBUG] [mixin/]: Adding mixin platform agents for container SecureJarResource(item_obliterator)
[18Sep2024 03:30:11.957] [main/DEBUG] [mixin/]: Instancing new MixinPlatformAgentMinecraftForge for SecureJarResource(item_obliterator)
[18Sep2024 03:30:11.957] [main/DEBUG] [mixin/]: MixinPlatformAgentMinecraftForge rejected container SecureJarResource(item_obliterator)
[18Sep2024 03:30:11.957] [main/DEBUG] [mixin/]: Instancing new MixinPlatformAgentDefault for SecureJarResource(item_obliterator)
[18Sep2024 03:30:11.958] [main/DEBUG] [mixin/]: MixinPlatformAgentDefault accepted container SecureJarResource(item_obliterator)
[18Sep2024 03:30:11.958] [main/DEBUG] [mixin/]: Processing prepare() for PlatformAgent[MixinPlatformAgentDefault:SecureJarResource(item_obliterator)]
[18Sep2024 03:30:11.958] [main/DEBUG] [mixin/]: Registering mixin config: item_obliterator.mixins.json
[18Sep2024 03:30:11.960] [main/DEBUG] [mixin/]: Adding mixin platform agents for container SecureJarResource(bakery)
[18Sep2024 03:30:11.960] [main/DEBUG] [mixin/]: Instancing new MixinPlatformAgentMinecraftForge for SecureJarResource(bakery)
[18Sep2024 03:30:11.960] [main/DEBUG] [mixin/]: MixinPlatformAgentMinecraftForge rejected container SecureJarResource(bakery)
[18Sep2024 03:30:11.961] [main/DEBUG] [mixin/]: Instancing new MixinPlatformAgentDefault for SecureJarResource(bakery)
[18Sep2024 03:30:11.961] [main/DEBUG] [mixin/]: MixinPlatformAgentDefault accepted container SecureJarResource(bakery)
[18Sep2024 03:30:11.961] [main/DEBUG] [mixin/]: Processing prepare() for PlatformAgent[MixinPlatformAgentDefault:SecureJarResource(bakery)]
[18Sep2024 03:30:11.961] [main/DEBUG] [mixin/]: Registering mixin config: bakery-common.mixins.json
[18Sep2024 03:30:11.964] [main/DEBUG] [mixin/]: Registering mixin config: bakery.mixins.json
[18Sep2024 03:30:11.967] [main/DEBUG] [mixin/]: Adding mixin platform agents for container SecureJarResource(bookshelf)
[18Sep2024 03:30:11.967] [main/DEBUG] [mixin/]: Instancing new MixinPlatformAgentMinecraftForge for SecureJarResource(bookshelf)
[18Sep2024 03:30:11.968] [main/DEBUG] [mixin/]: MixinPlatformAgentMinecraftForge rejected container SecureJarResource(bookshelf)
[18Sep2024 03:30:11.968] [main/DEBUG] [mixin/]: Instancing new MixinPlatformAgentDefault for SecureJarResource(bookshelf)
[18Sep2024 03:30:11.968] [main/DEBUG] [mixin/]: MixinPlatformAgentDefault accepted container SecureJarResource(bookshelf)
[18Sep2024 03:30:11.968] [main/DEBUG] [mixin/]: Processing prepare() for PlatformAgent[MixinPlatformAgentDefault:SecureJarResource(bookshelf)]
[18Sep2024 03:30:11.968] [main/DEBUG] [mixin/]: Registering mixin config: bookshelf.common.mixins.json
[18Sep2024 03:30:11.970] [main/DEBUG] [mixin/]: Registering mixin config: bookshelf.forge.mixins.json
[18Sep2024 03:30:11.973] [main/DEBUG] [mixin/]: Adding mixin platform agents for container SecureJarResource(sophisticatedbackpacks)
[18Sep2024 03:30:11.973] [main/DEBUG] [mixin/]: Instancing new MixinPlatformAgentMinecraftForge for SecureJarResource(sophisticatedbackpacks)
[18Sep2024 03:30:11.974] [main/DEBUG] [mixin/]: MixinPlatformAgentMinecraftForge rejected container SecureJarResource(sophisticatedbackpacks)
[18Sep2024 03:30:11.974] [main/DEBUG] [mixin/]: Instancing new MixinPlatformAgentDefault for SecureJarResource(sophisticatedbackpacks)
[18Sep2024 03:30:11.974] [main/DEBUG] [mixin/]: MixinPlatformAgentDefault accepted container SecureJarResource(sophisticatedbackpacks)
[18Sep2024 03:30:11.974] [main/DEBUG] [mixin/]: Processing prepare() for PlatformAgent[MixinPlatformAgentDefault:SecureJarResource(sophisticatedbackpacks)]
[18Sep2024 03:30:11.974] [main/DEBUG] [mixin/]: Adding mixin platform agents for container SecureJarResource(twigs)
[18Sep2024 03:30:11.975] [main/DEBUG] [mixin/]: Instancing new MixinPlatformAgentMinecraftForge for SecureJarResource(twigs)
[18Sep2024 03:30:11.975] [main/DEBUG] [mixin/]: MixinPlatformAgentMinecraftForge rejected container SecureJarResource(twigs)
[18Sep2024 03:30:11.975] [main/DEBUG] [mixin/]: Instancing new MixinPlatformAgentDefault for SecureJarResource(twigs)
[18Sep2024 03:30:11.975] [main/DEBUG] [mixin/]: MixinPlatformAgentDefault accepted container SecureJarResource(twigs)
[18Sep2024 03:30:11.976] [main/DEBUG] [mixin/]: Processing prepare() for PlatformAgent[MixinPlatformAgentDefault:SecureJarResource(twigs)]
[18Sep2024 03:30:11.976] [main/DEBUG] [mixin/]: Registering mixin config: twigs.mixins.json
[18Sep2024 03:30:11.977] [main/DEBUG] [mixin/]: Adding mixin platform agents for container SecureJarResource(relics)
[18Sep2024 03:30:11.977] [main/DEBUG] [mixin/]: Instancing new MixinPlatformAgentMinecraftForge for SecureJarResource(relics)
[18Sep2024 03:30:11.978] [main/DEBUG] [mixin/]: MixinPlatformAgentMinecraftForge rejected container SecureJarResource(relics)
[18Sep2024 03:30:11.978] [main/DEBUG] [mixin/]: Instancing new MixinPlatformAgentDefault for SecureJarResource(relics)
[18Sep2024 03:30:11.978] [main/DEBUG] [mixin/]: MixinPlatformAgentDefault accepted container SecureJarResource(relics)
[18Sep2024 03:30:11.978] [main/DEBUG] [mixin/]: Processing prepare() for PlatformAgent[MixinPlatformAgentDefault:SecureJarResource(relics)]
[18Sep2024 03:30:11.978] [main/DEBUG] [mixin/]: Registering mixin config: relics.mixins.json
[18Sep2024 03:30:11.980] [main/DEBUG] [mixin/]: Compatibility level JAVA_8 specified by relics.mixins.json is lower than the default level supported by the current mixin service (JAVA_16).
[18Sep2024 03:30:11.980] [main/DEBUG] [mixin/]: Adding mixin platform agents for container SecureJarResource(progressivebosses)
[18Sep2024 03:30:11.980] [main/DEBUG] [mixin/]: Instancing new MixinPlatformAgentMinecraftForge for SecureJarResource(progressivebosses)
[18Sep2024 03:30:11.981] [main/DEBUG] [mixin/]: MixinPlatformAgentMinecraftForge rejected container SecureJarResource(progressivebosses)
[18Sep2024 03:30:11.981] [main/DEBUG] [mixin/]: Instancing new MixinPlatformAgentDefault for SecureJarResource(progressivebosses)
[18Sep2024 03:30:11.981] [main/DEBUG] [mixin/]: MixinPlatformAgentDefault accepted container SecureJarResource(progressivebosses)
[18Sep2024 03:30:11.981] [main/DEBUG] [mixin/]: Processing prepare() for PlatformAgent[MixinPlatformAgentDefault:SecureJarResource(progressivebosses)]
[18Sep2024 03:30:11.982] [main/DEBUG] [mixin/]: Registering mixin config: progressivebosses.mixins.json
[18Sep2024 03:30:11.984] [main/DEBUG] [mixin/]: Compatibility level JAVA_8 specified by progressivebosses.mixins.json is lower than the default level supported by the current mixin service (JAVA_16).
[18Sep2024 03:30:11.984] [main/DEBUG] [mixin/]: Adding mixin platform agents for container SecureJarResource(takesapillage)
[18Sep2024 03:30:11.985] [main/DEBUG] [mixin/]: Instancing new MixinPlatformAgentMinecraftForge for SecureJarResource(takesapillage)
[18Sep2024 03:30:11.985] [main/DEBUG] [mixin/]: MixinPlatformAgentMinecraftForge rejected container SecureJarResource(takesapillage)
[18Sep2024 03:30:11.985] [main/DEBUG] [mixin/]: Instancing new MixinPlatformAgentDefault for SecureJarResource(takesapillage)
[18Sep2024 03:30:11.985] [main/DEBUG] [mixin/]: MixinPlatformAgentDefault accepted container SecureJarResource(takesapillage)
[18Sep2024 03:30:11.986] [main/DEBUG] [mixin/]: Processing prepare() for PlatformAgent[MixinPlatformAgentDefault:SecureJarResource(takesapillage)]
[18Sep2024 03:30:11.986] [main/DEBUG] [mixin/]: Registering mixin config: takesapillage.mixins.json
[18Sep2024 03:30:11.987] [main/DEBUG] [mixin/]: Adding mixin platform agents for container SecureJarResource(bygonenether)
[18Sep2024 03:30:11.987] [main/DEBUG] [mixin/]: Instancing new MixinPlatformAgentMinecraftForge for SecureJarResource(bygonenether)
[18Sep2024 03:30:11.988] [main/DEBUG] [mixin/]: MixinPlatformAgentMinecraftForge rejected container SecureJarResource(bygonenether)
[18Sep2024 03:30:11.988] [main/DEBUG] [mixin/]: Instancing new MixinPlatformAgentDefault for SecureJarResource(bygonenether)
[18Sep2024 03:30:11.988] [main/DEBUG] [mixin/]: MixinPlatformAgentDefault accepted container SecureJarResource(bygonenether)
[18Sep2024 03:30:11.988] [main/DEBUG] [mixin/]: Processing prepare() for PlatformAgent[MixinPlatformAgentDefault:SecureJarResource(bygonenether)]
[18Sep2024 03:30:11.989] [main/DEBUG] [mixin/]: Registering mixin config: bygonenether.mixins.json
[18Sep2024 03:30:11.990] [main/DEBUG] [mixin/]: Adding mixin platform agents for container SecureJarResource(melody)
[18Sep2024 03:30:11.990] [main/DEBUG] [mixin/]: Instancing new MixinPlatformAgentMinecraftForge for SecureJarResource(melody)
[18Sep2024 03:30:11.990] [main/DEBUG] [mixin/]: MixinPlatformAgentMinecraftForge rejected container SecureJarResource(melody)
[18Sep2024 03:30:11.991] [main/DEBUG] [mixin/]: Instancing new MixinPlatformAgentDefault for SecureJarResource(melody)
[18Sep2024 03:30:11.991] [main/DEBUG] [mixin/]: MixinPlatformAgentDefault accepted container SecureJarResource(melody)
[18Sep2024 03:30:11.991] [main/DEBUG] [mixin/]: Processing prepare() for PlatformAgent[MixinPlatformAgentDefault:SecureJarResource(melody)]
[18Sep2024 03:30:11.991] [main/DEBUG] [mixin/]: Registering mixin config: melody.mixins.json
[18Sep2024 03:30:11.993] [main/DEBUG] [mixin/]: Registering mixin config: melody.forge.mixins.json
[18Sep2024 03:30:11.994] [main/DEBUG] [mixin/]: Adding mixin platform agents for container SecureJarResource(ftbteams)
[18Sep2024 03:30:11.994] [main/DEBUG] [mixin/]: Instancing new MixinPlatformAgentMinecraftForge for SecureJarResource(ftbteams)
[18Sep2024 03:30:11.995] [main/DEBUG] [mixin/]: MixinPlatformAgentMinecraftForge rejected container SecureJarResource(ftbteams)
[18Sep2024 03:30:11.995] [main/DEBUG] [mixin/]: Instancing new MixinPlatformAgentDefault for SecureJarResource(ftbteams)
[18Sep2024 03:30:11.995] [main/DEBUG] [mixin/]: MixinPlatformAgentDefault accepted container SecureJarResource(ftbteams)
[18Sep2024 03:30:11.995] [main/DEBUG] [mixin/]: Processing prepare() for PlatformAgent[MixinPlatformAgentDefault:SecureJarResource(ftbteams)]
[18Sep2024 03:30:11.996] [main/DEBUG] [mixin/]: Adding mixin platform agents for container SecureJarResource(dragonmounts)
[18Sep2024 03:30:11.996] [main/DEBUG] [mixin/]: Instancing new MixinPlatformAgentMinecraftForge for SecureJarResource(dragonmounts)
[18Sep2024 03:30:11.996] [main/DEBUG] [mixin/]: MixinPlatformAgentMinecraftForge rejected container SecureJarResource(dragonmounts)
[18Sep2024 03:30:11.996] [main/DEBUG] [mixin/]: Instancing new MixinPlatformAgentDefault for SecureJarResource(dragonmounts)
[18Sep2024 03:30:11.996] [main/DEBUG] [mixin/]: MixinPlatformAgentDefault accepted container SecureJarResource(dragonmounts)
[18Sep2024 03:30:11.997] [main/DEBUG] [mixin/]: Processing prepare() for PlatformAgent[MixinPlatformAgentDefault:SecureJarResource(dragonmounts)]
[18Sep2024 03:30:11.997] [main/DEBUG] [mixin/]: Registering mixin config: dragonmounts.mixins.json
[18Sep2024 03:30:11.998] [main/DEBUG] [mixin/]: Adding mixin platform agents for container SecureJarResource(dummmmmmy)
[18Sep2024 03:30:11.998] [main/DEBUG] [mixin/]: Instancing new MixinPlatformAgentMinecraftForge for SecureJarResource(dummmmmmy)
[18Sep2024 03:30:11.999] [main/DEBUG] [mixin/]: MixinPlatformAgentMinecraftForge rejected container SecureJarResource(dummmmmmy)
[18Sep2024 03:30:11.999] [main/DEBUG] [mixin/]: Instancing new MixinPlatformAgentDefault for SecureJarResource(dummmmmmy)
[18Sep2024 03:30:11.999] [main/DEBUG] [mixin/]: MixinPlatformAgentDefault accepted container SecureJarResource(dummmmmmy)
[18Sep2024 03:30:11.999] [main/DEBUG] [mixin/]: Processing prepare() for PlatformAgent[MixinPlatformAgentDefault:SecureJarResource(dummmmmmy)]
[18Sep2024 03:30:11.999] [main/DEBUG] [mixin/]: Registering mixin config: dummmmmmy-common.mixins.json
[18Sep2024 03:30:12.001] [main/DEBUG] [mixin/]: Registering mixin config: dummmmmmy.mixins.json
[18Sep2024 03:30:12.002] [main/DEBUG] [mixin/]: Compatibility level JAVA_16 specified by dummmmmmy.mixins.json is higher than the maximum level supported by this version of mixin (JAVA_13).
[18Sep2024 03:30:12.002] [main/DEBUG] [mixin/]: Adding mixin platform agents for container SecureJarResource(no_nv_flash)
[18Sep2024 03:30:12.003] [main/DEBUG] [mixin/]: Instancing new MixinPlatformAgentMinecraftForge for SecureJarResource(no_nv_flash)
[18Sep2024 03:30:12.003] [main/DEBUG] [mixin/]: MixinPlatformAgentMinecraftForge rejected container SecureJarResource(no_nv_flash)
[18Sep2024 03:30:12.003] [main/DEBUG] [mixin/]: Instancing new MixinPlatformAgentDefault for SecureJarResource(no_nv_flash)
[18Sep2024 03:30:12.003] [main/DEBUG] [mixin/]: MixinPlatformAgentDefault accepted container SecureJarResource(no_nv_flash)
[18Sep2024 03:30:12.004] [main/DEBUG] [mixin/]: Processing prepare() for PlatformAgent[MixinPlatformAgentDefault:SecureJarResource(no_nv_flash)]
[18Sep2024 03:30:12.004] [main/DEBUG] [mixin/]: Registering mixin config: mixins.nonvflash.json
[18Sep2024 03:30:12.006] [main/DEBUG] [mixin/]: Compatibility level JAVA_8 specified by mixins.nonvflash.json is lower than the default level supported by the current mixin service (JAVA_16).
[18Sep2024 03:30:12.007] [main/DEBUG] [mixin/]: Adding mixin platform agents for container SecureJarResource(twilightforest)
[18Sep2024 03:30:12.007] [main/DEBUG] [mixin/]: Instancing new MixinPlatformAgentMinecraftForge for SecureJarResource(twilightforest)
[18Sep2024 03:30:12.007] [main/DEBUG] [mixin/]: MixinPlatformAgentMinecraftForge rejected container SecureJarResource(twilightforest)
[18Sep2024 03:30:12.007] [main/DEBUG] [mixin/]: Instancing new MixinPlatformAgentDefault for SecureJarResource(twilightforest)
[18Sep2024 03:30:12.008] [main/DEBUG] [mixin/]: MixinPlatformAgentDefault accepted container SecureJarResource(twilightforest)
[18Sep2024 03:30:12.008] [main/DEBUG] [mixin/]: Processing prepare() for PlatformAgent[MixinPlatformAgentDefault:SecureJarResource(twilightforest)]
[18Sep2024 03:30:12.009] [main/DEBUG] [mixin/]: Adding mixin platform agents for container SecureJarResource(konkrete)
[18Sep2024 03:30:12.009] [main/DEBUG] [mixin/]: Instancing new MixinPlatformAgentMinecraftForge for SecureJarResource(konkrete)
[18Sep2024 03:30:12.009] [main/DEBUG] [mixin/]: MixinPlatformAgentMinecraftForge rejected container SecureJarResource(konkrete)
[18Sep2024 03:30:12.009] [main/DEBUG] [mixin/]: Instancing new MixinPlatformAgentDefault for SecureJarResource(konkrete)
[18Sep2024 03:30:12.010] [main/DEBUG] [mixin/]: MixinPlatformAgentDefault accepted container SecureJarResource(konkrete)
[18Sep2024 03:30:12.010] [main/DEBUG] [mixin/]: Processing prepare() for PlatformAgent[MixinPlatformAgentDefault:SecureJarResource(konkrete)]
[18Sep2024 03:30:12.010] [main/DEBUG] [mixin/]: Registering mixin config: konkrete.mixin.json
[18Sep2024 03:30:12.012] [main/DEBUG] [mixin/]: Adding mixin platform agents for container SecureJarResource(enemyexpansion)
[18Sep2024 03:30:12.012] [main/DEBUG] [mixin/]: Instancing new MixinPlatformAgentMinecraftForge for SecureJarResource(enemyexpansion)
[18Sep2024 03:30:12.012] [main/DEBUG] [mixin/]: MixinPlatformAgentMinecraftForge rejected container SecureJarResource(enemyexpansion)
[18Sep2024 03:30:12.013] [main/DEBUG] [mixin/]: Instancing new MixinPlatformAgentDefault for SecureJarResource(enemyexpansion)
[18Sep2024 03:30:12.013] [main/DEBUG] [mixin/]: MixinPlatformAgentDefault accepted container SecureJarResource(enemyexpansion)
[18Sep2024 03:30:12.013] [main/DEBUG] [mixin/]: Processing prepare() for PlatformAgent[MixinPlatformAgentDefault:SecureJarResource(enemyexpansion)]
[18Sep2024 03:30:12.013] [main/DEBUG] [mixin/]: Adding mixin platform agents for container SecureJarResource(collectionofsingiro)
[18Sep2024 03:30:12.013] [main/DEBUG] [mixin/]: Instancing new MixinPlatformAgentMinecraftForge for SecureJarResource(collectionofsingiro)
[18Sep2024 03:30:12.014] [main/DEBUG] [mixin/]: MixinPlatformAgentMinecraftForge rejected container SecureJarResource(collectionofsingiro)
[18Sep2024 03:30:12.014] [main/DEBUG] [mixin/]: Instancing new MixinPlatformAgentDefault for SecureJarResource(collectionofsingiro)
[18Sep2024 03:30:12.014] [main/DEBUG] [mixin/]: MixinPlatformAgentDefault accepted container SecureJarResource(collectionofsingiro)
[18Sep2024 03:30:12.014] [main/DEBUG] [mixin/]: Processing prepare() for PlatformAgent[MixinPlatformAgentDefault:SecureJarResource(collectionofsingiro)]
[18Sep2024 03:30:12.015] [main/DEBUG] [mixin/]: Adding mixin platform agents for container SecureJarResource(farmersdelight)
[18Sep2024 03:30:12.015] [main/DEBUG] [mixin/]: Instancing new MixinPlatformAgentMinecraftForge for SecureJarResource(farmersdelight)
[18Sep2024 03:30:12.015] [main/DEBUG] [mixin/]: MixinPlatformAgentMinecraftForge rejected container SecureJarResource(farmersdelight)
[18Sep2024 03:30:12.015] [main/DEBUG] [mixin/]: Instancing new MixinPlatformAgentDefault for SecureJarResource(farmersdelight)
[18Sep2024 03:30:12.015] [main/DEBUG] [mixin/]: MixinPlatformAgentDefault accepted container SecureJarResource(farmersdelight)
[18Sep2024 03:30:12.016] [main/DEBUG] [mixin/]: Processing prepare() for PlatformAgent[MixinPlatformAgentDefault:SecureJarResource(farmersdelight)]
[18Sep2024 03:30:12.016] [main/DEBUG] [mixin/]: Registering mixin config: farmersdelight.mixins.json
[18Sep2024 03:30:12.017] [main/DEBUG] [mixin/]: Adding mixin platform agents for container SecureJarResource(getittogetherdrops)
[18Sep2024 03:30:12.018] [main/DEBUG] [mixin/]: Instancing new MixinPlatformAgentMinecraftForge for SecureJarResource(getittogetherdrops)
[18Sep2024 03:30:12.018] [main/DEBUG] [mixin/]: MixinPlatformAgentMinecraftForge rejected container SecureJarResource(getittogetherdrops)
[18Sep2024 03:30:12.018] [main/DEBUG] [mixin/]: Instancing new MixinPlatformAgentDefault for SecureJarResource(getittogetherdrops)
[18Sep2024 03:30:12.018] [main/DEBUG] [mixin/]: MixinPlatformAgentDefault accepted container SecureJarResource(getittogetherdrops)
[18Sep2024 03:30:12.019] [main/DEBUG] [mixin/]: Processing prepare() for PlatformAgent[MixinPlatformAgentDefault:SecureJarResource(getittogetherdrops)]
[18Sep2024 03:30:12.019] [main/DEBUG] [mixin/]: Registering mixin config: getittogetherdrops.mixins.json
[18Sep2024 03:30:12.022] [main/DEBUG] [mixin/]: Adding mixin platform agents for container SecureJarResource(endrem)
[18Sep2024 03:30:12.022] [main/DEBUG] [mixin/]: Instancing new MixinPlatformAgentMinecraftForge for SecureJarResource(endrem)
[18Sep2024 03:30:12.022] [main/DEBUG] [mixin/]: MixinPlatformAgentMinecraftForge rejected container SecureJarResource(endrem)
[18Sep2024 03:30:12.022] [main/DEBUG] [mixin/]: Instancing new MixinPlatformAgentDefault for SecureJarResource(endrem)
[18Sep2024 03:30:12.023] [main/DEBUG] [mixin/]: MixinPlatformAgentDefault accepted container SecureJarResource(endrem)
[18Sep2024 03:30:12.023] [main/DEBUG] [mixin/]: Processing prepare() for PlatformAgent[MixinPlatformAgentDefault:SecureJarResource(endrem)]
[18Sep2024 03:30:12.023] [main/DEBUG] [mixin/]: Registering mixin config: endrem.mixins.json
[18Sep2024 03:30:12.025] [main/DEBUG] [mixin/]: Adding mixin platform agents for container SecureJarResource(dungeons_enhanced)
[18Sep2024 03:30:12.025] [main/DEBUG] [mixin/]: Instancing new MixinPlatformAgentMinecraftForge for SecureJarResource(dungeons_enhanced)
[18Sep2024 03:30:12.026] [main/DEBUG] [mixin/]: MixinPlatformAgentMinecraftForge rejected container SecureJarResource(dungeons_enhanced)
[18Sep2024 03:30:12.026] [main/DEBUG] [mixin/]: Instancing new MixinPlatformAgentDefault for SecureJarResource(dungeons_enhanced)
[18Sep2024 03:30:12.026] [main/DEBUG] [mixin/]: MixinPlatformAgentDefault accepted container SecureJarResource(dungeons_enhanced)
[18Sep2024 03:30:12.026] [main/DEBUG] [mixin/]: Processing prepare() for PlatformAgent[MixinPlatformAgentDefault:SecureJarResource(dungeons_enhanced)]
[18Sep2024 03:30:12.026] [main/DEBUG] [mixin/]: Adding mixin platform agents for container SecureJarResource(lionfishapi)
[18Sep2024 03:30:12.027] [main/DEBUG] [mixin/]: Instancing new MixinPlatformAgentMinecraftForge for SecureJarResource(lionfishapi)
[18Sep2024 03:30:12.027] [main/DEBUG] [mixin/]: MixinPlatformAgentMinecraftForge rejected container SecureJarResource(lionfishapi)
[18Sep2024 03:30:12.027] [main/DEBUG] [mixin/]: Instancing new MixinPlatformAgentDefault for SecureJarResource(lionfishapi)
[18Sep2024 03:30:12.027] [main/DEBUG] [mixin/]: MixinPlatformAgentDefault accepted container SecureJarResource(lionfishapi)
[18Sep2024 03:30:12.028] [main/DEBUG] [mixin/]: Processing prepare() for PlatformAgent[MixinPlatformAgentDefault:SecureJarResource(lionfishapi)]
[18Sep2024 03:30:12.028] [main/DEBUG] [mixin/]: Registering mixin config: lionfishapi.mixins.json
[18Sep2024 03:30:12.030] [main/DEBUG] [mixin/]: Adding mixin platform agents for container SecureJarResource(cataclysm)
[18Sep2024 03:30:12.030] [main/DEBUG] [mixin/]: Instancing new MixinPlatformAgentMinecraftForge for SecureJarResource(cataclysm)
[18Sep2024 03:30:12.030] [main/DEBUG] [mixin/]: MixinPlatformAgentMinecraftForge rejected container SecureJarResource(cataclysm)
[18Sep2024 03:30:12.030] [main/DEBUG] [mixin/]: Instancing new MixinPlatformAgentDefault for SecureJarResource(cataclysm)
[18Sep2024 03:30:12.030] [main/DEBUG] [mixin/]: MixinPlatformAgentDefault accepted container SecureJarResource(cataclysm)
[18Sep2024 03:30:12.031] [main/DEBUG] [mixin/]: Processing prepare() for PlatformAgent[MixinPlatformAgentDefault:SecureJarResource(cataclysm)]
[18Sep2024 03:30:12.031] [main/DEBUG] [mixin/]: Registering mixin config: cataclysm.mixins.json
[18Sep2024 03:30:12.033] [main/DEBUG] [mixin/]: Adding mixin platform agents for container SecureJarResource(patchouli)
[18Sep2024 03:30:12.033] [main/DEBUG] [mixin/]: Instancing new MixinPlatformAgentMinecraftForge for SecureJarResource(patchouli)
[18Sep2024 03:30:12.033] [main/DEBUG] [mixin/]: MixinPlatformAgentMinecraftForge rejected container SecureJarResource(patchouli)
[18Sep2024 03:30:12.033] [main/DEBUG] [mixin/]: Instancing new MixinPlatformAgentDefault for SecureJarResource(patchouli)
[18Sep2024 03:30:12.033] [main/DEBUG] [mixin/]: MixinPlatformAgentDefault accepted container SecureJarResource(patchouli)
[18Sep2024 03:30:12.034] [main/DEBUG] [mixin/]: Processing prepare() for PlatformAgent[MixinPlatformAgentDefault:SecureJarResource(patchouli)]
[18Sep2024 03:30:12.034] [main/DEBUG] [mixin/]: Registering mixin config: patchouli_xplat.mixins.json
[18Sep2024 03:30:12.035] [main/DEBUG] [mixin/]: Adding mixin platform agents for container SecureJarResource(cullleaves)
[18Sep2024 03:30:12.036] [main/DEBUG] [mixin/]: Instancing new MixinPlatformAgentMinecraftForge for SecureJarResource(cullleaves)
[18Sep2024 03:30:12.036] [main/DEBUG] [mixin/]: MixinPlatformAgentMinecraftForge rejected container SecureJarResource(cullleaves)
[18Sep2024 03:30:12.036] [main/DEBUG] [mixin/]: Instancing new MixinPlatformAgentDefault for SecureJarResource(cullleaves)
[18Sep2024 03:30:12.036] [main/DEBUG] [mixin/]: MixinPlatformAgentDefault accepted container SecureJarResource(cullleaves)
[18Sep2024 03:30:12.036] [main/DEBUG] [mixin/]: Processing prepare() for PlatformAgent[MixinPlatformAgentDefault:SecureJarResource(cullleaves)]
[18Sep2024 03:30:12.037] [main/DEBUG] [mixin/]: Registering mixin config: cullleaves.mixins.json
[18Sep2024 03:30:12.039] [main/DEBUG] [mixin/]: Adding mixin platform agents for container SecureJarResource(origins_classes)
[18Sep2024 03:30:12.040] [main/DEBUG] [mixin/]: Instancing new MixinPlatformAgentMinecraftForge for SecureJarResource(origins_classes)
[18Sep2024 03:30:12.040] [main/DEBUG] [mixin/]: MixinPlatformAgentMinecraftForge rejected container SecureJarResource(origins_classes)
[18Sep2024 03:30:12.040] [main/DEBUG] [mixin/]: Instancing new MixinPlatformAgentDefault for SecureJarResource(origins_classes)
[18Sep2024 03:30:12.040] [main/DEBUG] [mixin/]: MixinPlatformAgentDefault accepted container SecureJarResource(origins_classes)
[18Sep2024 03:30:12.041] [main/DEBUG] [mixin/]: Processing prepare() for PlatformAgent[MixinPlatformAgentDefault:SecureJarResource(origins_classes)]
[18Sep2024 03:30:12.041] [main/DEBUG] [mixin/]: Registering mixin config: origins_classes.mixins.json
[18Sep2024 03:30:12.043] [main/DEBUG] [mixin/]: Adding mixin platform agents for container SecureJarResource(betterthirdperson)
[18Sep2024 03:30:12.044] [main/DEBUG] [mixin/]: Instancing new MixinPlatformAgentMinecraftForge for SecureJarResource(betterthirdperson)
[18Sep2024 03:30:12.044] [main/DEBUG] [mixin/]: MixinPlatformAgentMinecraftForge rejected container SecureJarResource(betterthirdperson)
[18Sep2024 03:30:12.044] [main/DEBUG] [mixin/]: Instancing new MixinPlatformAgentDefault for SecureJarResource(betterthirdperson)
[18Sep2024 03:30:12.044] [main/DEBUG] [mixin/]: MixinPlatformAgentDefault accepted container SecureJarResource(betterthirdperson)
[18Sep2024 03:30:12.045] [main/DEBUG] [mixin/]: Processing prepare() for PlatformAgent[MixinPlatformAgentDefault:SecureJarResource(betterthirdperson)]
[18Sep2024 03:30:12.045] [main/DEBUG] [mixin/]: Registering mixin config: betterthirdperson.mixins.json
[18Sep2024 03:30:12.046] [main/DEBUG] [mixin/]: Compatibility level JAVA_16 specified by betterthirdperson.mixins.json is higher than the maximum level supported by this version of mixin (JAVA_13).
[18Sep2024 03:30:12.047] [main/DEBUG] [mixin/]: Adding mixin platform agents for container SecureJarResource(ftbultimine)
[18Sep2024 03:30:12.047] [main/DEBUG] [mixin/]: Instancing new MixinPlatformAgentMinecraftForge for SecureJarResource(ftbultimine)
[18Sep2024 03:30:12.047] [main/DEBUG] [mixin/]: MixinPlatformAgentMinecraftForge rejected container SecureJarResource(ftbultimine)
[18Sep2024 03:30:12.047] [main/DEBUG] [mixin/]: Instancing new MixinPlatformAgentDefault for SecureJarResource(ftbultimine)
[18Sep2024 03:30:12.048] [main/DEBUG] [mixin/]: MixinPlatformAgentDefault accepted container SecureJarResource(ftbultimine)
[18Sep2024 03:30:12.048] [main/DEBUG] [mixin/]: Processing prepare() for PlatformAgent[MixinPlatformAgentDefault:SecureJarResource(ftbultimine)]
[18Sep2024 03:30:12.048] [main/DEBUG] [mixin/]: Registering mixin config: ftbultimine-common.mixins.json
[18Sep2024 03:30:12.050] [main/DEBUG] [mixin/]: Compatibility level JAVA_8 specified by ftbultimine-common.mixins.json is lower than the default level supported by the current mixin service (JAVA_16).
[18Sep2024 03:30:12.051] [main/DEBUG] [mixin/]: Adding mixin platform agents for container SecureJarResource(nightconfigfixes)
[18Sep2024 03:30:12.051] [main/DEBUG] [mixin/]: Instancing new MixinPlatformAgentMinecraftForge for SecureJarResource(nightconfigfixes)
[18Sep2024 03:30:12.051] [main/DEBUG] [mixin/]: MixinPlatformAgentMinecraftForge rejected container SecureJarResource(nightconfigfixes)
[18Sep2024 03:30:12.051] [main/DEBUG] [mixin/]: Instancing new MixinPlatformAgentDefault for SecureJarResource(nightconfigfixes)
[18Sep2024 03:30:12.051] [main/DEBUG] [mixin/]: MixinPlatformAgentDefault accepted container SecureJarResource(nightconfigfixes)
[18Sep2024 03:30:12.052] [main/DEBUG] [mixin/]: Processing prepare() for PlatformAgent[MixinPlatformAgentDefault:SecureJarResource(nightconfigfixes)]
[18Sep2024 03:30:12.052] [main/DEBUG] [mixin/]: Registering mixin config: nightconfigfixes.forge.mixins.json
[18Sep2024 03:30:12.054] [main/DEBUG] [mixin/]: Adding mixin platform agents for container SecureJarResource(betterstrongholds)
[18Sep2024 03:30:12.054] [main/DEBUG] [mixin/]: Instancing new MixinPlatformAgentMinecraftForge for SecureJarResource(betterstrongholds)
[18Sep2024 03:30:12.054] [main/DEBUG] [mixin/]: MixinPlatformAgentMinecraftForge rejected container SecureJarResource(betterstrongholds)
[18Sep2024 03:30:12.054] [main/DEBUG] [mixin/]: Instancing new MixinPlatformAgentDefault for SecureJarResource(betterstrongholds)
[18Sep2024 03:30:12.055] [main/DEBUG] [mixin/]: MixinPlatformAgentDefault accepted container SecureJarResource(betterstrongholds)
[18Sep2024 03:30:12.055] [main/DEBUG] [mixin/]: Processing prepare() for PlatformAgent[MixinPlatformAgentDefault:SecureJarResource(betterstrongholds)]
[18Sep2024 03:30:12.055] [main/DEBUG] [mixin/]: Registering mixin config: betterstrongholds.mixins.json
[18Sep2024 03:30:12.057] [main/DEBUG] [mixin/]: Registering mixin config: betterstrongholds_forge.mixins.json
[18Sep2024 03:30:12.058] [main/DEBUG] [mixin/]: Adding mixin platform agents for container SecureJarResource(enigmaticlegacy)
[18Sep2024 03:30:12.059] [main/DEBUG] [mixin/]: Instancing new MixinPlatformAgentMinecraftForge for SecureJarResource(enigmaticlegacy)
[18Sep2024 03:30:12.059] [main/DEBUG] [mixin/]: MixinPlatformAgentMinecraftForge rejected container SecureJarResource(enigmaticlegacy)
[18Sep2024 03:30:12.059] [main/DEBUG] [mixin/]: Instancing new MixinPlatformAgentDefault for SecureJarResource(enigmaticlegacy)
[18Sep2024 03:30:12.059] [main/DEBUG] [mixin/]: MixinPlatformAgentDefault accepted container SecureJarResource(enigmaticlegacy)
[18Sep2024 03:30:12.059] [main/DEBUG] [mixin/]: Processing prepare() for PlatformAgent[MixinPlatformAgentDefault:SecureJarResource(enigmaticlegacy)]
[18Sep2024 03:30:12.060] [main/DEBUG] [mixin/]: Adding mixin platform agents for container SecureJarResource(architectury)
[18Sep2024 03:30:12.060] [main/DEBUG] [mixin/]: Instancing new MixinPlatformAgentMinecraftForge for SecureJarResource(architectury)
[18Sep2024 03:30:12.060] [main/DEBUG] [mixin/]: MixinPlatformAgentMinecraftForge rejected container SecureJarResource(architectury)
[18Sep2024 03:30:12.060] [main/DEBUG] [mixin/]: Instancing new MixinPlatformAgentDefault for SecureJarResource(architectury)
[18Sep2024 03:30:12.061] [main/DEBUG] [mixin/]: MixinPlatformAgentDefault accepted container SecureJarResource(architectury)
[18Sep2024 03:30:12.061] [main/DEBUG] [mixin/]: Processing prepare() for PlatformAgent[MixinPlatformAgentDefault:SecureJarResource(architectury)]
[18Sep2024 03:30:12.061] [main/DEBUG] [mixin/]: Registering mixin config: architectury.mixins.json
[18Sep2024 03:30:12.064] [main/DEBUG] [mixin/]: Compatibility level JAVA_16 specified by architectury.mixins.json is higher than the maximum level supported by this version of mixin (JAVA_13).
[18Sep2024 03:30:12.064] [main/DEBUG] [mixin/]: Registering mixin config: architectury-common.mixins.json
[18Sep2024 03:30:12.066] [main/DEBUG] [mixin/]: Compatibility level JAVA_16 specified by architectury-common.mixins.json is higher than the maximum level supported by this version of mixin (JAVA_13).
[18Sep2024 03:30:12.067] [main/DEBUG] [mixin/]: Adding mixin platform agents for container SecureJarResource(aiimprovements)
[18Sep2024 03:30:12.067] [main/DEBUG] [mixin/]: Instancing new MixinPlatformAgentMinecraftForge for SecureJarResource(aiimprovements)
[18Sep2024 03:30:12.067] [main/DEBUG] [mixin/]: MixinPlatformAgentMinecraftForge rejected container SecureJarResource(aiimprovements)
[18Sep2024 03:30:12.067] [main/DEBUG] [mixin/]: Instancing new MixinPlatformAgentDefault for SecureJarResource(aiimprovements)
[18Sep2024 03:30:12.068] [main/DEBUG] [mixin/]: MixinPlatformAgentDefault accepted container SecureJarResource(aiimprovements)
[18Sep2024 03:30:12.068] [main/DEBUG] [mixin/]: Processing prepare() for PlatformAgent[MixinPlatformAgentDefault:SecureJarResource(aiimprovements)]
[18Sep2024 03:30:12.068] [main/DEBUG] [mixin/]: Adding mixin platform agents for container SecureJarResource(cupboard)
[18Sep2024 03:30:12.068] [main/DEBUG] [mixin/]: Instancing new MixinPlatformAgentMinecraftForge for SecureJarResource(cupboard)
[18Sep2024 03:30:12.069] [main/DEBUG] [mixin/]: MixinPlatformAgentMinecraftForge rejected container SecureJarResource(cupboard)
[18Sep2024 03:30:12.069] [main/DEBUG] [mixin/]: Instancing new MixinPlatformAgentDefault for SecureJarResource(cupboard)
[18Sep2024 03:30:12.069] [main/DEBUG] [mixin/]: MixinPlatformAgentDefault accepted container SecureJarResource(cupboard)
[18Sep2024 03:30:12.069] [main/DEBUG] [mixin/]: Processing prepare() for PlatformAgent[MixinPlatformAgentDefault:SecureJarResource(cupboard)]
[18Sep2024 03:30:12.070] [main/DEBUG] [mixin/]: Registering mixin config: cupboard.mixins.json
[18Sep2024 03:30:12.071] [main/DEBUG] [mixin/]: Adding mixin platform agents for container SecureJarResource(smallships)
[18Sep2024 03:30:12.071] [main/DEBUG] [mixin/]: Instancing new MixinPlatformAgentMinecraftForge for SecureJarResource(smallships)
[18Sep2024 03:30:12.072] [main/DEBUG] [mixin/]: MixinPlatformAgentMinecraftForge rejected container SecureJarResource(smallships)
[18Sep2024 03:30:12.072] [main/DEBUG] [mixin/]: Instancing new MixinPlatformAgentDefault for SecureJarResource(smallships)
[18Sep2024 03:30:12.072] [main/DEBUG] [mixin/]: MixinPlatformAgentDefault accepted container SecureJarResource(smallships)
[18Sep2024 03:30:12.072] [main/DEBUG] [mixin/]: Processing prepare() for PlatformAgent[MixinPlatformAgentDefault:SecureJarResource(smallships)]
[18Sep2024 03:30:12.072] [main/DEBUG] [mixin/]: Registering mixin config: smallships-common.mixins.json
[18Sep2024 03:30:12.074] [main/DEBUG] [mixin/]: Registering mixin config: smallships-common-soft.mixins.json
[18Sep2024 03:30:12.075] [main/DEBUG] [mixin/]: Registering mixin config: smallships.mixins.json
[18Sep2024 03:30:12.078] [main/DEBUG] [mixin/]: Adding mixin platform agents for container SecureJarResource(letmedespawn)
[18Sep2024 03:30:12.078] [main/DEBUG] [mixin/]: Instancing new MixinPlatformAgentMinecraftForge for SecureJarResource(letmedespawn)
[18Sep2024 03:30:12.078] [main/DEBUG] [mixin/]: MixinPlatformAgentMinecraftForge rejected container SecureJarResource(letmedespawn)
[18Sep2024 03:30:12.078] [main/DEBUG] [mixin/]: Instancing new MixinPlatformAgentDefault for SecureJarResource(letmedespawn)
[18Sep2024 03:30:12.078] [main/DEBUG] [mixin/]: MixinPlatformAgentDefault accepted container SecureJarResource(letmedespawn)
[18Sep2024 03:30:12.079] [main/DEBUG] [mixin/]: Processing prepare() for PlatformAgent[MixinPlatformAgentDefault:SecureJarResource(letmedespawn)]
[18Sep2024 03:30:12.079] [main/DEBUG] [mixin/]: Registering mixin config: letmedespawn.mixins.json
[18Sep2024 03:30:12.080] [main/DEBUG] [mixin/]: Adding mixin platform agents for container SecureJarResource(t_and_t)
[18Sep2024 03:30:12.081] [main/DEBUG] [mixin/]: Instancing new MixinPlatformAgentMinecraftForge for SecureJarResource(t_and_t)
[18Sep2024 03:30:12.081] [main/DEBUG] [mixin/]: MixinPlatformAgentMinecraftForge rejected container SecureJarResource(t_and_t)
[18Sep2024 03:30:12.081] [main/DEBUG] [mixin/]: Instancing new MixinPlatformAgentDefault for SecureJarResource(t_and_t)
[18Sep2024 03:30:12.081] [main/DEBUG] [mixin/]: MixinPlatformAgentDefault accepted container SecureJarResource(t_and_t)
[18Sep2024 03:30:12.082] [main/DEBUG] [mixin/]: Processing prepare() for PlatformAgent[MixinPlatformAgentDefault:SecureJarResource(t_and_t)]
[18Sep2024 03:30:12.082] [main/DEBUG] [mixin/]: Registering mixin config: t_and_t.mixins.json
[18Sep2024 03:30:12.083] [main/DEBUG] [mixin/]: Adding mixin platform agents for container SecureJarResource(toomanyglyphs)
[18Sep2024 03:30:12.083] [main/DEBUG] [mixin/]: Instancing new MixinPlatformAgentMinecraftForge for SecureJarResource(toomanyglyphs)
[18Sep2024 03:30:12.084] [main/DEBUG] [mixin/]: MixinPlatformAgentMinecraftForge rejected container SecureJarResource(toomanyglyphs)
[18Sep2024 03:30:12.084] [main/DEBUG] [mixin/]: Instancing new MixinPlatformAgentDefault for SecureJarResource(toomanyglyphs)
[18Sep2024 03:30:12.084] [main/DEBUG] [mixin/]: MixinPlatformAgentDefault accepted container SecureJarResource(toomanyglyphs)
[18Sep2024 03:30:12.084] [main/DEBUG] [mixin/]: Processing prepare() for PlatformAgent[MixinPlatformAgentDefault:SecureJarResource(toomanyglyphs)]
[18Sep2024 03:30:12.084] [main/DEBUG] [mixin/]: Registering mixin config: toomanyglyphs.mixins.json
[18Sep2024 03:30:12.088] [main/DEBUG] [mixin/]: Adding mixin platform agents for container SecureJarResource(yeetusexperimentus)
[18Sep2024 03:30:12.088] [main/DEBUG] [mixin/]: Instancing new MixinPlatformAgentMinecraftForge for SecureJarResource(yeetusexperimentus)
[18Sep2024 03:30:12.088] [main/DEBUG] [mixin/]: MixinPlatformAgentMinecraftForge rejected container SecureJarResource(yeetusexperimentus)
[18Sep2024 03:30:12.088] [main/DEBUG] [mixin/]: Instancing new MixinPlatformAgentDefault for SecureJarResource(yeetusexperimentus)
[18Sep2024 03:30:12.088] [main/DEBUG] [mixin/]: MixinPlatformAgentDefault accepted container SecureJarResource(yeetusexperimentus)
[18Sep2024 03:30:12.089] [main/DEBUG] [mixin/]: Processing prepare() for PlatformAgent[MixinPlatformAgentDefault:SecureJarResource(yeetusexperimentus)]
[18Sep2024 03:30:12.089] [main/DEBUG] [mixin/]: Registering mixin config: yeetusexperimentus.mixins.json
[18Sep2024 03:30:12.090] [main/DEBUG] [mixin/]: Adding mixin platform agents for container SecureJarResource(dreadsteel)
[18Sep2024 03:30:12.091] [main/DEBUG] [mixin/]: Instancing new MixinPlatformAgentMinecraftForge for SecureJarResource(dreadsteel)
[18Sep2024 03:30:12.091] [main/DEBUG] [mixin/]: MixinPlatformAgentMinecraftForge rejected container SecureJarResource(dreadsteel)
[18Sep2024 03:30:12.091] [main/DEBUG] [mixin/]: Instancing new MixinPlatformAgentDefault for SecureJarResource(dreadsteel)
[18Sep2024 03:30:12.091] [main/DEBUG] [mixin/]: MixinPlatformAgentDefault accepted container SecureJarResource(dreadsteel)
[18Sep2024 03:30:12.091] [main/DEBUG] [mixin/]: Processing prepare() for PlatformAgent[MixinPlatformAgentDefault:SecureJarResource(dreadsteel)]
[18Sep2024 03:30:12.092] [main/DEBUG] [mixin/]: Adding mixin platform agents for container SecureJarResource(betteradvancements)
[18Sep2024 03:30:12.092] [main/DEBUG] [mixin/]: Instancing new MixinPlatformAgentMinecraftForge for SecureJarResource(betteradvancements)
[18Sep2024 03:30:12.092] [main/DEBUG] [mixin/]: MixinPlatformAgentMinecraftForge rejected container SecureJarResource(betteradvancements)
[18Sep2024 03:30:12.092] [main/DEBUG] [mixin/]: Instancing new MixinPlatformAgentDefault for SecureJarResource(betteradvancements)
[18Sep2024 03:30:12.093] [main/DEBUG] [mixin/]: MixinPlatformAgentDefault accepted container SecureJarResource(betteradvancements)
[18Sep2024 03:30:12.093] [main/DEBUG] [mixin/]: Processing prepare() for PlatformAgent[MixinPlatformAgentDefault:SecureJarResource(betteradvancements)]
[18Sep2024 03:30:12.093] [main/DEBUG] [mixin/]: Adding mixin platform agents for container SecureJarResource(majruszsaccessories)
[18Sep2024 03:30:12.093] [main/DEBUG] [mixin/]: Instancing new MixinPlatformAgentMinecraftForge for SecureJarResource(majruszsaccessories)
[18Sep2024 03:30:12.093] [main/DEBUG] [mixin/]: MixinPlatformAgentMinecraftForge rejected container SecureJarResource(majruszsaccessories)
[18Sep2024 03:30:12.094] [main/DEBUG] [mixin/]: Instancing new MixinPlatformAgentDefault for SecureJarResource(majruszsaccessories)
[18Sep2024 03:30:12.094] [main/DEBUG] [mixin/]: MixinPlatformAgentDefault accepted container SecureJarResource(majruszsaccessories)
[18Sep2024 03:30:12.094] [main/DEBUG] [mixin/]: Processing prepare() for PlatformAgent[MixinPlatformAgentDefault:SecureJarResource(majruszsaccessories)]
[18Sep2024 03:30:12.094] [main/DEBUG] [mixin/]: Registering mixin config: majruszsaccessories-common.mixins.json
[18Sep2024 03:30:12.096] [main/DEBUG] [mixin/]: Adding mixin platform agents for container SecureJarResource(bhmenu)
[18Sep2024 03:30:12.096] [main/DEBUG] [mixin/]: Instancing new MixinPlatformAgentMinecraftForge for SecureJarResource(bhmenu)
[18Sep2024 03:30:12.097] [main/DEBUG] [mixin/]: MixinPlatformAgentMinecraftForge rejected container SecureJarResource(bhmenu)
[18Sep2024 03:30:12.097] [main/DEBUG] [mixin/]: Instancing new MixinPlatformAgentDefault for SecureJarResource(bhmenu)
[18Sep2024 03:30:12.097] [main/DEBUG] [mixin/]: MixinPlatformAgentDefault accepted container SecureJarResource(bhmenu)
[18Sep2024 03:30:12.097] [main/DEBUG] [mixin/]: Processing prepare() for PlatformAgent[MixinPlatformAgentDefault:SecureJarResource(bhmenu)]
[18Sep2024 03:30:12.098] [main/DEBUG] [mixin/]: Registering mixin config: bhmenu.mixins.json
[18Sep2024 03:30:12.099] [main/DEBUG] [mixin/]: Compatibility level JAVA_16 specified by bhmenu.mixins.json is higher than the maximum level supported by this version of mixin (JAVA_13).
[18Sep2024 03:30:12.099] [main/DEBUG] [mixin/]: Adding mixin platform agents for container SecureJarResource(inventorysorter)
[18Sep2024 03:30:12.099] [main/DEBUG] [mixin/]: Instancing new MixinPlatformAgentMinecraftForge for SecureJarResource(inventorysorter)
[18Sep2024 03:30:12.100] [main/DEBUG] [mixin/]: MixinPlatformAgentMinecraftForge rejected container SecureJarResource(inventorysorter)
[18Sep2024 03:30:12.100] [main/DEBUG] [mixin/]: Instancing new MixinPlatformAgentDefault for SecureJarResource(inventorysorter)
[18Sep2024 03:30:12.100] [main/DEBUG] [mixin/]: MixinPlatformAgentDefault accepted container SecureJarResource(inventorysorter)
[18Sep2024 03:30:12.100] [main/DEBUG] [mixin/]: Processing prepare() for PlatformAgent[MixinPlatformAgentDefault:SecureJarResource(inventorysorter)]
[18Sep2024 03:30:12.101] [main/DEBUG] [mixin/]: Adding mixin platform agents for container SecureJarResource(rhino)
[18Sep2024 03:30:12.101] [main/DEBUG] [mixin/]: Instancing new MixinPlatformAgentMinecraftForge for SecureJarResource(rhino)
[18Sep2024 03:30:12.101] [main/DEBUG] [mixin/]: MixinPlatformAgentMinecraftForge rejected container SecureJarResource(rhino)
[18Sep2024 03:30:12.101] [main/DEBUG] [mixin/]: Instancing new MixinPlatformAgentDefault for SecureJarResource(rhino)
[18Sep2024 03:30:12.101] [main/DEBUG] [mixin/]: MixinPlatformAgentDefault accepted container SecureJarResource(rhino)
[18Sep2024 03:30:12.102] [main/DEBUG] [mixin/]: Processing prepare() for PlatformAgent[MixinPlatformAgentDefault:SecureJarResource(rhino)]
[18Sep2024 03:30:12.102] [main/DEBUG] [mixin/]: Registering mixin config: rhino-common.mixins.json
[18Sep2024 03:30:12.103] [main/DEBUG] [mixin/]: Adding mixin platform agents for container SecureJarResource(octolib)
[18Sep2024 03:30:12.104] [main/DEBUG] [mixin/]: Instancing new MixinPlatformAgentMinecraftForge for SecureJarResource(octolib)
[18Sep2024 03:30:12.104] [main/DEBUG] [mixin/]: MixinPlatformAgentMinecraftForge rejected container SecureJarResource(octolib)
[18Sep2024 03:30:12.104] [main/DEBUG] [mixin/]: Instancing new MixinPlatformAgentDefault for SecureJarResource(octolib)
[18Sep2024 03:30:12.104] [main/DEBUG] [mixin/]: MixinPlatformAgentDefault accepted container SecureJarResource(octolib)
[18Sep2024 03:30:12.104] [main/DEBUG] [mixin/]: Processing prepare() for PlatformAgent[MixinPlatformAgentDefault:SecureJarResource(octolib)]
[18Sep2024 03:30:12.105] [main/DEBUG] [mixin/]: Registering mixin config: octolib.mixins.json
[18Sep2024 03:30:12.107] [main/DEBUG] [mixin/]: Compatibility level JAVA_8 specified by octolib.mixins.json is lower than the default level supported by the current mixin service (JAVA_16).
[18Sep2024 03:30:12.107] [main/DEBUG] [mixin/]: Adding mixin platform agents for container SecureJarResource(itemfilters)
[18Sep2024 03:30:12.107] [main/DEBUG] [mixin/]: Instancing new MixinPlatformAgentMinecraftForge for SecureJarResource(itemfilters)
[18Sep2024 03:30:12.108] [main/DEBUG] [mixin/]: MixinPlatformAgentMinecraftForge rejected container SecureJarResource(itemfilters)
[18Sep2024 03:30:12.108] [main/DEBUG] [mixin/]: Instancing new MixinPlatformAgentDefault for SecureJarResource(itemfilters)
[18Sep2024 03:30:12.108] [main/DEBUG] [mixin/]: MixinPlatformAgentDefault accepted container SecureJarResource(itemfilters)
[18Sep2024 03:30:12.108] [main/DEBUG] [mixin/]: Processing prepare() for PlatformAgent[MixinPlatformAgentDefault:SecureJarResource(itemfilters)]
[18Sep2024 03:30:12.108] [main/DEBUG] [mixin/]: Registering mixin config: itemfilters-common.mixins.json
[18Sep2024 03:30:12.110] [main/DEBUG] [mixin/]: Compatibility level JAVA_8 specified by itemfilters-common.mixins.json is lower than the default level supported by the current mixin service (JAVA_16).
[18Sep2024 03:30:12.110] [main/DEBUG] [mixin/]: Adding mixin platform agents for container SecureJarResource(xlpackets)
[18Sep2024 03:30:12.110] [main/DEBUG] [mixin/]: Instancing new MixinPlatformAgentMinecraftForge for SecureJarResource(xlpackets)
[18Sep2024 03:30:12.111] [main/DEBUG] [mixin/]: MixinPlatformAgentMinecraftForge rejected container SecureJarResource(xlpackets)
[18Sep2024 03:30:12.111] [main/DEBUG] [mixin/]: Instancing new MixinPlatformAgentDefault for SecureJarResource(xlpackets)
[18Sep2024 03:30:12.111] [main/DEBUG] [mixin/]: MixinPlatformAgentDefault accepted container SecureJarResource(xlpackets)
[18Sep2024 03:30:12.111] [main/DEBUG] [mixin/]: Processing prepare() for PlatformAgent[MixinPlatformAgentDefault:SecureJarResource(xlpackets)]
[18Sep2024 03:30:12.112] [main/DEBUG] [mixin/]: Registering mixin config: xlpackets.mixins.json
[18Sep2024 03:30:12.113] [main/DEBUG] [mixin/]: Adding mixin platform agents for container SecureJarResource(obscure_api)
[18Sep2024 03:30:12.113] [main/DEBUG] [mixin/]: Instancing new MixinPlatformAgentMinecraftForge for SecureJarResource(obscure_api)
[18Sep2024 03:30:12.113] [main/DEBUG] [mixin/]: MixinPlatformAgentMinecraftForge rejected container SecureJarResource(obscure_api)
[18Sep2024 03:30:12.114] [main/DEBUG] [mixin/]: Instancing new MixinPlatformAgentDefault for SecureJarResource(obscure_api)
[18Sep2024 03:30:12.114] [main/DEBUG] [mixin/]: MixinPlatformAgentDefault accepted container SecureJarResource(obscure_api)
[18Sep2024 03:30:12.114] [main/DEBUG] [mixin/]: Processing prepare() for PlatformAgent[MixinPlatformAgentDefault:SecureJarResource(obscure_api)]
[18Sep2024 03:30:12.114] [main/DEBUG] [mixin/]: Registering mixin config: obscure_api.mixins.json
[18Sep2024 03:30:12.118] [main/DEBUG] [mixin/]: Adding mixin platform agents for container SecureJarResource(waystones)
[18Sep2024 03:30:12.118] [main/DEBUG] [mixin/]: Instancing new MixinPlatformAgentMinecraftForge for SecureJarResource(waystones)
[18Sep2024 03:30:12.118] [main/DEBUG] [mixin/]: MixinPlatformAgentMinecraftForge rejected container SecureJarResource(waystones)
[18Sep2024 03:30:12.118] [main/DEBUG] [mixin/]: Instancing new MixinPlatformAgentDefault for SecureJarResource(waystones)
[18Sep2024 03:30:12.119] [main/DEBUG] [mixin/]: MixinPlatformAgentDefault accepted container SecureJarResource(waystones)
[18Sep2024 03:30:12.119] [main/DEBUG] [mixin/]: Processing prepare() for PlatformAgent[MixinPlatformAgentDefault:SecureJarResource(waystones)]
[18Sep2024 03:30:12.119] [main/DEBUG] [mixin/]: Registering mixin config: waystones.mixins.json
[18Sep2024 03:30:12.121] [main/DEBUG] [mixin/]: Adding mixin platform agents for container SecureJarResource(fantasyfurniture)
[18Sep2024 03:30:12.121] [main/DEBUG] [mixin/]: Instancing new MixinPlatformAgentMinecraftForge for SecureJarResource(fantasyfurniture)
[18Sep2024 03:30:12.121] [main/DEBUG] [mixin/]: MixinPlatformAgentMinecraftForge rejected container SecureJarResource(fantasyfurniture)
[18Sep2024 03:30:12.121] [main/DEBUG] [mixin/]: Instancing new MixinPlatformAgentDefault for SecureJarResource(fantasyfurniture)
[18Sep2024 03:30:12.121] [main/DEBUG] [mixin/]: MixinPlatformAgentDefault accepted container SecureJarResource(fantasyfurniture)
[18Sep2024 03:30:12.122] [main/DEBUG] [mixin/]: Processing prepare() for PlatformAgent[MixinPlatformAgentDefault:SecureJarResource(fantasyfurniture)]
[18Sep2024 03:30:12.122] [main/DEBUG] [mixin/]: Registering mixin config: fantasyfurniture.mixins.json
[18Sep2024 03:30:12.123] [main/DEBUG] [mixin/]: Adding mixin platform agents for container SecureJarResource(clumps)
[18Sep2024 03:30:12.123] [main/DEBUG] [mixin/]: Instancing new MixinPlatformAgentMinecraftForge for SecureJarResource(clumps)
[18Sep2024 03:30:12.124] [main/DEBUG] [mixin/]: MixinPlatformAgentMinecraftForge rejected container SecureJarResource(clumps)
[18Sep2024 03:30:12.124] [main/DEBUG] [mixin/]: Instancing new MixinPlatformAgentDefault for SecureJarResource(clumps)
[18Sep2024 03:30:12.124] [main/DEBUG] [mixin/]: MixinPlatformAgentDefault accepted container SecureJarResource(clumps)
[18Sep2024 03:30:12.124] [main/DEBUG] [mixin/]: Processing prepare() for PlatformAgent[MixinPlatformAgentDefault:SecureJarResource(clumps)]
[18Sep2024 03:30:12.125] [main/DEBUG] [mixin/]: Registering mixin config: clumps.mixins.json
[18Sep2024 03:30:12.126] [main/DEBUG] [mixin/]: Adding mixin platform agents for container SecureJarResource(structory)
[18Sep2024 03:30:12.126] [main/DEBUG] [mixin/]: Instancing new MixinPlatformAgentMinecraftForge for SecureJarResource(structory)
[18Sep2024 03:30:12.126] [main/DEBUG] [mixin/]: MixinPlatformAgentMinecraftForge rejected container SecureJarResource(structory)
[18Sep2024 03:30:12.127] [main/DEBUG] [mixin/]: Instancing new MixinPlatformAgentDefault for SecureJarResource(structory)
[18Sep2024 03:30:12.127] [main/DEBUG] [mixin/]: MixinPlatformAgentDefault accepted container SecureJarResource(structory)
[18Sep2024 03:30:12.127] [main/DEBUG] [mixin/]: Processing prepare() for PlatformAgent[MixinPlatformAgentDefault:SecureJarResource(structory)]
[18Sep2024 03:30:12.127] [main/DEBUG] [mixin/]: Adding mixin platform agents for container SecureJarResource(decorative_blocks)
[18Sep2024 03:30:12.127] [main/DEBUG] [mixin/]: Instancing new MixinPlatformAgentMinecraftForge for SecureJarResource(decorative_blocks)
[18Sep2024 03:30:12.128] [main/DEBUG] [mixin/]: MixinPlatformAgentMinecraftForge rejected container SecureJarResource(decorative_blocks)
[18Sep2024 03:30:12.128] [main/DEBUG] [mixin/]: Instancing new MixinPlatformAgentDefault for SecureJarResource(decorative_blocks)
[18Sep2024 03:30:12.128] [main/DEBUG] [mixin/]: MixinPlatformAgentDefault accepted container SecureJarResource(decorative_blocks)
[18Sep2024 03:30:12.128] [main/DEBUG] [mixin/]: Processing prepare() for PlatformAgent[MixinPlatformAgentDefault:SecureJarResource(decorative_blocks)]
[18Sep2024 03:30:12.129] [main/DEBUG] [mixin/]: Registering mixin config: decorative_blocks.mixins.json
[18Sep2024 03:30:12.130] [main/DEBUG] [mixin/]: Adding mixin platform agents for container SecureJarResource(myserveriscompatible)
[18Sep2024 03:30:12.130] [main/DEBUG] [mixin/]: Instancing new MixinPlatformAgentMinecraftForge for SecureJarResource(myserveriscompatible)
[18Sep2024 03:30:12.130] [main/DEBUG] [mixin/]: MixinPlatformAgentMinecraftForge rejected container SecureJarResource(myserveriscompatible)
[18Sep2024 03:30:12.131] [main/DEBUG] [mixin/]: Instancing new MixinPlatformAgentDefault for SecureJarResource(myserveriscompatible)
[18Sep2024 03:30:12.131] [main/DEBUG] [mixin/]: MixinPlatformAgentDefault accepted container SecureJarResource(myserveriscompatible)
[18Sep2024 03:30:12.131] [main/DEBUG] [mixin/]: Processing prepare() for PlatformAgent[MixinPlatformAgentDefault:SecureJarResource(myserveriscompatible)]
[18Sep2024 03:30:12.131] [main/DEBUG] [mixin/]: Registering mixin config: myserveriscompatible.mixins.json
[18Sep2024 03:30:12.133] [main/DEBUG] [mixin/]: Adding mixin platform agents for container SecureJarResource(dungeoncrawl)
[18Sep2024 03:30:12.133] [main/DEBUG] [mixin/]: Instancing new MixinPlatformAgentMinecraftForge for SecureJarResource(dungeoncrawl)
[18Sep2024 03:30:12.133] [main/DEBUG] [mixin/]: MixinPlatformAgentMinecraftForge rejected container SecureJarResource(dungeoncrawl)
[18Sep2024 03:30:12.133] [main/DEBUG] [mixin/]: Instancing new MixinPlatformAgentDefault for SecureJarResource(dungeoncrawl)
[18Sep2024 03:30:12.133] [main/DEBUG] [mixin/]: MixinPlatformAgentDefault accepted container SecureJarResource(dungeoncrawl)
[18Sep2024 03:30:12.134] [main/DEBUG] [mixin/]: Processing prepare() for PlatformAgent[MixinPlatformAgentDefault:SecureJarResource(dungeoncrawl)]
[18Sep2024 03:30:12.134] [main/DEBUG] [mixin/]: Adding mixin platform agents for container SecureJarResource(badmobs)
[18Sep2024 03:30:12.134] [main/DEBUG] [mixin/]: Instancing new MixinPlatformAgentMinecraftForge for SecureJarResource(badmobs)
[18Sep2024 03:30:12.135] [main/DEBUG] [mixin/]: MixinPlatformAgentMinecraftForge rejected container SecureJarResource(badmobs)
[18Sep2024 03:30:12.135] [main/DEBUG] [mixin/]: Instancing new MixinPlatformAgentDefault for SecureJarResource(badmobs)
[18Sep2024 03:30:12.135] [main/DEBUG] [mixin/]: MixinPlatformAgentDefault accepted container SecureJarResource(badmobs)
[18Sep2024 03:30:12.135] [main/DEBUG] [mixin/]: Processing prepare() for PlatformAgent[MixinPlatformAgentDefault:SecureJarResource(badmobs)]
[18Sep2024 03:30:12.136] [main/DEBUG] [mixin/]: Adding mixin platform agents for container SecureJarResource(lazydfu)
[18Sep2024 03:30:12.136] [main/DEBUG] [mixin/]: Instancing new MixinPlatformAgentMinecraftForge for SecureJarResource(lazydfu)
[18Sep2024 03:30:12.136] [main/DEBUG] [mixin/]: MixinPlatformAgentMinecraftForge rejected container SecureJarResource(lazydfu)
[18Sep2024 03:30:12.136] [main/DEBUG] [mixin/]: Instancing new MixinPlatformAgentDefault for SecureJarResource(lazydfu)
[18Sep2024 03:30:12.137] [main/DEBUG] [mixin/]: MixinPlatformAgentDefault accepted container SecureJarResource(lazydfu)
[18Sep2024 03:30:12.137] [main/DEBUG] [mixin/]: Processing prepare() for PlatformAgent[MixinPlatformAgentDefault:SecureJarResource(lazydfu)]
[18Sep2024 03:30:12.137] [main/DEBUG] [mixin/]: Registering mixin config: lazydfu.mixins.json
[18Sep2024 03:30:12.139] [main/DEBUG] [mixin/]: Compatibility level JAVA_16 specified by lazydfu.mixins.json is higher than the maximum level supported by this version of mixin (JAVA_13).
[18Sep2024 03:30:12.139] [main/DEBUG] [mixin/]: Adding mixin platform agents for container SecureJarResource(explorerscompass)
[18Sep2024 03:30:12.139] [main/DEBUG] [mixin/]: Instancing new MixinPlatformAgentMinecraftForge for SecureJarResource(explorerscompass)
[18Sep2024 03:30:12.139] [main/DEBUG] [mixin/]: MixinPlatformAgentMinecraftForge rejected container SecureJarResource(explorerscompass)
[18Sep2024 03:30:12.140] [main/DEBUG] [mixin/]: Instancing new MixinPlatformAgentDefault for SecureJarResource(explorerscompass)
[18Sep2024 03:30:12.140] [main/DEBUG] [mixin/]: MixinPlatformAgentDefault accepted container SecureJarResource(explorerscompass)
[18Sep2024 03:30:12.140] [main/DEBUG] [mixin/]: Processing prepare() for PlatformAgent[MixinPlatformAgentDefault:SecureJarResource(explorerscompass)]
[18Sep2024 03:30:12.140] [main/DEBUG] [mixin/]: Adding mixin platform agents for container SecureJarResource(betterdeserttemples)
[18Sep2024 03:30:12.140] [main/DEBUG] [mixin/]: Instancing new MixinPlatformAgentMinecraftForge for SecureJarResource(betterdeserttemples)
[18Sep2024 03:30:12.141] [main/DEBUG] [mixin/]: MixinPlatformAgentMinecraftForge rejected container SecureJarResource(betterdeserttemples)
[18Sep2024 03:30:12.141] [main/DEBUG] [mixin/]: Instancing new MixinPlatformAgentDefault for SecureJarResource(betterdeserttemples)
[18Sep2024 03:30:12.141] [main/DEBUG] [mixin/]: MixinPlatformAgentDefault accepted container SecureJarResource(betterdeserttemples)
[18Sep2024 03:30:12.141] [main/DEBUG] [mixin/]: Processing prepare() for PlatformAgent[MixinPlatformAgentDefault:SecureJarResource(betterdeserttemples)]
[18Sep2024 03:30:12.141] [main/DEBUG] [mixin/]: Registering mixin config: betterdeserttemples.mixins.json
[18Sep2024 03:30:12.144] [main/DEBUG] [mixin/]: Registering mixin config: betterdeserttemples_forge.mixins.json
[18Sep2024 03:30:12.146] [main/DEBUG] [mixin/]: Adding mixin platform agents for container SecureJarResource(bosses_of_mass_destruction)
[18Sep2024 03:30:12.146] [main/DEBUG] [mixin/]: Instancing new MixinPlatformAgentMinecraftForge for SecureJarResource(bosses_of_mass_destruction)
[18Sep2024 03:30:12.146] [main/DEBUG] [mixin/]: MixinPlatformAgentMinecraftForge rejected container SecureJarResource(bosses_of_mass_destruction)
[18Sep2024 03:30:12.146] [main/DEBUG] [mixin/]: Instancing new MixinPlatformAgentDefault for SecureJarResource(bosses_of_mass_destruction)
[18Sep2024 03:30:12.147] [main/DEBUG] [mixin/]: MixinPlatformAgentDefault accepted container SecureJarResource(bosses_of_mass_destruction)
[18Sep2024 03:30:12.147] [main/DEBUG] [mixin/]: Processing prepare() for PlatformAgent[MixinPlatformAgentDefault:SecureJarResource(bosses_of_mass_destruction)]
[18Sep2024 03:30:12.147] [main/DEBUG] [mixin/]: Registering mixin config: mixins.bosses_of_mass_destruction.json
[18Sep2024 03:30:12.149] [main/DEBUG] [mixin/]: Adding mixin platform agents for container SecureJarResource(blueprint)
[18Sep2024 03:30:12.149] [main/DEBUG] [mixin/]: Instancing new MixinPlatformAgentMinecraftForge for SecureJarResource(blueprint)
[18Sep2024 03:30:12.149] [main/DEBUG] [mixin/]: MixinPlatformAgentMinecraftForge rejected container SecureJarResource(blueprint)
[18Sep2024 03:30:12.149] [main/DEBUG] [mixin/]: Instancing new MixinPlatformAgentDefault for SecureJarResource(blueprint)
[18Sep2024 03:30:12.149] [main/DEBUG] [mixin/]: MixinPlatformAgentDefault accepted container SecureJarResource(blueprint)
[18Sep2024 03:30:12.150] [main/DEBUG] [mixin/]: Processing prepare() for PlatformAgent[MixinPlatformAgentDefault:SecureJarResource(blueprint)]
[18Sep2024 03:30:12.150] [main/DEBUG] [mixin/]: Registering mixin config: blueprint.mixins.json
[18Sep2024 03:30:12.151] [main/DEBUG] [mixin/]: Adding mixin platform agents for container SecureJarResource(terralith)
[18Sep2024 03:30:12.152] [main/DEBUG] [mixin/]: Instancing new MixinPlatformAgentMinecraftForge for SecureJarResource(terralith)
[18Sep2024 03:30:12.152] [main/DEBUG] [mixin/]: MixinPlatformAgentMinecraftForge rejected container SecureJarResource(terralith)
[18Sep2024 03:30:12.152] [main/DEBUG] [mixin/]: Instancing new MixinPlatformAgentDefault for SecureJarResource(terralith)
[18Sep2024 03:30:12.152] [main/DEBUG] [mixin/]: MixinPlatformAgentDefault accepted container SecureJarResource(terralith)
[18Sep2024 03:30:12.153] [main/DEBUG] [mixin/]: Processing prepare() for PlatformAgent[MixinPlatformAgentDefault:SecureJarResource(terralith)]
[18Sep2024 03:30:12.153] [main/DEBUG] [mixin/]: Adding mixin platform agents for container SecureJarResource(dungeons_andtaverns_mr)
[18Sep2024 03:30:12.153] [main/DEBUG] [mixin/]: Instancing new MixinPlatformAgentMinecraftForge for SecureJarResource(dungeons_andtaverns_mr)
[18Sep2024 03:30:12.153] [main/DEBUG] [mixin/]: MixinPlatformAgentMinecraftForge rejected container SecureJarResource(dungeons_andtaverns_mr)
[18Sep2024 03:30:12.153] [main/DEBUG] [mixin/]: Instancing new MixinPlatformAgentDefault for SecureJarResource(dungeons_andtaverns_mr)
[18Sep2024 03:30:12.154] [main/DEBUG] [mixin/]: MixinPlatformAgentDefault accepted container SecureJarResource(dungeons_andtaverns_mr)
[18Sep2024 03:30:12.154] [main/DEBUG] [mixin/]: Processing prepare() for PlatformAgent[MixinPlatformAgentDefault:SecureJarResource(dungeons_andtaverns_mr)]
[18Sep2024 03:30:12.154] [main/DEBUG] [mixin/]: Adding mixin platform agents for container SecureJarResource(ftbchunks)
[18Sep2024 03:30:12.154] [main/DEBUG] [mixin/]: Instancing new MixinPlatformAgentMinecraftForge for SecureJarResource(ftbchunks)
[18Sep2024 03:30:12.154] [main/DEBUG] [mixin/]: MixinPlatformAgentMinecraftForge rejected container SecureJarResource(ftbchunks)
[18Sep2024 03:30:12.155] [main/DEBUG] [mixin/]: Instancing new MixinPlatformAgentDefault for SecureJarResource(ftbchunks)
[18Sep2024 03:30:12.155] [main/DEBUG] [mixin/]: MixinPlatformAgentDefault accepted container SecureJarResource(ftbchunks)
[18Sep2024 03:30:12.155] [main/DEBUG] [mixin/]: Processing prepare() for PlatformAgent[MixinPlatformAgentDefault:SecureJarResource(ftbchunks)]
[18Sep2024 03:30:12.155] [main/DEBUG] [mixin/]: Registering mixin config: ftbchunks-common.mixins.json
[18Sep2024 03:30:12.157] [main/DEBUG] [mixin/]: Adding mixin platform agents for container SecureJarResource(travelerstitles)
[18Sep2024 03:30:12.158] [main/DEBUG] [mixin/]: Instancing new MixinPlatformAgentMinecraftForge for SecureJarResource(travelerstitles)
[18Sep2024 03:30:12.158] [main/DEBUG] [mixin/]: MixinPlatformAgentMinecraftForge rejected container SecureJarResource(travelerstitles)
[18Sep2024 03:30:12.158] [main/DEBUG] [mixin/]: Instancing new MixinPlatformAgentDefault for SecureJarResource(travelerstitles)
[18Sep2024 03:30:12.160] [main/DEBUG] [mixin/]: MixinPlatformAgentDefault accepted container SecureJarResource(travelerstitles)
[18Sep2024 03:30:12.160] [main/DEBUG] [mixin/]: Processing prepare() for PlatformAgent[MixinPlatformAgentDefault:SecureJarResource(travelerstitles)]
[18Sep2024 03:30:12.160] [main/DEBUG] [mixin/]: Registering mixin config: travelerstitles.mixins.json
[18Sep2024 03:30:12.162] [main/DEBUG] [mixin/]: Registering mixin config: travelerstitles_forge.mixins.json
[18Sep2024 03:30:12.163] [main/DEBUG] [mixin/]: Adding mixin platform agents for container SecureJarResource(raided)
[18Sep2024 03:30:12.163] [main/DEBUG] [mixin/]: Instancing new MixinPlatformAgentMinecraftForge for SecureJarResource(raided)
[18Sep2024 03:30:12.164] [main/DEBUG] [mixin/]: MixinPlatformAgentMinecraftForge rejected container SecureJarResource(raided)
[18Sep2024 03:30:12.164] [main/DEBUG] [mixin/]: Instancing new MixinPlatformAgentDefault for SecureJarResource(raided)
[18Sep2024 03:30:12.164] [main/DEBUG] [mixin/]: MixinPlatformAgentDefault accepted container SecureJarResource(raided)
[18Sep2024 03:30:12.164] [main/DEBUG] [mixin/]: Processing prepare() for PlatformAgent[MixinPlatformAgentDefault:SecureJarResource(raided)]
[18Sep2024 03:30:12.164] [main/DEBUG] [mixin/]: Adding mixin platform agents for container SecureJarResource(meetyourfight)
[18Sep2024 03:30:12.165] [main/DEBUG] [mixin/]: Instancing new MixinPlatformAgentMinecraftForge for SecureJarResource(meetyourfight)
[18Sep2024 03:30:12.165] [main/DEBUG] [mixin/]: MixinPlatformAgentMinecraftForge rejected container SecureJarResource(meetyourfight)
[18Sep2024 03:30:12.165] [main/DEBUG] [mixin/]: Instancing new MixinPlatformAgentDefault for SecureJarResource(meetyourfight)
[18Sep2024 03:30:12.166] [main/DEBUG] [mixin/]: MixinPlatformAgentDefault accepted container SecureJarResource(meetyourfight)
[18Sep2024 03:30:12.166] [main/DEBUG] [mixin/]: Processing prepare() for PlatformAgent[MixinPlatformAgentDefault:SecureJarResource(meetyourfight)]
[18Sep2024 03:30:12.166] [main/DEBUG] [mixin/]: Adding mixin platform agents for container SecureJarResource(enchdesc)
[18Sep2024 03:30:12.166] [main/DEBUG] [mixin/]: Instancing new MixinPlatformAgentMinecraftForge for SecureJarResource(enchdesc)
[18Sep2024 03:30:12.167] [main/DEBUG] [mixin/]: MixinPlatformAgentMinecraftForge rejected container SecureJarResource(enchdesc)
[18Sep2024 03:30:12.167] [main/DEBUG] [mixin/]: Instancing new MixinPlatformAgentDefault for SecureJarResource(enchdesc)
[18Sep2024 03:30:12.167] [main/DEBUG] [mixin/]: MixinPlatformAgentDefault accepted container SecureJarResource(enchdesc)
[18Sep2024 03:30:12.167] [main/DEBUG] [mixin/]: Processing prepare() for PlatformAgent[MixinPlatformAgentDefault:SecureJarResource(enchdesc)]
[18Sep2024 03:30:12.169] [main/DEBUG] [mixin/]: Adding mixin platform agents for container SecureJarResource(simplyswords)
[18Sep2024 03:30:12.169] [main/DEBUG] [mixin/]: Instancing new MixinPlatformAgentMinecraftForge for SecureJarResource(simplyswords)
[18Sep2024 03:30:12.169] [main/DEBUG] [mixin/]: MixinPlatformAgentMinecraftForge rejected container SecureJarResource(simplyswords)
[18Sep2024 03:30:12.170] [main/DEBUG] [mixin/]: Instancing new MixinPlatformAgentDefault for SecureJarResource(simplyswords)
[18Sep2024 03:30:12.173] [main/DEBUG] [mixin/]: MixinPlatformAgentDefault accepted container SecureJarResource(simplyswords)
[18Sep2024 03:30:12.173] [main/DEBUG] [mixin/]: Processing prepare() for PlatformAgent[MixinPlatformAgentDefault:SecureJarResource(simplyswords)]
[18Sep2024 03:30:12.173] [main/DEBUG] [mixin/]: Registering mixin config: simplyswords-common.mixins.json
[18Sep2024 03:30:12.175] [main/DEBUG] [mixin/]: Registering mixin config: simplyswords.mixins.json
[18Sep2024 03:30:12.177] [main/DEBUG] [mixin/]: Adding mixin platform agents for container SecureJarResource(moonlight)
[18Sep2024 03:30:12.177] [main/DEBUG] [mixin/]: Instancing new MixinPlatformAgentMinecraftForge for SecureJarResource(moonlight)
[18Sep2024 03:30:12.177] [main/DEBUG] [mixin/]: MixinPlatformAgentMinecraftForge rejected container SecureJarResource(moonlight)
[18Sep2024 03:30:12.178] [main/DEBUG] [mixin/]: Instancing new MixinPlatformAgentDefault for SecureJarResource(moonlight)
[18Sep2024 03:30:12.178] [main/DEBUG] [mixin/]: MixinPlatformAgentDefault accepted container SecureJarResource(moonlight)
[18Sep2024 03:30:12.178] [main/DEBUG] [mixin/]: Processing prepare() for PlatformAgent[MixinPlatformAgentDefault:SecureJarResource(moonlight)]
[18Sep2024 03:30:12.178] [main/DEBUG] [mixin/]: Registering mixin config: moonlight-common.mixins.json
[18Sep2024 03:30:12.183] [main/DEBUG] [mixin/]: Registering mixin config: moonlight.mixins.json
[18Sep2024 03:30:12.185] [main/DEBUG] [mixin/]: Adding mixin platform agents for container SecureJarResource(eccentrictome)
[18Sep2024 03:30:12.185] [main/DEBUG] [mixin/]: Instancing new MixinPlatformAgentMinecraftForge for SecureJarResource(eccentrictome)
[18Sep2024 03:30:12.186] [main/DEBUG] [mixin/]: MixinPlatformAgentMinecraftForge rejected container SecureJarResource(eccentrictome)
[18Sep2024 03:30:12.186] [main/DEBUG] [mixin/]: Instancing new MixinPlatformAgentDefault for SecureJarResource(eccentrictome)
[18Sep2024 03:30:12.186] [main/DEBUG] [mixin/]: MixinPlatformAgentDefault accepted container SecureJarResource(eccentrictome)
[18Sep2024 03:30:12.187] [main/DEBUG] [mixin/]: Processing prepare() for PlatformAgent[MixinPlatformAgentDefault:SecureJarResource(eccentrictome)]
[18Sep2024 03:30:12.188] [main/DEBUG] [mixin/]: Adding mixin platform agents for container SecureJarResource(itemstages)
[18Sep2024 03:30:12.188] [main/DEBUG] [mixin/]: Instancing new MixinPlatformAgentMinecraftForge for SecureJarResource(itemstages)
[18Sep2024 03:30:12.188] [main/DEBUG] [mixin/]: MixinPlatformAgentMinecraftForge rejected container SecureJarResource(itemstages)
[18Sep2024 03:30:12.188] [main/DEBUG] [mixin/]: Instancing new MixinPlatformAgentDefault for SecureJarResource(itemstages)
[18Sep2024 03:30:12.188] [main/DEBUG] [mixin/]: MixinPlatformAgentDefault accepted container SecureJarResource(itemstages)
[18Sep2024 03:30:12.189] [main/DEBUG] [mixin/]: Processing prepare() for PlatformAgent[MixinPlatformAgentDefault:SecureJarResource(itemstages)]
[18Sep2024 03:30:12.189] [main/DEBUG] [mixin/]: Adding mixin platform agents for container SecureJarResource(jade)
[18Sep2024 03:30:12.189] [main/DEBUG] [mixin/]: Instancing new MixinPlatformAgentMinecraftForge for SecureJarResource(jade)
[18Sep2024 03:30:12.189] [main/DEBUG] [mixin/]: MixinPlatformAgentMinecraftForge rejected container SecureJarResource(jade)
[18Sep2024 03:30:12.190] [main/DEBUG] [mixin/]: Instancing new MixinPlatformAgentDefault for SecureJarResource(jade)
[18Sep2024 03:30:12.190] [main/DEBUG] [mixin/]: MixinPlatformAgentDefault accepted container SecureJarResource(jade)
[18Sep2024 03:30:12.190] [main/DEBUG] [mixin/]: Processing prepare() for PlatformAgent[MixinPlatformAgentDefault:SecureJarResource(jade)]
[18Sep2024 03:30:12.190] [main/DEBUG] [mixin/]: Adding mixin platform agents for container SecureJarResource(cisco_mod)
[18Sep2024 03:30:12.190] [main/DEBUG] [mixin/]: Instancing new MixinPlatformAgentMinecraftForge for SecureJarResource(cisco_mod)
[18Sep2024 03:30:12.191] [main/DEBUG] [mixin/]: MixinPlatformAgentMinecraftForge rejected container SecureJarResource(cisco_mod)
[18Sep2024 03:30:12.191] [main/DEBUG] [mixin/]: Instancing new MixinPlatformAgentDefault for SecureJarResource(cisco_mod)
[18Sep2024 03:30:12.191] [main/DEBUG] [mixin/]: MixinPlatformAgentDefault accepted container SecureJarResource(cisco_mod)
[18Sep2024 03:30:12.192] [main/DEBUG] [mixin/]: Processing prepare() for PlatformAgent[MixinPlatformAgentDefault:SecureJarResource(cisco_mod)]
[18Sep2024 03:30:12.192] [main/DEBUG] [mixin/]: Adding mixin platform agents for container SecureJarResource(culllessleaves)
[18Sep2024 03:30:12.192] [main/DEBUG] [mixin/]: Instancing new MixinPlatformAgentMinecraftForge for SecureJarResource(culllessleaves)
[18Sep2024 03:30:12.192] [main/DEBUG] [mixin/]: MixinPlatformAgentMinecraftForge rejected container SecureJarResource(culllessleaves)
[18Sep2024 03:30:12.193] [main/DEBUG] [mixin/]: Instancing new MixinPlatformAgentDefault for SecureJarResource(culllessleaves)
[18Sep2024 03:30:12.193] [main/DEBUG] [mixin/]: MixinPlatformAgentDefault accepted container SecureJarResource(culllessleaves)
[18Sep2024 03:30:12.193] [main/DEBUG] [mixin/]: Processing prepare() for PlatformAgent[MixinPlatformAgentDefault:SecureJarResource(culllessleaves)]
[18Sep2024 03:30:12.193] [main/DEBUG] [mixin/]: Registering mixin config: cull-less-leaves.mixins.json
[18Sep2024 03:30:12.195] [main/DEBUG] [mixin/]: Adding mixin platform agents for container SecureJarResource(forbidden_arcanus)
[18Sep2024 03:30:12.197] [main/DEBUG] [mixin/]: Instancing new MixinPlatformAgentMinecraftForge for SecureJarResource(forbidden_arcanus)
[18Sep2024 03:30:12.197] [main/DEBUG] [mixin/]: MixinPlatformAgentMinecraftForge rejected container SecureJarResource(forbidden_arcanus)
[18Sep2024 03:30:12.197] [main/DEBUG] [mixin/]: Instancing new MixinPlatformAgentDefault for SecureJarResource(forbidden_arcanus)
[18Sep2024 03:30:12.197] [main/DEBUG] [mixin/]: MixinPlatformAgentDefault accepted container SecureJarResource(forbidden_arcanus)
[18Sep2024 03:30:12.198] [main/DEBUG] [mixin/]: Processing prepare() for PlatformAgent[MixinPlatformAgentDefault:SecureJarResource(forbidden_arcanus)]
[18Sep2024 03:30:12.198] [main/DEBUG] [mixin/]: Registering mixin config: forbidden_arcanus.mixins.json
[18Sep2024 03:30:12.200] [main/DEBUG] [mixin/]: Compatibility level JAVA_16 specified by forbidden_arcanus.mixins.json is higher than the maximum level supported by this version of mixin (JAVA_13).
[18Sep2024 03:30:12.201] [main/DEBUG] [mixin/]: Adding mixin platform agents for container SecureJarResource(nethersdelight)
[18Sep2024 03:30:12.201] [main/DEBUG] [mixin/]: Instancing new MixinPlatformAgentMinecraftForge for SecureJarResource(nethersdelight)
[18Sep2024 03:30:12.201] [main/DEBUG] [mixin/]: MixinPlatformAgentMinecraftForge rejected container SecureJarResource(nethersdelight)
[18Sep2024 03:30:12.201] [main/DEBUG] [mixin/]: Instancing new MixinPlatformAgentDefault for SecureJarResource(nethersdelight)
[18Sep2024 03:30:12.202] [main/DEBUG] [mixin/]: MixinPlatformAgentDefault accepted container SecureJarResource(nethersdelight)
[18Sep2024 03:30:12.202] [main/DEBUG] [mixin/]: Processing prepare() for PlatformAgent[MixinPlatformAgentDefault:SecureJarResource(nethersdelight)]
[18Sep2024 03:30:12.202] [main/DEBUG] [mixin/]: Registering mixin config: nethersdelight.mixins.json
[18Sep2024 03:30:12.204] [main/DEBUG] [mixin/]: Adding mixin platform agents for container SecureJarResource(smoothboot)
[18Sep2024 03:30:12.205] [main/DEBUG] [mixin/]: Instancing new MixinPlatformAgentMinecraftForge for SecureJarResource(smoothboot)
[18Sep2024 03:30:12.205] [main/DEBUG] [mixin/]: MixinPlatformAgentMinecraftForge rejected container SecureJarResource(smoothboot)
[18Sep2024 03:30:12.205] [main/DEBUG] [mixin/]: Instancing new MixinPlatformAgentDefault for SecureJarResource(smoothboot)
[18Sep2024 03:30:12.205] [main/DEBUG] [mixin/]: MixinPlatformAgentDefault accepted container SecureJarResource(smoothboot)
[18Sep2024 03:30:12.206] [main/DEBUG] [mixin/]: Processing prepare() for PlatformAgent[MixinPlatformAgentDefault:SecureJarResource(smoothboot)]
[18Sep2024 03:30:12.206] [main/DEBUG] [mixin/]: Registering mixin config: smoothboot.mixins.json
[18Sep2024 03:30:12.208] [main/DEBUG] [mixin/]: Adding mixin platform agents for container SecureJarResource(skilltree)
[18Sep2024 03:30:12.208] [main/DEBUG] [mixin/]: Instancing new MixinPlatformAgentMinecraftForge for SecureJarResource(skilltree)
[18Sep2024 03:30:12.208] [main/DEBUG] [mixin/]: MixinPlatformAgentMinecraftForge rejected container SecureJarResource(skilltree)
[18Sep2024 03:30:12.209] [main/DEBUG] [mixin/]: Instancing new MixinPlatformAgentDefault for SecureJarResource(skilltree)
[18Sep2024 03:30:12.209] [main/DEBUG] [mixin/]: MixinPlatformAgentDefault accepted container SecureJarResource(skilltree)
[18Sep2024 03:30:12.209] [main/DEBUG] [mixin/]: Processing prepare() for PlatformAgent[MixinPlatformAgentDefault:SecureJarResource(skilltree)]
[18Sep2024 03:30:12.209] [main/DEBUG] [mixin/]: Registering mixin config: skilltree.mixins.json
[18Sep2024 03:30:12.211] [main/DEBUG] [mixin/]: Adding mixin platform agents for container SecureJarResource(atmospheric)
[18Sep2024 03:30:12.211] [main/DEBUG] [mixin/]: Instancing new MixinPlatformAgentMinecraftForge for SecureJarResource(atmospheric)
[18Sep2024 03:30:12.211] [main/DEBUG] [mixin/]: MixinPlatformAgentMinecraftForge rejected container SecureJarResource(atmospheric)
[18Sep2024 03:30:12.211] [main/DEBUG] [mixin/]: Instancing new MixinPlatformAgentDefault for SecureJarResource(atmospheric)
[18Sep2024 03:30:12.212] [main/DEBUG] [mixin/]: MixinPlatformAgentDefault accepted container SecureJarResource(atmospheric)
[18Sep2024 03:30:12.212] [main/DEBUG] [mixin/]: Processing prepare() for PlatformAgent[MixinPlatformAgentDefault:SecureJarResource(atmospheric)]
[18Sep2024 03:30:12.212] [main/DEBUG] [mixin/]: Registering mixin config: atmospheric.mixins.json
[18Sep2024 03:30:12.214] [main/DEBUG] [mixin/]: Adding mixin platform agents for container SecureJarResource(easy_villagers)
[18Sep2024 03:30:12.214] [main/DEBUG] [mixin/]: Instancing new MixinPlatformAgentMinecraftForge for SecureJarResource(easy_villagers)
[18Sep2024 03:30:12.214] [main/DEBUG] [mixin/]: MixinPlatformAgentMinecraftForge rejected container SecureJarResource(easy_villagers)
[18Sep2024 03:30:12.214] [main/DEBUG] [mixin/]: Instancing new MixinPlatformAgentDefault for SecureJarResource(easy_villagers)
[18Sep2024 03:30:12.215] [main/DEBUG] [mixin/]: MixinPlatformAgentDefault accepted container SecureJarResource(easy_villagers)
[18Sep2024 03:30:12.215] [main/DEBUG] [mixin/]: Processing prepare() for PlatformAgent[MixinPlatformAgentDefault:SecureJarResource(easy_villagers)]
[18Sep2024 03:30:12.215] [main/DEBUG] [mixin/]: Adding mixin platform agents for container SecureJarResource(iceberg)
[18Sep2024 03:30:12.215] [main/DEBUG] [mixin/]: Instancing new MixinPlatformAgentMinecraftForge for SecureJarResource(iceberg)
[18Sep2024 03:30:12.216] [main/DEBUG] [mixin/]: MixinPlatformAgentMinecraftForge rejected container SecureJarResource(iceberg)
[18Sep2024 03:30:12.217] [main/DEBUG] [mixin/]: Instancing new MixinPlatformAgentDefault for SecureJarResource(iceberg)
[18Sep2024 03:30:12.217] [main/DEBUG] [mixin/]: MixinPlatformAgentDefault accepted container SecureJarResource(iceberg)
[18Sep2024 03:30:12.217] [main/DEBUG] [mixin/]: Processing prepare() for PlatformAgent[MixinPlatformAgentDefault:SecureJarResource(iceberg)]
[18Sep2024 03:30:12.217] [main/DEBUG] [mixin/]: Registering mixin config: iceberg.mixins.json
[18Sep2024 03:30:12.220] [main/DEBUG] [mixin/]: Adding mixin platform agents for container SecureJarResource(brutalbosses)
[18Sep2024 03:30:12.220] [main/DEBUG] [mixin/]: Instancing new MixinPlatformAgentMinecraftForge for SecureJarResource(brutalbosses)
[18Sep2024 03:30:12.220] [main/DEBUG] [mixin/]: MixinPlatformAgentMinecraftForge rejected container SecureJarResource(brutalbosses)
[18Sep2024 03:30:12.221] [main/DEBUG] [mixin/]: Instancing new MixinPlatformAgentDefault for SecureJarResource(brutalbosses)
[18Sep2024 03:30:12.221] [main/DEBUG] [mixin/]: MixinPlatformAgentDefault accepted container SecureJarResource(brutalbosses)
[18Sep2024 03:30:12.222] [main/DEBUG] [mixin/]: Processing prepare() for PlatformAgent[MixinPlatformAgentDefault:SecureJarResource(brutalbosses)]
[18Sep2024 03:30:12.222] [main/DEBUG] [mixin/]: Registering mixin config: brutalbosses.mixins.json
[18Sep2024 03:30:12.223] [main/DEBUG] [mixin/]: Compatibility level JAVA_8 specified by brutalbosses.mixins.json is lower than the default level supported by the current mixin service (JAVA_16).
[18Sep2024 03:30:12.224] [main/DEBUG] [mixin/]: Adding mixin platform agents for container SecureJarResource(ars_elemental)
[18Sep2024 03:30:12.224] [main/DEBUG] [mixin/]: Instancing new MixinPlatformAgentMinecraftForge for SecureJarResource(ars_elemental)
[18Sep2024 03:30:12.224] [main/DEBUG] [mixin/]: MixinPlatformAgentMinecraftForge rejected container SecureJarResource(ars_elemental)
[18Sep2024 03:30:12.225] [main/DEBUG] [mixin/]: Instancing new MixinPlatformAgentDefault for SecureJarResource(ars_elemental)
[18Sep2024 03:30:12.225] [main/DEBUG] [mixin/]: MixinPlatformAgentDefault accepted container SecureJarResource(ars_elemental)
[18Sep2024 03:30:12.225] [main/DEBUG] [mixin/]: Processing prepare() for PlatformAgent[MixinPlatformAgentDefault:SecureJarResource(ars_elemental)]
[18Sep2024 03:30:12.225] [main/DEBUG] [mixin/]: Registering mixin config: ars_elemental.mixins.json
[18Sep2024 03:30:12.227] [main/DEBUG] [mixin/]: Adding mixin platform agents for container SecureJarResource(storagedrawers)
[18Sep2024 03:30:12.227] [main/DEBUG] [mixin/]: Instancing new MixinPlatformAgentMinecraftForge for SecureJarResource(storagedrawers)
[18Sep2024 03:30:12.228] [main/DEBUG] [mixin/]: MixinPlatformAgentMinecraftForge rejected container SecureJarResource(storagedrawers)
[18Sep2024 03:30:12.228] [main/DEBUG] [mixin/]: Instancing new MixinPlatformAgentDefault for SecureJarResource(storagedrawers)
[18Sep2024 03:30:12.228] [main/DEBUG] [mixin/]: MixinPlatformAgentDefault accepted container SecureJarResource(storagedrawers)
[18Sep2024 03:30:12.228] [main/DEBUG] [mixin/]: Processing prepare() for PlatformAgent[MixinPlatformAgentDefault:SecureJarResource(storagedrawers)]
[18Sep2024 03:30:12.228] [main/DEBUG] [mixin/]: Adding mixin platform agents for container SecureJarResource(irons_spellbooks)
[18Sep2024 03:30:12.229] [main/DEBUG] [mixin/]: Instancing new MixinPlatformAgentMinecraftForge for SecureJarResource(irons_spellbooks)
[18Sep2024 03:30:12.229] [main/DEBUG] [mixin/]: MixinPlatformAgentMinecraftForge rejected container SecureJarResource(irons_spellbooks)
[18Sep2024 03:30:12.229] [main/DEBUG] [mixin/]: Instancing new MixinPlatformAgentDefault for SecureJarResource(irons_spellbooks)
[18Sep2024 03:30:12.229] [main/DEBUG] [mixin/]: MixinPlatformAgentDefault accepted container SecureJarResource(irons_spellbooks)
[18Sep2024 03:30:12.230] [main/DEBUG] [mixin/]: Processing prepare() for PlatformAgent[MixinPlatformAgentDefault:SecureJarResource(irons_spellbooks)]
[18Sep2024 03:30:12.230] [main/DEBUG] [mixin/]: Registering mixin config: mixins.irons_spellbooks.json
[18Sep2024 03:30:12.231] [main/DEBUG] [mixin/]: Adding mixin platform agents for container SecureJarResource(doespotatotick)
[18Sep2024 03:30:12.231] [main/DEBUG] [mixin/]: Instancing new MixinPlatformAgentMinecraftForge for SecureJarResource(doespotatotick)
[18Sep2024 03:30:12.232] [main/DEBUG] [mixin/]: MixinPlatformAgentMinecraftForge rejected container SecureJarResource(doespotatotick)
[18Sep2024 03:30:12.232] [main/DEBUG] [mixin/]: Instancing new MixinPlatformAgentDefault for SecureJarResource(doespotatotick)
[18Sep2024 03:30:12.232] [main/DEBUG] [mixin/]: MixinPlatformAgentDefault accepted container SecureJarResource(doespotatotick)
[18Sep2024 03:30:12.232] [main/DEBUG] [mixin/]: Processing prepare() for PlatformAgent[MixinPlatformAgentDefault:SecureJarResource(doespotatotick)]
[18Sep2024 03:30:12.233] [main/DEBUG] [mixin/]: Registering mixin config: doespotatotick.mixins.json
[18Sep2024 03:30:12.234] [main/DEBUG] [mixin/]: Compatibility level JAVA_8 specified by doespotatotick.mixins.json is lower than the default level supported by the current mixin service (JAVA_16).
[18Sep2024 03:30:12.235] [main/DEBUG] [mixin/]: Adding mixin platform agents for container SecureJarResource(dreamland)
[18Sep2024 03:30:12.235] [main/DEBUG] [mixin/]: Instancing new MixinPlatformAgentMinecraftForge for SecureJarResource(dreamland)
[18Sep2024 03:30:12.236] [main/DEBUG] [mixin/]: MixinPlatformAgentMinecraftForge rejected container SecureJarResource(dreamland)
[18Sep2024 03:30:12.236] [main/DEBUG] [mixin/]: Instancing new MixinPlatformAgentDefault for SecureJarResource(dreamland)
[18Sep2024 03:30:12.236] [main/DEBUG] [mixin/]: MixinPlatformAgentDefault accepted container SecureJarResource(dreamland)
[18Sep2024 03:30:12.236] [main/DEBUG] [mixin/]: Processing prepare() for PlatformAgent[MixinPlatformAgentDefault:SecureJarResource(dreamland)]
[18Sep2024 03:30:12.237] [main/DEBUG] [mixin/]: Adding mixin platform agents for container SecureJarResource(endlessbiomes)
[18Sep2024 03:30:12.237] [main/DEBUG] [mixin/]: Instancing new MixinPlatformAgentMinecraftForge for SecureJarResource(endlessbiomes)
[18Sep2024 03:30:12.237] [main/DEBUG] [mixin/]: MixinPlatformAgentMinecraftForge rejected container SecureJarResource(endlessbiomes)
[18Sep2024 03:30:12.237] [main/DEBUG] [mixin/]: Instancing new MixinPlatformAgentDefault for SecureJarResource(endlessbiomes)
[18Sep2024 03:30:12.237] [main/DEBUG] [mixin/]: MixinPlatformAgentDefault accepted container SecureJarResource(endlessbiomes)
[18Sep2024 03:30:12.238] [main/DEBUG] [mixin/]: Processing prepare() for PlatformAgent[MixinPlatformAgentDefault:SecureJarResource(endlessbiomes)]
[18Sep2024 03:30:12.238] [main/DEBUG] [mixin/]: Adding mixin platform agents for container SecureJarResource(upgradedcore)
[18Sep2024 03:30:12.238] [main/DEBUG] [mixin/]: Instancing new MixinPlatformAgentMinecraftForge for SecureJarResource(upgradedcore)
[18Sep2024 03:30:12.238] [main/DEBUG] [mixin/]: MixinPlatformAgentMinecraftForge rejected container SecureJarResource(upgradedcore)
[18Sep2024 03:30:12.239] [main/DEBUG] [mixin/]: Instancing new MixinPlatformAgentDefault for SecureJarResource(upgradedcore)
[18Sep2024 03:30:12.239] [main/DEBUG] [mixin/]: MixinPlatformAgentDefault accepted container SecureJarResource(upgradedcore)
[18Sep2024 03:30:12.239] [main/DEBUG] [mixin/]: Processing prepare() for PlatformAgent[MixinPlatformAgentDefault:SecureJarResource(upgradedcore)]
[18Sep2024 03:30:12.239] [main/DEBUG] [mixin/]: Adding mixin platform agents for container SecureJarResource(wabi_sabi_structures)
[18Sep2024 03:30:12.240] [main/DEBUG] [mixin/]: Instancing new MixinPlatformAgentMinecraftForge for SecureJarResource(wabi_sabi_structures)
[18Sep2024 03:30:12.240] [main/DEBUG] [mixin/]: MixinPlatformAgentMinecraftForge rejected container SecureJarResource(wabi_sabi_structures)
[18Sep2024 03:30:12.240] [main/DEBUG] [mixin/]: Instancing new MixinPlatformAgentDefault for SecureJarResource(wabi_sabi_structures)
[18Sep2024 03:30:12.240] [main/DEBUG] [mixin/]: MixinPlatformAgentDefault accepted container SecureJarResource(wabi_sabi_structures)
[18Sep2024 03:30:12.240] [main/DEBUG] [mixin/]: Processing prepare() for PlatformAgent[MixinPlatformAgentDefault:SecureJarResource(wabi_sabi_structures)]
[18Sep2024 03:30:12.241] [main/DEBUG] [mixin/]: Adding mixin platform agents for container SecureJarResource(alexsdelight)
[18Sep2024 03:30:12.241] [main/DEBUG] [mixin/]: Instancing new MixinPlatformAgentMinecraftForge for SecureJarResource(alexsdelight)
[18Sep2024 03:30:12.241] [main/DEBUG] [mixin/]: MixinPlatformAgentMinecraftForge rejected container SecureJarResource(alexsdelight)
[18Sep2024 03:30:12.241] [main/DEBUG] [mixin/]: Instancing new MixinPlatformAgentDefault for SecureJarResource(alexsdelight)
[18Sep2024 03:30:12.242] [main/DEBUG] [mixin/]: MixinPlatformAgentDefault accepted container SecureJarResource(alexsdelight)
[18Sep2024 03:30:12.242] [main/DEBUG] [mixin/]: Processing prepare() for PlatformAgent[MixinPlatformAgentDefault:SecureJarResource(alexsdelight)]
[18Sep2024 03:30:12.242] [main/DEBUG] [mixin/]: Adding mixin platform agents for container SecureJarResource(ferritecore)
[18Sep2024 03:30:12.243] [main/DEBUG] [mixin/]: Instancing new MixinPlatformAgentMinecraftForge for SecureJarResource(ferritecore)
[18Sep2024 03:30:12.243] [main/DEBUG] [mixin/]: MixinPlatformAgentMinecraftForge rejected container SecureJarResource(ferritecore)
[18Sep2024 03:30:12.243] [main/DEBUG] [mixin/]: Instancing new MixinPlatformAgentDefault for SecureJarResource(ferritecore)
[18Sep2024 03:30:12.243] [main/DEBUG] [mixin/]: MixinPlatformAgentDefault accepted container SecureJarResource(ferritecore)
[18Sep2024 03:30:12.243] [main/DEBUG] [mixin/]: Processing prepare() for PlatformAgent[MixinPlatformAgentDefault:SecureJarResource(ferritecore)]
[18Sep2024 03:30:12.244] [main/DEBUG] [mixin/]: Registering mixin config: ferritecore.predicates.mixin.json
[18Sep2024 03:30:12.246] [main/DEBUG] [mixin/]: Registering mixin config: ferritecore.fastmap.mixin.json
[18Sep2024 03:30:12.248] [main/DEBUG] [mixin/]: Registering mixin config: ferritecore.mrl.mixin.json
[18Sep2024 03:30:12.252] [main/DEBUG] [mixin/]: Registering mixin config: ferritecore.dedupmultipart.mixin.json
[18Sep2024 03:30:12.255] [main/DEBUG] [mixin/]: Registering mixin config: ferritecore.blockstatecache.mixin.json
[18Sep2024 03:30:12.257] [main/DEBUG] [mixin/]: Registering mixin config: ferritecore.dedupbakedquad.mixin.json
[18Sep2024 03:30:12.260] [main/DEBUG] [mixin/]: Registering mixin config: ferritecore.threaddetec.mixin.json
[18Sep2024 03:30:12.262] [main/DEBUG] [mixin/]: Adding mixin platform agents for container SecureJarResource(apexcore)
[18Sep2024 03:30:12.262] [main/DEBUG] [mixin/]: Instancing new MixinPlatformAgentMinecraftForge for SecureJarResource(apexcore)
[18Sep2024 03:30:12.262] [main/DEBUG] [mixin/]: MixinPlatformAgentMinecraftForge rejected container SecureJarResource(apexcore)
[18Sep2024 03:30:12.262] [main/DEBUG] [mixin/]: Instancing new MixinPlatformAgentDefault for SecureJarResource(apexcore)
[18Sep2024 03:30:12.263] [main/DEBUG] [mixin/]: MixinPlatformAgentDefault accepted container SecureJarResource(apexcore)
[18Sep2024 03:30:12.263] [main/DEBUG] [mixin/]: Processing prepare() for PlatformAgent[MixinPlatformAgentDefault:SecureJarResource(apexcore)]
[18Sep2024 03:30:12.263] [main/DEBUG] [mixin/]: Registering mixin config: apexcore.mixins.json
[18Sep2024 03:30:12.270] [main/DEBUG] [mixin/]: Adding mixin platform agents for container SecureJarResource(majruszsenchantments)
[18Sep2024 03:30:12.274] [main/DEBUG] [mixin/]: Instancing new MixinPlatformAgentMinecraftForge for SecureJarResource(majruszsenchantments)
[18Sep2024 03:30:12.274] [main/DEBUG] [mixin/]: MixinPlatformAgentMinecraftForge rejected container SecureJarResource(majruszsenchantments)
[18Sep2024 03:30:12.275] [main/DEBUG] [mixin/]: Instancing new MixinPlatformAgentDefault for SecureJarResource(majruszsenchantments)
[18Sep2024 03:30:12.275] [main/DEBUG] [mixin/]: MixinPlatformAgentDefault accepted container SecureJarResource(majruszsenchantments)
[18Sep2024 03:30:12.275] [main/DEBUG] [mixin/]: Processing prepare() for PlatformAgent[MixinPlatformAgentDefault:SecureJarResource(majruszsenchantments)]
[18Sep2024 03:30:12.275] [main/DEBUG] [mixin/]: Registering mixin config: majruszsenchantments-common.mixins.json
[18Sep2024 03:30:12.278] [main/DEBUG] [mixin/]: Adding mixin platform agents for container SecureJarResource(valhelsia_core)
[18Sep2024 03:30:12.280] [main/DEBUG] [mixin/]: Instancing new MixinPlatformAgentMinecraftForge for SecureJarResource(valhelsia_core)
[18Sep2024 03:30:12.280] [main/DEBUG] [mixin/]: MixinPlatformAgentMinecraftForge rejected container SecureJarResource(valhelsia_core)
[18Sep2024 03:30:12.281] [main/DEBUG] [mixin/]: Instancing new MixinPlatformAgentDefault for SecureJarResource(valhelsia_core)
[18Sep2024 03:30:12.281] [main/DEBUG] [mixin/]: MixinPlatformAgentDefault accepted container SecureJarResource(valhelsia_core)
[18Sep2024 03:30:12.281] [main/DEBUG] [mixin/]: Processing prepare() for PlatformAgent[MixinPlatformAgentDefault:SecureJarResource(valhelsia_core)]
[18Sep2024 03:30:12.281] [main/DEBUG] [mixin/]: Registering mixin config: valhelsia_core.mixins.json
[18Sep2024 03:30:12.283] [main/DEBUG] [mixin/]: Compatibility level JAVA_16 specified by valhelsia_core.mixins.json is higher than the maximum level supported by this version of mixin (JAVA_13).
[18Sep2024 03:30:12.284] [main/DEBUG] [mixin/]: Adding mixin platform agents for container SecureJarResource(overflowingbars)
[18Sep2024 03:30:12.284] [main/DEBUG] [mixin/]: Instancing new MixinPlatformAgentMinecraftForge for SecureJarResource(overflowingbars)
[18Sep2024 03:30:12.284] [main/DEBUG] [mixin/]: MixinPlatformAgentMinecraftForge rejected container SecureJarResource(overflowingbars)
[18Sep2024 03:30:12.285] [main/DEBUG] [mixin/]: Instancing new MixinPlatformAgentDefault for SecureJarResource(overflowingbars)
[18Sep2024 03:30:12.285] [main/DEBUG] [mixin/]: MixinPlatformAgentDefault accepted container SecureJarResource(overflowingbars)
[18Sep2024 03:30:12.285] [main/DEBUG] [mixin/]: Processing prepare() for PlatformAgent[MixinPlatformAgentDefault:SecureJarResource(overflowingbars)]
[18Sep2024 03:30:12.285] [main/DEBUG] [mixin/]: Registering mixin config: overflowingbars.common.mixins.json
[18Sep2024 03:30:12.287] [main/DEBUG] [mixin/]: Adding mixin platform agents for container SecureJarResource(undead_unleashed)
[18Sep2024 03:30:12.287] [main/DEBUG] [mixin/]: Instancing new MixinPlatformAgentMinecraftForge for SecureJarResource(undead_unleashed)
[18Sep2024 03:30:12.288] [main/DEBUG] [mixin/]: MixinPlatformAgentMinecraftForge rejected container SecureJarResource(undead_unleashed)
[18Sep2024 03:30:12.288] [main/DEBUG] [mixin/]: Instancing new MixinPlatformAgentDefault for SecureJarResource(undead_unleashed)
[18Sep2024 03:30:12.288] [main/DEBUG] [mixin/]: MixinPlatformAgentDefault accepted container SecureJarResource(undead_unleashed)
[18Sep2024 03:30:12.288] [main/DEBUG] [mixin/]: Processing prepare() for PlatformAgent[MixinPlatformAgentDefault:SecureJarResource(undead_unleashed)]
[18Sep2024 03:30:12.289] [main/DEBUG] [mixin/]: Adding mixin platform agents for container SecureJarResource(MixinSquared.beta._6)
[18Sep2024 03:30:12.289] [main/DEBUG] [mixin/]: Instancing new MixinPlatformAgentMinecraftForge for SecureJarResource(MixinSquared.beta._6)
[18Sep2024 03:30:12.289] [main/DEBUG] [mixin/]: MixinPlatformAgentMinecraftForge rejected container SecureJarResource(MixinSquared.beta._6)
[18Sep2024 03:30:12.289] [main/DEBUG] [mixin/]: Instancing new MixinPlatformAgentDefault for SecureJarResource(MixinSquared.beta._6)
[18Sep2024 03:30:12.290] [main/DEBUG] [mixin/]: MixinPlatformAgentDefault accepted container SecureJarResource(MixinSquared.beta._6)
[18Sep2024 03:30:12.290] [main/DEBUG] [mixin/]: Processing prepare() for PlatformAgent[MixinPlatformAgentDefault:SecureJarResource(MixinSquared.beta._6)]
[18Sep2024 03:30:12.290] [main/DEBUG] [mixin/]: Adding mixin platform agents for container SecureJarResource(Registrate.MC1._19)
[18Sep2024 03:30:12.290] [main/DEBUG] [mixin/]: Instancing new MixinPlatformAgentMinecraftForge for SecureJarResource(Registrate.MC1._19)
[18Sep2024 03:30:12.291] [main/DEBUG] [mixin/]: MixinPlatformAgentMinecraftForge rejected container SecureJarResource(Registrate.MC1._19)
[18Sep2024 03:30:12.291] [main/DEBUG] [mixin/]: Instancing new MixinPlatformAgentDefault for SecureJarResource(Registrate.MC1._19)
[18Sep2024 03:30:12.291] [main/DEBUG] [mixin/]: MixinPlatformAgentDefault accepted container SecureJarResource(Registrate.MC1._19)
[18Sep2024 03:30:12.291] [main/DEBUG] [mixin/]: Processing prepare() for PlatformAgent[MixinPlatformAgentDefault:SecureJarResource(Registrate.MC1._19)]
[18Sep2024 03:30:12.291] [main/DEBUG] [mixin/]: Adding mixin platform agents for container SecureJarResource(jankson)
[18Sep2024 03:30:12.292] [main/DEBUG] [mixin/]: Instancing new MixinPlatformAgentMinecraftForge for SecureJarResource(jankson)
[18Sep2024 03:30:12.292] [main/DEBUG] [mixin/]: MixinPlatformAgentMinecraftForge rejected container SecureJarResource(jankson)
[18Sep2024 03:30:12.292] [main/DEBUG] [mixin/]: Instancing new MixinPlatformAgentDefault for SecureJarResource(jankson)
[18Sep2024 03:30:12.292] [main/DEBUG] [mixin/]: MixinPlatformAgentDefault accepted container SecureJarResource(jankson)
[18Sep2024 03:30:12.293] [main/DEBUG] [mixin/]: Processing prepare() for PlatformAgent[MixinPlatformAgentDefault:SecureJarResource(jankson)]
[18Sep2024 03:30:12.293] [main/DEBUG] [mixin/]: Adding mixin platform agents for container SecureJarResource(mixinextras)
[18Sep2024 03:30:12.293] [main/DEBUG] [mixin/]: Instancing new MixinPlatformAgentMinecraftForge for SecureJarResource(mixinextras)
[18Sep2024 03:30:12.293] [main/DEBUG] [mixin/]: MixinPlatformAgentMinecraftForge rejected container SecureJarResource(mixinextras)
[18Sep2024 03:30:12.293] [main/DEBUG] [mixin/]: Instancing new MixinPlatformAgentDefault for SecureJarResource(mixinextras)
[18Sep2024 03:30:12.294] [main/DEBUG] [mixin/]: MixinPlatformAgentDefault accepted container SecureJarResource(mixinextras)
[18Sep2024 03:30:12.294] [main/DEBUG] [mixin/]: Processing prepare() for PlatformAgent[MixinPlatformAgentDefault:SecureJarResource(mixinextras)]
[18Sep2024 03:30:12.296] [main/DEBUG] [mixin/]: Registering mixin config: mixinextras.init.mixins.json
[18Sep2024 03:30:12.297] [main/DEBUG] [mixin/]: Adding mixin platform agents for container SecureJarResource(Reflect)
[18Sep2024 03:30:12.298] [main/DEBUG] [mixin/]: Instancing new MixinPlatformAgentMinecraftForge for SecureJarResource(Reflect)
[18Sep2024 03:30:12.299] [main/DEBUG] [mixin/]: MixinPlatformAgentMinecraftForge rejected container SecureJarResource(Reflect)
[18Sep2024 03:30:12.299] [main/DEBUG] [mixin/]: Instancing new MixinPlatformAgentDefault for SecureJarResource(Reflect)
[18Sep2024 03:30:12.299] [main/DEBUG] [mixin/]: MixinPlatformAgentDefault accepted container SecureJarResource(Reflect)
[18Sep2024 03:30:12.299] [main/DEBUG] [mixin/]: Processing prepare() for PlatformAgent[MixinPlatformAgentDefault:SecureJarResource(Reflect)]
[18Sep2024 03:30:12.299] [main/DEBUG] [mixin/]: Adding mixin platform agents for container SecureJarResource(json.path)
[18Sep2024 03:30:12.300] [main/DEBUG] [mixin/]: Instancing new MixinPlatformAgentMinecraftForge for SecureJarResource(json.path)
[18Sep2024 03:30:12.300] [main/DEBUG] [mixin/]: MixinPlatformAgentMinecraftForge rejected container SecureJarResource(json.path)
[18Sep2024 03:30:12.300] [main/DEBUG] [mixin/]: Instancing new MixinPlatformAgentDefault for SecureJarResource(json.path)
[18Sep2024 03:30:12.300] [main/DEBUG] [mixin/]: MixinPlatformAgentDefault accepted container SecureJarResource(json.path)
[18Sep2024 03:30:12.301] [main/DEBUG] [mixin/]: Processing prepare() for PlatformAgent[MixinPlatformAgentDefault:SecureJarResource(json.path)]
[18Sep2024 03:30:12.301] [main/DEBUG] [mixin/]: Adding mixin platform agents for container SecureJarResource(mixinsquared)
[18Sep2024 03:30:12.301] [main/DEBUG] [mixin/]: Instancing new MixinPlatformAgentMinecraftForge for SecureJarResource(mixinsquared)
[18Sep2024 03:30:12.301] [main/DEBUG] [mixin/]: MixinPlatformAgentMinecraftForge rejected container SecureJarResource(mixinsquared)
[18Sep2024 03:30:12.302] [main/DEBUG] [mixin/]: Instancing new MixinPlatformAgentDefault for SecureJarResource(mixinsquared)
[18Sep2024 03:30:12.302] [main/DEBUG] [mixin/]: MixinPlatformAgentDefault accepted container SecureJarResource(mixinsquared)
[18Sep2024 03:30:12.302] [main/DEBUG] [mixin/]: Processing prepare() for PlatformAgent[MixinPlatformAgentDefault:SecureJarResource(mixinsquared)]
[18Sep2024 03:30:12.302] [main/DEBUG] [mixin/]: Registering mixin config: mixinsquared.init.mixins.json
[18Sep2024 03:30:12.305] [main/DEBUG] [mixin/]: Adding mixin platform agents for container SecureJarResource(MixinExtras)
[18Sep2024 03:30:12.305] [main/DEBUG] [mixin/]: Instancing new MixinPlatformAgentMinecraftForge for SecureJarResource(MixinExtras)
[18Sep2024 03:30:12.305] [main/DEBUG] [mixin/]: MixinPlatformAgentMinecraftForge rejected container SecureJarResource(MixinExtras)
[18Sep2024 03:30:12.305] [main/DEBUG] [mixin/]: Instancing new MixinPlatformAgentDefault for SecureJarResource(MixinExtras)
[18Sep2024 03:30:12.306] [main/DEBUG] [mixin/]: MixinPlatformAgentDefault accepted container SecureJarResource(MixinExtras)
[18Sep2024 03:30:12.306] [main/DEBUG] [mixin/]: Processing prepare() for PlatformAgent[MixinPlatformAgentDefault:SecureJarResource(MixinExtras)]
[18Sep2024 03:30:12.306] [main/DEBUG] [mixin/]: inject() running with 252 agents
[18Sep2024 03:30:12.306] [main/DEBUG] [mixin/]: Processing inject() for PlatformAgent[MixinPlatformAgentDefault:ModLauncher Root Container(ModLauncher:4f56a0a2)]
[18Sep2024 03:30:12.307] [main/DEBUG] [mixin/]: Processing inject() for PlatformAgent[MixinPlatformAgentDefault:SecureJarResource(saturn)]
[18Sep2024 03:30:12.307] [main/DEBUG] [mixin/]: Processing inject() for PlatformAgent[MixinPlatformAgentDefault:SecureJarResource(kubejs)]
[18Sep2024 03:30:12.308] [main/DEBUG] [mixin/]: Processing inject() for PlatformAgent[MixinPlatformAgentDefault:SecureJarResource(betterdungeons)]
[18Sep2024 03:30:12.308] [main/DEBUG] [mixin/]: Processing inject() for PlatformAgent[MixinPlatformAgentDefault:SecureJarResource(alexsmobs)]
[18Sep2024 03:30:12.308] [main/DEBUG] [mixin/]: Processing inject() for PlatformAgent[MixinPlatformAgentDefault:SecureJarResource(additionalentityattributes)]
[18Sep2024 03:30:12.308] [main/DEBUG] [mixin/]: Processing inject() for PlatformAgent[MixinPlatformAgentDefault:SecureJarResource(oriacs)]
[18Sep2024 03:30:12.308] [main/DEBUG] [mixin/]: Processing inject() for PlatformAgent[MixinPlatformAgentDefault:SecureJarResource(playeranimator)]
[18Sep2024 03:30:12.309] [main/DEBUG] [mixin/]: Processing inject() for PlatformAgent[MixinPlatformAgentDefault:SecureJarResource(majruszsdifficulty)]
[18Sep2024 03:30:12.309] [main/DEBUG] [mixin/]: Processing inject() for PlatformAgent[MixinPlatformAgentDefault:SecureJarResource(entitycollisionfpsfix)]
[18Sep2024 03:30:12.309] [main/DEBUG] [mixin/]: Processing inject() for PlatformAgent[MixinPlatformAgentDefault:SecureJarResource(nerb)]
[18Sep2024 03:30:12.312] [main/DEBUG] [mixin/]: Processing inject() for PlatformAgent[MixinPlatformAgentDefault:SecureJarResource(apoli)]
[18Sep2024 03:30:12.312] [main/DEBUG] [mixin/]: Processing inject() for PlatformAgent[MixinPlatformAgentDefault:SecureJarResource(stalwart_dungeons)]
[18Sep2024 03:30:12.312] [main/DEBUG] [mixin/]: Processing inject() for PlatformAgent[MixinPlatformAgentDefault:SecureJarResource(rubidium)]
[18Sep2024 03:30:12.312] [main/DEBUG] [mixin/]: Processing inject() for PlatformAgent[MixinPlatformAgentDefault:SecureJarResource(doapi)]
[18Sep2024 03:30:12.312] [main/DEBUG] [mixin/]: Processing inject() for PlatformAgent[MixinPlatformAgentDefault:SecureJarResource(nanny)]
[18Sep2024 03:30:12.313] [main/DEBUG] [mixin/]: Processing inject() for PlatformAgent[MixinPlatformAgentDefault:SecureJarResource(modernfix)]
[18Sep2024 03:30:12.313] [main/DEBUG] [mixin/]: Processing inject() for PlatformAgent[MixinPlatformAgentDefault:SecureJarResource(gateways)]
[18Sep2024 03:30:12.313] [main/DEBUG] [mixin/]: Processing inject() for PlatformAgent[MixinPlatformAgentDefault:SecureJarResource(yungsapi)]
[18Sep2024 03:30:12.313] [main/DEBUG] [mixin/]: Processing inject() for PlatformAgent[MixinPlatformAgentDefault:SecureJarResource(maxhealthfix)]
[18Sep2024 03:30:12.314] [main/DEBUG] [mixin/]: Processing inject() for PlatformAgent[MixinPlatformAgentDefault:SecureJarResource(upgradednetherite_items)]
[18Sep2024 03:30:12.314] [main/DEBUG] [mixin/]: Processing inject() for PlatformAgent[MixinPlatformAgentDefault:SecureJarResource(vinery)]
[18Sep2024 03:30:12.314] [main/DEBUG] [mixin/]: Processing inject() for PlatformAgent[MixinPlatformAgentDefault:SecureJarResource(apotheosis)]
[18Sep2024 03:30:12.314] [main/DEBUG] [mixin/]: Processing inject() for PlatformAgent[MixinPlatformAgentDefault:SecureJarResource(savage_and_ravage)]
[18Sep2024 03:30:12.314] [main/DEBUG] [mixin/]: Processing inject() for PlatformAgent[MixinPlatformAgentDefault:SecureJarResource(balm)]
[18Sep2024 03:30:12.315] [main/DEBUG] [mixin/]: Processing inject() for PlatformAgent[MixinPlatformAgentDefault:SecureJarResource(immersive_armors)]
[18Sep2024 03:30:12.315] [main/DEBUG] [mixin/]: Processing inject() for PlatformAgent[MixinPlatformAgentDefault:SecureJarResource(cloth_config)]
[18Sep2024 03:30:12.315] [main/DEBUG] [mixin/]: Processing inject() for PlatformAgent[MixinPlatformAgentDefault:SecureJarResource(betterfortresses)]
[18Sep2024 03:30:12.315] [main/DEBUG] [mixin/]: Processing inject() for PlatformAgent[MixinPlatformAgentDefault:SecureJarResource(autoleveling)]
[18Sep2024 03:30:12.315] [main/DEBUG] [mixin/]: Processing inject() for PlatformAgent[MixinPlatformAgentDefault:SecureJarResource(iter_rpg)]
[18Sep2024 03:30:12.316] [main/DEBUG] [mixin/]: Processing inject() for PlatformAgent[MixinPlatformAgentDefault:SecureJarResource(upgradednetherite)]
[18Sep2024 03:30:12.316] [main/DEBUG] [mixin/]: Processing inject() for PlatformAgent[MixinPlatformAgentDefault:SecureJarResource(advancementplaques)]
[18Sep2024 03:30:12.316] [main/DEBUG] [mixin/]: Processing inject() for PlatformAgent[MixinPlatformAgentDefault:SecureJarResource(corpse)]
[18Sep2024 03:30:12.316] [main/DEBUG] [mixin/]: Processing inject() for PlatformAgent[MixinPlatformAgentDefault:SecureJarResource(solapplepie)]
[18Sep2024 03:30:12.317] [main/DEBUG] [mixin/]: Processing inject() for PlatformAgent[MixinPlatformAgentDefault:SecureJarResource(structure_gel)]
[18Sep2024 03:30:12.317] [main/DEBUG] [mixin/]: Processing inject() for PlatformAgent[MixinPlatformAgentDefault:SecureJarResource(ftbxmodcompat)]
[18Sep2024 03:30:12.317] [main/DEBUG] [mixin/]: Processing inject() for PlatformAgent[MixinPlatformAgentDefault:SecureJarResource(combatroll)]
[18Sep2024 03:30:12.317] [main/DEBUG] [mixin/]: Processing inject() for PlatformAgent[MixinPlatformAgentDefault:SecureJarResource(morevillagers)]
[18Sep2024 03:30:12.317] [main/DEBUG] [mixin/]: Processing inject() for PlatformAgent[MixinPlatformAgentDefault:SecureJarResource(repurposed_structures)]
[18Sep2024 03:30:12.318] [main/DEBUG] [mixin/]: Processing inject() for PlatformAgent[MixinPlatformAgentDefault:SecureJarResource(explorify)]
[18Sep2024 03:30:12.318] [main/DEBUG] [mixin/]: Processing inject() for PlatformAgent[MixinPlatformAgentDefault:SecureJarResource(ironfurnaces)]
[18Sep2024 03:30:12.318] [main/DEBUG] [mixin/]: Processing inject() for PlatformAgent[MixinPlatformAgentDefault:SecureJarResource(dungeons_plus)]
[18Sep2024 03:30:12.318] [main/DEBUG] [mixin/]: Processing inject() for PlatformAgent[MixinPlatformAgentDefault:SecureJarResource(unusualend)]
[18Sep2024 03:30:12.318] [main/DEBUG] [mixin/]: Processing inject() for PlatformAgent[MixinPlatformAgentDefault:SecureJarResource(reeses_sodium_options)]
[18Sep2024 03:30:12.319] [main/DEBUG] [mixin/]: Processing inject() for PlatformAgent[MixinPlatformAgentDefault:SecureJarResource(mcsa)]
[18Sep2024 03:30:12.319] [main/DEBUG] [mixin/]: Processing inject() for PlatformAgent[MixinPlatformAgentDefault:SecureJarResource(curios)]
[18Sep2024 03:30:12.319] [main/DEBUG] [mixin/]: Processing inject() for PlatformAgent[MixinPlatformAgentDefault:SecureJarResource(origins)]
[18Sep2024 03:30:12.319] [main/DEBUG] [mixin/]: Processing inject() for PlatformAgent[MixinPlatformAgentDefault:SecureJarResource(gamestages)]
[18Sep2024 03:30:12.319] [main/DEBUG] [mixin/]: Processing inject() for PlatformAgent[MixinPlatformAgentDefault:SecureJarResource(dragonenchants)]
[18Sep2024 03:30:12.322] [main/DEBUG] [mixin/]: Processing inject() for PlatformAgent[MixinPlatformAgentDefault:SecureJarResource(cumulus_menus)]
[18Sep2024 03:30:12.322] [main/DEBUG] [mixin/]: Processing inject() for PlatformAgent[MixinPlatformAgentDefault:SecureJarResource(constructionwand)]
[18Sep2024 03:30:12.322] [main/DEBUG] [mixin/]: Processing inject() for PlatformAgent[MixinPlatformAgentDefault:SecureJarResource(pluto)]
[18Sep2024 03:30:12.327] [main/DEBUG] [mixin/]: Processing inject() for PlatformAgent[MixinPlatformAgentDefault:SecureJarResource(apothiccurios)]
[18Sep2024 03:30:12.328] [main/DEBUG] [mixin/]: Processing inject() for PlatformAgent[MixinPlatformAgentDefault:SecureJarResource(betterendisland)]
[18Sep2024 03:30:12.328] [main/DEBUG] [mixin/]: Processing inject() for PlatformAgent[MixinPlatformAgentDefault:SecureJarResource(nitrogen_internals)]
[18Sep2024 03:30:12.328] [main/DEBUG] [mixin/]: Processing inject() for PlatformAgent[MixinPlatformAgentDefault:SecureJarResource(celestisynth)]
[18Sep2024 03:30:12.328] [main/DEBUG] [mixin/]: Processing inject() for PlatformAgent[MixinPlatformAgentDefault:SecureJarResource(deep_aether)]
[18Sep2024 03:30:12.328] [main/DEBUG] [mixin/]: Processing inject() for PlatformAgent[MixinPlatformAgentDefault:SecureJarResource(toms_storage)]
[18Sep2024 03:30:12.329] [main/DEBUG] [mixin/]: Processing inject() for PlatformAgent[MixinPlatformAgentDefault:SecureJarResource(bettermineshafts)]
[18Sep2024 03:30:12.329] [main/DEBUG] [mixin/]: Processing inject() for PlatformAgent[MixinPlatformAgentDefault:SecureJarResource(geckolib3)]
[18Sep2024 03:30:12.329] [main/DEBUG] [mixin/]: Processing inject() for PlatformAgent[MixinPlatformAgentDefault:SecureJarResource(majruszlibrary)]
[18Sep2024 03:30:12.329] [main/DEBUG] [mixin/]: Processing inject() for PlatformAgent[MixinPlatformAgentDefault:SecureJarResource(betterjungletemples)]
[18Sep2024 03:30:12.330] [main/DEBUG] [mixin/]: Processing inject() for PlatformAgent[MixinPlatformAgentDefault:SecureJarResource(elytraslot)]
[18Sep2024 03:30:12.330] [main/DEBUG] [mixin/]: Processing inject() for PlatformAgent[MixinPlatformAgentDefault:SecureJarResource(mowziesmobs)]
[18Sep2024 03:30:12.330] [main/DEBUG] [mixin/]: Processing inject() for PlatformAgent[MixinPlatformAgentDefault:SecureJarResource(ftblibrary)]
[18Sep2024 03:30:12.330] [main/DEBUG] [mixin/]: Processing inject() for PlatformAgent[MixinPlatformAgentDefault:SecureJarResource(mutantmonsters)]
[18Sep2024 03:30:12.330] [main/DEBUG] [mixin/]: Processing inject() for PlatformAgent[MixinPlatformAgentDefault:SecureJarResource(jei)]
[18Sep2024 03:30:12.331] [main/DEBUG] [mixin/]: Processing inject() for PlatformAgent[MixinPlatformAgentDefault:SecureJarResource(attributefix)]
[18Sep2024 03:30:12.331] [main/DEBUG] [mixin/]: Processing inject() for PlatformAgent[MixinPlatformAgentDefault:SecureJarResource(pehkui)]
[18Sep2024 03:30:12.331] [main/DEBUG] [mixin/]: Processing inject() for PlatformAgent[MixinPlatformAgentDefault:SecureJarResource(caelus)]
[18Sep2024 03:30:12.331] [main/DEBUG] [mixin/]: Processing inject() for PlatformAgent[MixinPlatformAgentDefault:SecureJarResource(paxi)]
[18Sep2024 03:30:12.332] [main/DEBUG] [mixin/]: Processing inject() for PlatformAgent[MixinPlatformAgentDefault:SecureJarResource(ringsofascension)]
[18Sep2024 03:30:12.332] [main/DEBUG] [mixin/]: Processing inject() for PlatformAgent[MixinPlatformAgentDefault:SecureJarResource(apotheotic_additions)]
[18Sep2024 03:30:12.332] [main/DEBUG] [mixin/]: Processing inject() for PlatformAgent[MixinPlatformAgentDefault:SecureJarResource(naturescompass)]
[18Sep2024 03:30:12.332] [main/DEBUG] [mixin/]: Processing inject() for PlatformAgent[MixinPlatformAgentDefault:SecureJarResource(craterlib)]
[18Sep2024 03:30:12.333] [main/DEBUG] [mixin/]: Processing inject() for PlatformAgent[MixinPlatformAgentDefault:SecureJarResource(midnightlib)]
[18Sep2024 03:30:12.333] [main/DEBUG] [mixin/]: Processing inject() for PlatformAgent[MixinPlatformAgentDefault:SecureJarResource(starlight)]
[18Sep2024 03:30:12.333] [main/DEBUG] [mixin/]: Processing inject() for PlatformAgent[MixinPlatformAgentDefault:SecureJarResource(medieval_paintings)]
[18Sep2024 03:30:12.333] [main/DEBUG] [mixin/]: Processing inject() for PlatformAgent[MixinPlatformAgentDefault:SecureJarResource(ars_nouveau)]
[18Sep2024 03:30:12.334] [main/DEBUG] [mixin/]: Processing inject() for PlatformAgent[MixinPlatformAgentDefault:SecureJarResource(crafttweaker)]
[18Sep2024 03:30:12.334] [main/DEBUG] [mixin/]: Processing inject() for PlatformAgent[MixinPlatformAgentDefault:SecureJarResource(memoryleakfix)]
[18Sep2024 03:30:12.334] [main/DEBUG] [mixin/]: Processing inject() for PlatformAgent[MixinPlatformAgentDefault:SecureJarResource(dungeons_arise_seven_seas)]
[18Sep2024 03:30:12.334] [main/DEBUG] [mixin/]: Processing inject() for PlatformAgent[MixinPlatformAgentDefault:SecureJarResource(rubidium_extras)]
[18Sep2024 03:30:12.334] [main/DEBUG] [mixin/]: Processing inject() for PlatformAgent[MixinPlatformAgentDefault:SecureJarResource(forge)]
[18Sep2024 03:30:12.335] [main/DEBUG] [mixin/]: Processing inject() for PlatformAgent[MixinPlatformAgentDefault:SecureJarResource(infernalmobs)]
[18Sep2024 03:30:12.335] [main/DEBUG] [mixin/]: Processing inject() for PlatformAgent[MixinPlatformAgentDefault:SecureJarResource(ironchest)]
[18Sep2024 03:30:12.335] [main/DEBUG] [mixin/]: Processing inject() for PlatformAgent[MixinPlatformAgentDefault:SecureJarResource(dungeons_arise)]
[18Sep2024 03:30:12.335] [main/DEBUG] [mixin/]: Processing inject() for PlatformAgent[MixinPlatformAgentDefault:SecureJarResource(smoothchunk)]
[18Sep2024 03:30:12.336] [main/DEBUG] [mixin/]: Processing inject() for PlatformAgent[MixinPlatformAgentDefault:SecureJarResource(sons_of_sins)]
[18Sep2024 03:30:12.336] [main/DEBUG] [mixin/]: Processing inject() for PlatformAgent[MixinPlatformAgentDefault:SecureJarResource(minecraft)]
[18Sep2024 03:30:12.336] [main/DEBUG] [mixin/]: Processing inject() for PlatformAgent[MixinPlatformAgentDefault:SecureJarResource(terrablender)]
[18Sep2024 03:30:12.338] [main/DEBUG] [mixin/]: Processing inject() for PlatformAgent[MixinPlatformAgentDefault:SecureJarResource(bettercombat)]
[18Sep2024 03:30:12.338] [main/DEBUG] [mixin/]: Processing inject() for PlatformAgent[MixinPlatformAgentDefault:SecureJarResource(mousetweaks)]
[18Sep2024 03:30:12.338] [main/DEBUG] [mixin/]: Processing inject() for PlatformAgent[MixinPlatformAgentDefault:SecureJarResource(commonality)]
[18Sep2024 03:30:12.339] [main/DEBUG] [mixin/]: Processing inject() for PlatformAgent[MixinPlatformAgentDefault:SecureJarResource(ftbquests)]
[18Sep2024 03:30:12.339] [main/DEBUG] [mixin/]: Processing inject() for PlatformAgent[MixinPlatformAgentDefault:SecureJarResource(necronomicon)]
[18Sep2024 03:30:12.339] [main/DEBUG] [mixin/]: Processing inject() for PlatformAgent[MixinPlatformAgentDefault:SecureJarResource(itemproductionlib)]
[18Sep2024 03:30:12.339] [main/DEBUG] [mixin/]: Processing inject() for PlatformAgent[MixinPlatformAgentDefault:SecureJarResource(spectrelib)]
[18Sep2024 03:30:12.339] [main/DEBUG] [mixin/]: Processing inject() for PlatformAgent[MixinPlatformAgentDefault:SecureJarResource(corgilib)]
[18Sep2024 03:30:12.340] [main/DEBUG] [mixin/]: Processing inject() for PlatformAgent[MixinPlatformAgentDefault:SecureJarResource(fastpaintings)]
[18Sep2024 03:30:12.340] [main/DEBUG] [mixin/]: Processing inject() for PlatformAgent[MixinPlatformAgentDefault:SecureJarResource(aeroblender)]
[18Sep2024 03:30:12.340] [main/DEBUG] [mixin/]: Processing inject() for PlatformAgent[MixinPlatformAgentDefault:SecureJarResource(calio)]
[18Sep2024 03:30:12.340] [main/DEBUG] [mixin/]: Processing inject() for PlatformAgent[MixinPlatformAgentDefault:SecureJarResource(betterfpsdist)]
[18Sep2024 03:30:12.341] [main/DEBUG] [mixin/]: Processing inject() for PlatformAgent[MixinPlatformAgentDefault:SecureJarResource(brewinandchewin)]
[18Sep2024 03:30:12.341] [main/DEBUG] [mixin/]: Processing inject() for PlatformAgent[MixinPlatformAgentDefault:SecureJarResource(archaeology)]
[18Sep2024 03:30:12.341] [main/DEBUG] [mixin/]: Processing inject() for PlatformAgent[MixinPlatformAgentDefault:SecureJarResource(farmersrespite)]
[18Sep2024 03:30:12.341] [main/DEBUG] [mixin/]: Processing inject() for PlatformAgent[MixinPlatformAgentDefault:SecureJarResource(ecologics)]
[18Sep2024 03:30:12.341] [main/DEBUG] [mixin/]: Processing inject() for PlatformAgent[MixinPlatformAgentDefault:SecureJarResource(xaerominimap)]
[18Sep2024 03:30:12.342] [main/DEBUG] [mixin/]: Processing inject() for PlatformAgent[MixinPlatformAgentDefault:SecureJarResource(shadowizardlib)]
[18Sep2024 03:30:12.342] [main/DEBUG] [mixin/]: Processing inject() for PlatformAgent[MixinPlatformAgentDefault:SecureJarResource(bocchium)]
[18Sep2024 03:30:12.342] [main/DEBUG] [mixin/]: Processing inject() for PlatformAgent[MixinPlatformAgentDefault:SecureJarResource(polymorph)]
[18Sep2024 03:30:12.342] [main/DEBUG] [mixin/]: Processing inject() for PlatformAgent[MixinPlatformAgentDefault:SecureJarResource(entityculling)]
[18Sep2024 03:30:12.343] [main/DEBUG] [mixin/]: Processing inject() for PlatformAgent[MixinPlatformAgentDefault:SecureJarResource(canary)]
[18Sep2024 03:30:12.343] [main/DEBUG] [mixin/]: Processing inject() for PlatformAgent[MixinPlatformAgentDefault:SecureJarResource(strictly_origins)]
[18Sep2024 03:30:12.344] [main/DEBUG] [mixin/]: Processing inject() for PlatformAgent[MixinPlatformAgentDefault:SecureJarResource(immediatelyfast)]
[18Sep2024 03:30:12.344] [main/DEBUG] [mixin/]: Processing inject() for PlatformAgent[MixinPlatformAgentDefault:SecureJarResource(tlc)]
[18Sep2024 03:30:12.344] [main/DEBUG] [mixin/]: Processing inject() for PlatformAgent[MixinPlatformAgentDefault:SecureJarResource(lootr)]
[18Sep2024 03:30:12.344] [main/DEBUG] [mixin/]: Processing inject() for PlatformAgent[MixinPlatformAgentDefault:SecureJarResource(biomemusic)]
[18Sep2024 03:30:12.345] [main/DEBUG] [mixin/]: Processing inject() for PlatformAgent[MixinPlatformAgentDefault:SecureJarResource(upgradednetherite_ultimate)]
[18Sep2024 03:30:12.345] [main/DEBUG] [mixin/]: Processing inject() for PlatformAgent[MixinPlatformAgentDefault:SecureJarResource(puzzleslib)]
[18Sep2024 03:30:12.345] [main/DEBUG] [mixin/]: Processing inject() for PlatformAgent[MixinPlatformAgentDefault:SecureJarResource(aquaculture)]
[18Sep2024 03:30:12.345] [main/DEBUG] [mixin/]: Processing inject() for PlatformAgent[MixinPlatformAgentDefault:SecureJarResource(delightful)]
[18Sep2024 03:30:12.345] [main/DEBUG] [mixin/]: Processing inject() for PlatformAgent[MixinPlatformAgentDefault:SecureJarResource(chunksending)]
[18Sep2024 03:30:12.346] [main/DEBUG] [mixin/]: Processing inject() for PlatformAgent[MixinPlatformAgentDefault:SecureJarResource(phantasm)]
[18Sep2024 03:30:12.346] [main/DEBUG] [mixin/]: Processing inject() for PlatformAgent[MixinPlatformAgentDefault:SecureJarResource(aquamirae)]
[18Sep2024 03:30:12.346] [main/DEBUG] [mixin/]: Processing inject() for PlatformAgent[MixinPlatformAgentDefault:SecureJarResource(defaultoptions)]
[18Sep2024 03:30:12.346] [main/DEBUG] [mixin/]: Processing inject() for PlatformAgent[MixinPlatformAgentDefault:SecureJarResource(xpbook)]
[18Sep2024 03:30:12.347] [main/DEBUG] [mixin/]: Processing inject() for PlatformAgent[MixinPlatformAgentDefault:SecureJarResource(blue_skies)]
[18Sep2024 03:30:12.347] [main/DEBUG] [mixin/]: Processing inject() for PlatformAgent[MixinPlatformAgentDefault:SecureJarResource(transmog)]
[18Sep2024 03:30:12.347] [main/DEBUG] [mixin/]: Processing inject() for PlatformAgent[MixinPlatformAgentDefault:SecureJarResource(recipeessentials)]
[18Sep2024 03:30:12.347] [main/DEBUG] [mixin/]: Processing inject() for PlatformAgent[MixinPlatformAgentDefault:SecureJarResource(aether)]
[18Sep2024 03:30:12.347] [main/DEBUG] [mixin/]: Processing inject() for PlatformAgent[MixinPlatformAgentDefault:SecureJarResource(betteroceanmonuments)]
[18Sep2024 03:30:12.348] [main/DEBUG] [mixin/]: Processing inject() for PlatformAgent[MixinPlatformAgentDefault:SecureJarResource(connectivity)]
[18Sep2024 03:30:12.348] [main/DEBUG] [mixin/]: Processing inject() for PlatformAgent[MixinPlatformAgentDefault:SecureJarResource(incendium)]
[18Sep2024 03:30:12.348] [main/DEBUG] [mixin/]: Processing inject() for PlatformAgent[MixinPlatformAgentDefault:SecureJarResource(gpumemleakfix)]
[18Sep2024 03:30:12.348] [main/DEBUG] [mixin/]: Processing inject() for PlatformAgent[MixinPlatformAgentDefault:SecureJarResource(sophisticatedcore)]
[18Sep2024 03:30:12.349] [main/DEBUG] [mixin/]: Processing inject() for PlatformAgent[MixinPlatformAgentDefault:SecureJarResource(insanelib)]
[18Sep2024 03:30:12.349] [main/DEBUG] [mixin/]: Processing inject() for PlatformAgent[MixinPlatformAgentDefault:SecureJarResource(structureessentials)]
[18Sep2024 03:30:12.349] [main/DEBUG] [mixin/]: Processing inject() for PlatformAgent[MixinPlatformAgentDefault:SecureJarResource(controlling)]
[18Sep2024 03:30:12.349] [main/DEBUG] [mixin/]: Processing inject() for PlatformAgent[MixinPlatformAgentDefault:SecureJarResource(xaeroworldmap)]
[18Sep2024 03:30:12.349] [main/DEBUG] [mixin/]: Processing inject() for PlatformAgent[MixinPlatformAgentDefault:SecureJarResource(citadel)]
[18Sep2024 03:30:12.350] [main/DEBUG] [mixin/]: Processing inject() for PlatformAgent[MixinPlatformAgentDefault:SecureJarResource(placebo)]
[18Sep2024 03:30:12.350] [main/DEBUG] [mixin/]: Processing inject() for PlatformAgent[MixinPlatformAgentDefault:SecureJarResource(prism)]
[18Sep2024 03:30:12.350] [main/DEBUG] [mixin/]: Processing inject() for PlatformAgent[MixinPlatformAgentDefault:SecureJarResource(lootintegrations)]
[18Sep2024 03:30:12.350] [main/DEBUG] [mixin/]: Processing inject() for PlatformAgent[MixinPlatformAgentDefault:SecureJarResource(item_obliterator)]
[18Sep2024 03:30:12.351] [main/DEBUG] [mixin/]: Processing inject() for PlatformAgent[MixinPlatformAgentDefault:SecureJarResource(bakery)]
[18Sep2024 03:30:12.351] [main/DEBUG] [mixin/]: Processing inject() for PlatformAgent[MixinPlatformAgentDefault:SecureJarResource(bookshelf)]
[18Sep2024 03:30:12.351] [main/DEBUG] [mixin/]: Processing inject() for PlatformAgent[MixinPlatformAgentDefault:SecureJarResource(sophisticatedbackpacks)]
[18Sep2024 03:30:12.351] [main/DEBUG] [mixin/]: Processing inject() for PlatformAgent[MixinPlatformAgentDefault:SecureJarResource(twigs)]
[18Sep2024 03:30:12.352] [main/DEBUG] [mixin/]: Processing inject() for PlatformAgent[MixinPlatformAgentDefault:SecureJarResource(relics)]
[18Sep2024 03:30:12.352] [main/DEBUG] [mixin/]: Processing inject() for PlatformAgent[MixinPlatformAgentDefault:SecureJarResource(progressivebosses)]
[18Sep2024 03:30:12.352] [main/DEBUG] [mixin/]: Processing inject() for PlatformAgent[MixinPlatformAgentDefault:SecureJarResource(takesapillage)]
[18Sep2024 03:30:12.352] [main/DEBUG] [mixin/]: Processing inject() for PlatformAgent[MixinPlatformAgentDefault:SecureJarResource(bygonenether)]
[18Sep2024 03:30:12.352] [main/DEBUG] [mixin/]: Processing inject() for PlatformAgent[MixinPlatformAgentDefault:SecureJarResource(melody)]
[18Sep2024 03:30:12.353] [main/DEBUG] [mixin/]: Processing inject() for PlatformAgent[MixinPlatformAgentDefault:SecureJarResource(ftbteams)]
[18Sep2024 03:30:12.353] [main/DEBUG] [mixin/]: Processing inject() for PlatformAgent[MixinPlatformAgentDefault:SecureJarResource(dragonmounts)]
[18Sep2024 03:30:12.353] [main/DEBUG] [mixin/]: Processing inject() for PlatformAgent[MixinPlatformAgentDefault:SecureJarResource(dummmmmmy)]
[18Sep2024 03:30:12.353] [main/DEBUG] [mixin/]: Processing inject() for PlatformAgent[MixinPlatformAgentDefault:SecureJarResource(no_nv_flash)]
[18Sep2024 03:30:12.354] [main/DEBUG] [mixin/]: Processing inject() for PlatformAgent[MixinPlatformAgentDefault:SecureJarResource(twilightforest)]
[18Sep2024 03:30:12.354] [main/DEBUG] [mixin/]: Processing inject() for PlatformAgent[MixinPlatformAgentDefault:SecureJarResource(konkrete)]
[18Sep2024 03:30:12.354] [main/DEBUG] [mixin/]: Processing inject() for PlatformAgent[MixinPlatformAgentDefault:SecureJarResource(enemyexpansion)]
[18Sep2024 03:30:12.354] [main/DEBUG] [mixin/]: Processing inject() for PlatformAgent[MixinPlatformAgentDefault:SecureJarResource(collectionofsingiro)]
[18Sep2024 03:30:12.354] [main/DEBUG] [mixin/]: Processing inject() for PlatformAgent[MixinPlatformAgentDefault:SecureJarResource(farmersdelight)]
[18Sep2024 03:30:12.355] [main/DEBUG] [mixin/]: Processing inject() for PlatformAgent[MixinPlatformAgentDefault:SecureJarResource(getittogetherdrops)]
[18Sep2024 03:30:12.355] [main/DEBUG] [mixin/]: Processing inject() for PlatformAgent[MixinPlatformAgentDefault:SecureJarResource(endrem)]
[18Sep2024 03:30:12.355] [main/DEBUG] [mixin/]: Processing inject() for PlatformAgent[MixinPlatformAgentDefault:SecureJarResource(dungeons_enhanced)]
[18Sep2024 03:30:12.355] [main/DEBUG] [mixin/]: Processing inject() for PlatformAgent[MixinPlatformAgentDefault:SecureJarResource(lionfishapi)]
[18Sep2024 03:30:12.356] [main/DEBUG] [mixin/]: Processing inject() for PlatformAgent[MixinPlatformAgentDefault:SecureJarResource(cataclysm)]
[18Sep2024 03:30:12.356] [main/DEBUG] [mixin/]: Processing inject() for PlatformAgent[MixinPlatformAgentDefault:SecureJarResource(patchouli)]
[18Sep2024 03:30:12.356] [main/DEBUG] [mixin/]: Processing inject() for PlatformAgent[MixinPlatformAgentDefault:SecureJarResource(cullleaves)]
[18Sep2024 03:30:12.356] [main/DEBUG] [mixin/]: Processing inject() for PlatformAgent[MixinPlatformAgentDefault:SecureJarResource(origins_classes)]
[18Sep2024 03:30:12.357] [main/DEBUG] [mixin/]: Processing inject() for PlatformAgent[MixinPlatformAgentDefault:SecureJarResource(betterthirdperson)]
[18Sep2024 03:30:12.357] [main/DEBUG] [mixin/]: Processing inject() for PlatformAgent[MixinPlatformAgentDefault:SecureJarResource(ftbultimine)]
[18Sep2024 03:30:12.357] [main/DEBUG] [mixin/]: Processing inject() for PlatformAgent[MixinPlatformAgentDefault:SecureJarResource(nightconfigfixes)]
[18Sep2024 03:30:12.357] [main/DEBUG] [mixin/]: Processing inject() for PlatformAgent[MixinPlatformAgentDefault:SecureJarResource(betterstrongholds)]
[18Sep2024 03:30:12.358] [main/DEBUG] [mixin/]: Processing inject() for PlatformAgent[MixinPlatformAgentDefault:SecureJarResource(enigmaticlegacy)]
[18Sep2024 03:30:12.358] [main/DEBUG] [mixin/]: Processing inject() for PlatformAgent[MixinPlatformAgentDefault:SecureJarResource(architectury)]
[18Sep2024 03:30:12.358] [main/DEBUG] [mixin/]: Processing inject() for PlatformAgent[MixinPlatformAgentDefault:SecureJarResource(aiimprovements)]
[18Sep2024 03:30:12.359] [main/DEBUG] [mixin/]: Processing inject() for PlatformAgent[MixinPlatformAgentDefault:SecureJarResource(cupboard)]
[18Sep2024 03:30:12.359] [main/DEBUG] [mixin/]: Processing inject() for PlatformAgent[MixinPlatformAgentDefault:SecureJarResource(smallships)]
[18Sep2024 03:30:12.360] [main/DEBUG] [mixin/]: Processing inject() for PlatformAgent[MixinPlatformAgentDefault:SecureJarResource(letmedespawn)]
[18Sep2024 03:30:12.361] [main/DEBUG] [mixin/]: Processing inject() for PlatformAgent[MixinPlatformAgentDefault:SecureJarResource(t_and_t)]
[18Sep2024 03:30:12.361] [main/DEBUG] [mixin/]: Processing inject() for PlatformAgent[MixinPlatformAgentDefault:SecureJarResource(toomanyglyphs)]
[18Sep2024 03:30:12.361] [main/DEBUG] [mixin/]: Processing inject() for PlatformAgent[MixinPlatformAgentDefault:SecureJarResource(yeetusexperimentus)]
[18Sep2024 03:30:12.362] [main/DEBUG] [mixin/]: Processing inject() for PlatformAgent[MixinPlatformAgentDefault:SecureJarResource(dreadsteel)]
[18Sep2024 03:30:12.362] [main/DEBUG] [mixin/]: Processing inject() for PlatformAgent[MixinPlatformAgentDefault:SecureJarResource(betteradvancements)]
[18Sep2024 03:30:12.362] [main/DEBUG] [mixin/]: Processing inject() for PlatformAgent[MixinPlatformAgentDefault:SecureJarResource(majruszsaccessories)]
[18Sep2024 03:30:12.362] [main/DEBUG] [mixin/]: Processing inject() for PlatformAgent[MixinPlatformAgentDefault:SecureJarResource(bhmenu)]
[18Sep2024 03:30:12.363] [main/DEBUG] [mixin/]: Processing inject() for PlatformAgent[MixinPlatformAgentDefault:SecureJarResource(inventorysorter)]
[18Sep2024 03:30:12.363] [main/DEBUG] [mixin/]: Processing inject() for PlatformAgent[MixinPlatformAgentDefault:SecureJarResource(rhino)]
[18Sep2024 03:30:12.363] [main/DEBUG] [mixin/]: Processing inject() for PlatformAgent[MixinPlatformAgentDefault:SecureJarResource(octolib)]
[18Sep2024 03:30:12.363] [main/DEBUG] [mixin/]: Processing inject() for PlatformAgent[MixinPlatformAgentDefault:SecureJarResource(itemfilters)]
[18Sep2024 03:30:12.363] [main/DEBUG] [mixin/]: Processing inject() for PlatformAgent[MixinPlatformAgentDefault:SecureJarResource(xlpackets)]
[18Sep2024 03:30:12.364] [main/DEBUG] [mixin/]: Processing inject() for PlatformAgent[MixinPlatformAgentDefault:SecureJarResource(obscure_api)]
[18Sep2024 03:30:12.364] [main/DEBUG] [mixin/]: Processing inject() for PlatformAgent[MixinPlatformAgentDefault:SecureJarResource(waystones)]
[18Sep2024 03:30:12.364] [main/DEBUG] [mixin/]: Processing inject() for PlatformAgent[MixinPlatformAgentDefault:SecureJarResource(fantasyfurniture)]
[18Sep2024 03:30:12.364] [main/DEBUG] [mixin/]: Processing inject() for PlatformAgent[MixinPlatformAgentDefault:SecureJarResource(clumps)]
[18Sep2024 03:30:12.365] [main/DEBUG] [mixin/]: Processing inject() for PlatformAgent[MixinPlatformAgentDefault:SecureJarResource(structory)]
[18Sep2024 03:30:12.365] [main/DEBUG] [mixin/]: Processing inject() for PlatformAgent[MixinPlatformAgentDefault:SecureJarResource(decorative_blocks)]
[18Sep2024 03:30:12.365] [main/DEBUG] [mixin/]: Processing inject() for PlatformAgent[MixinPlatformAgentDefault:SecureJarResource(myserveriscompatible)]
[18Sep2024 03:30:12.365] [main/DEBUG] [mixin/]: Processing inject() for PlatformAgent[MixinPlatformAgentDefault:SecureJarResource(dungeoncrawl)]
[18Sep2024 03:30:12.365] [main/DEBUG] [mixin/]: Processing inject() for PlatformAgent[MixinPlatformAgentDefault:SecureJarResource(badmobs)]
[18Sep2024 03:30:12.366] [main/DEBUG] [mixin/]: Processing inject() for PlatformAgent[MixinPlatformAgentDefault:SecureJarResource(lazydfu)]
[18Sep2024 03:30:12.366] [main/DEBUG] [mixin/]: Processing inject() for PlatformAgent[MixinPlatformAgentDefault:SecureJarResource(explorerscompass)]
[18Sep2024 03:30:12.366] [main/DEBUG] [mixin/]: Processing inject() for PlatformAgent[MixinPlatformAgentDefault:SecureJarResource(betterdeserttemples)]
[18Sep2024 03:30:12.366] [main/DEBUG] [mixin/]: Processing inject() for PlatformAgent[MixinPlatformAgentDefault:SecureJarResource(bosses_of_mass_destruction)]
[18Sep2024 03:30:12.367] [main/DEBUG] [mixin/]: Processing inject() for PlatformAgent[MixinPlatformAgentDefault:SecureJarResource(blueprint)]
[18Sep2024 03:30:12.367] [main/DEBUG] [mixin/]: Processing inject() for PlatformAgent[MixinPlatformAgentDefault:SecureJarResource(terralith)]
[18Sep2024 03:30:12.367] [main/DEBUG] [mixin/]: Processing inject() for PlatformAgent[MixinPlatformAgentDefault:SecureJarResource(dungeons_andtaverns_mr)]
[18Sep2024 03:30:12.367] [main/DEBUG] [mixin/]: Processing inject() for PlatformAgent[MixinPlatformAgentDefault:SecureJarResource(ftbchunks)]
[18Sep2024 03:30:12.367] [main/DEBUG] [mixin/]: Processing inject() for PlatformAgent[MixinPlatformAgentDefault:SecureJarResource(travelerstitles)]
[18Sep2024 03:30:12.368] [main/DEBUG] [mixin/]: Processing inject() for PlatformAgent[MixinPlatformAgentDefault:SecureJarResource(raided)]
[18Sep2024 03:30:12.368] [main/DEBUG] [mixin/]: Processing inject() for PlatformAgent[MixinPlatformAgentDefault:SecureJarResource(meetyourfight)]
[18Sep2024 03:30:12.368] [main/DEBUG] [mixin/]: Processing inject() for PlatformAgent[MixinPlatformAgentDefault:SecureJarResource(enchdesc)]
[18Sep2024 03:30:12.368] [main/DEBUG] [mixin/]: Processing inject() for PlatformAgent[MixinPlatformAgentDefault:SecureJarResource(simplyswords)]
[18Sep2024 03:30:12.369] [main/DEBUG] [mixin/]: Processing inject() for PlatformAgent[MixinPlatformAgentDefault:SecureJarResource(moonlight)]
[18Sep2024 03:30:12.369] [main/DEBUG] [mixin/]: Processing inject() for PlatformAgent[MixinPlatformAgentDefault:SecureJarResource(eccentrictome)]
[18Sep2024 03:30:12.369] [main/DEBUG] [mixin/]: Processing inject() for PlatformAgent[MixinPlatformAgentDefault:SecureJarResource(itemstages)]
[18Sep2024 03:30:12.369] [main/DEBUG] [mixin/]: Processing inject() for PlatformAgent[MixinPlatformAgentDefault:SecureJarResource(jade)]
[18Sep2024 03:30:12.369] [main/DEBUG] [mixin/]: Processing inject() for PlatformAgent[MixinPlatformAgentDefault:SecureJarResource(cisco_mod)]
[18Sep2024 03:30:12.370] [main/DEBUG] [mixin/]: Processing inject() for PlatformAgent[MixinPlatformAgentDefault:SecureJarResource(culllessleaves)]
[18Sep2024 03:30:12.370] [main/DEBUG] [mixin/]: Processing inject() for PlatformAgent[MixinPlatformAgentDefault:SecureJarResource(forbidden_arcanus)]
[18Sep2024 03:30:12.370] [main/DEBUG] [mixin/]: Processing inject() for PlatformAgent[MixinPlatformAgentDefault:SecureJarResource(nethersdelight)]
[18Sep2024 03:30:12.370] [main/DEBUG] [mixin/]: Processing inject() for PlatformAgent[MixinPlatformAgentDefault:SecureJarResource(smoothboot)]
[18Sep2024 03:30:12.371] [main/DEBUG] [mixin/]: Processing inject() for PlatformAgent[MixinPlatformAgentDefault:SecureJarResource(skilltree)]
[18Sep2024 03:30:12.371] [main/DEBUG] [mixin/]: Processing inject() for PlatformAgent[MixinPlatformAgentDefault:SecureJarResource(atmospheric)]
[18Sep2024 03:30:12.371] [main/DEBUG] [mixin/]: Processing inject() for PlatformAgent[MixinPlatformAgentDefault:SecureJarResource(easy_villagers)]
[18Sep2024 03:30:12.371] [main/DEBUG] [mixin/]: Processing inject() for PlatformAgent[MixinPlatformAgentDefault:SecureJarResource(iceberg)]
[18Sep2024 03:30:12.372] [main/DEBUG] [mixin/]: Processing inject() for PlatformAgent[MixinPlatformAgentDefault:SecureJarResource(brutalbosses)]
[18Sep2024 03:30:12.372] [main/DEBUG] [mixin/]: Processing inject() for PlatformAgent[MixinPlatformAgentDefault:SecureJarResource(ars_elemental)]
[18Sep2024 03:30:12.372] [main/DEBUG] [mixin/]: Processing inject() for PlatformAgent[MixinPlatformAgentDefault:SecureJarResource(storagedrawers)]
[18Sep2024 03:30:12.372] [main/DEBUG] [mixin/]: Processing inject() for PlatformAgent[MixinPlatformAgentDefault:SecureJarResource(irons_spellbooks)]
[18Sep2024 03:30:12.372] [main/DEBUG] [mixin/]: Processing inject() for PlatformAgent[MixinPlatformAgentDefault:SecureJarResource(doespotatotick)]
[18Sep2024 03:30:12.373] [main/DEBUG] [mixin/]: Processing inject() for PlatformAgent[MixinPlatformAgentDefault:SecureJarResource(dreamland)]
[18Sep2024 03:30:12.373] [main/DEBUG] [mixin/]: Processing inject() for PlatformAgent[MixinPlatformAgentDefault:SecureJarResource(endlessbiomes)]
[18Sep2024 03:30:12.373] [main/DEBUG] [mixin/]: Processing inject() for PlatformAgent[MixinPlatformAgentDefault:SecureJarResource(upgradedcore)]
[18Sep2024 03:30:12.373] [main/DEBUG] [mixin/]: Processing inject() for PlatformAgent[MixinPlatformAgentDefault:SecureJarResource(wabi_sabi_structures)]
[18Sep2024 03:30:12.374] [main/DEBUG] [mixin/]: Processing inject() for PlatformAgent[MixinPlatformAgentDefault:SecureJarResource(alexsdelight)]
[18Sep2024 03:30:12.374] [main/DEBUG] [mixin/]: Processing inject() for PlatformAgent[MixinPlatformAgentDefault:SecureJarResource(ferritecore)]
[18Sep2024 03:30:12.374] [main/DEBUG] [mixin/]: Processing inject() for PlatformAgent[MixinPlatformAgentDefault:SecureJarResource(apexcore)]
[18Sep2024 03:30:12.374] [main/DEBUG] [mixin/]: Processing inject() for PlatformAgent[MixinPlatformAgentDefault:SecureJarResource(majruszsenchantments)]
[18Sep2024 03:30:12.374] [main/DEBUG] [mixin/]: Processing inject() for PlatformAgent[MixinPlatformAgentDefault:SecureJarResource(valhelsia_core)]
[18Sep2024 03:30:12.375] [main/DEBUG] [mixin/]: Processing inject() for PlatformAgent[MixinPlatformAgentDefault:SecureJarResource(overflowingbars)]
[18Sep2024 03:30:12.375] [main/DEBUG] [mixin/]: Processing inject() for PlatformAgent[MixinPlatformAgentDefault:SecureJarResource(undead_unleashed)]
[18Sep2024 03:30:12.375] [main/DEBUG] [mixin/]: Processing inject() for PlatformAgent[MixinPlatformAgentDefault:SecureJarResource(MixinSquared.beta._6)]
[18Sep2024 03:30:12.375] [main/DEBUG] [mixin/]: Processing inject() for PlatformAgent[MixinPlatformAgentDefault:SecureJarResource(Registrate.MC1._19)]
[18Sep2024 03:30:12.376] [main/DEBUG] [mixin/]: Processing inject() for PlatformAgent[MixinPlatformAgentDefault:SecureJarResource(jankson)]
[18Sep2024 03:30:12.376] [main/DEBUG] [mixin/]: Processing inject() for PlatformAgent[MixinPlatformAgentDefault:SecureJarResource(mixinextras)]
[18Sep2024 03:30:12.376] [main/DEBUG] [mixin/]: Processing inject() for PlatformAgent[MixinPlatformAgentDefault:SecureJarResource(Reflect)]
[18Sep2024 03:30:12.376] [main/DEBUG] [mixin/]: Processing inject() for PlatformAgent[MixinPlatformAgentDefault:SecureJarResource(json.path)]
[18Sep2024 03:30:12.376] [main/DEBUG] [mixin/]: Processing inject() for PlatformAgent[MixinPlatformAgentDefault:SecureJarResource(mixinsquared)]
[18Sep2024 03:30:12.377] [main/DEBUG] [mixin/]: Processing inject() for PlatformAgent[MixinPlatformAgentDefault:SecureJarResource(MixinExtras)]
[18Sep2024 03:30:12.415] [main/DEBUG] [mixin/]: Error cleaning class output directory: .mixin.out
[18Sep2024 03:30:12.419] [main/DEBUG] [mixin/]: Preparing mixins for MixinEnvironment[PREINIT]
[18Sep2024 03:30:12.429] [main/INFO] [mixin/]: Successfully loaded Mixin Connector [ca.spottedleaf.starlight.mixin.MixinConnector]
[18Sep2024 03:30:12.432] [main/INFO] [mixin/]: Successfully loaded Mixin Connector [com.aizistral.enigmaticlegacy.MixinConnector]
[18Sep2024 03:30:12.438] [main/INFO] [cpw.mods.modlauncher.LaunchServiceHandler/MODLAUNCHER]: Launching target 'forgeserver' with arguments []
[18Sep2024 03:30:12.455] [main/DEBUG] [mixin/]: Preparing mixins for MixinEnvironment[DEFAULT]
[18Sep2024 03:30:12.455] [main/DEBUG] [mixin/]: Selecting config saturn.mixins.json
[18Sep2024 03:30:12.493] [main/INFO] [com.abdelaziz.saturn.common.Saturn/]: Loaded Saturn config file with 4 configurable options
[18Sep2024 03:30:12.510] [main/DEBUG] [mixin/]: Selecting config kubejs-forge.mixins.json
[18Sep2024 03:30:12.515] [main/DEBUG] [mixin/]: Selecting config kubejs-common.mixins.json
[18Sep2024 03:30:12.520] [main/DEBUG] [mixin/]: Selecting config betterdungeons.mixins.json
[18Sep2024 03:30:12.522] [main/DEBUG] [mixin/]: Selecting config betterdungeons_forge.mixins.json
[18Sep2024 03:30:12.524] [main/DEBUG] [mixin/]: Selecting config additionalentityattributes.mixins.json
[18Sep2024 03:30:12.526] [main/DEBUG] [mixin/]: Selecting config oriacs.mixins.json
[18Sep2024 03:30:12.528] [main/DEBUG] [mixin/]: Selecting config playerAnimator-common.mixins.json
[18Sep2024 03:30:12.533] [main/DEBUG] [mixin/]: Selecting config majruszsdifficulty-common.mixins.json
[18Sep2024 03:30:12.535] [main/DEBUG] [mixin/]: Selecting config majruszsdifficulty-forge.mixins.json
[18Sep2024 03:30:12.537] [main/DEBUG] [mixin/]: Selecting config entitycollisionfpsfix.mixins.json
[18Sep2024 03:30:12.539] [main/DEBUG] [mixin/]: Selecting config entitycollisionfpsfix.forge.mixins.json
[18Sep2024 03:30:12.541] [main/DEBUG] [mixin/]: Selecting config nerb-common.mixins.json
[18Sep2024 03:30:12.544] [main/DEBUG] [mixin/]: Selecting config nerb.mixins.json
[18Sep2024 03:30:12.545] [main/WARN] [mixin/]: Reference map 'nerb-forge-refmap.json' for nerb.mixins.json could not be read. If this is a development environment you can ignore this message
[18Sep2024 03:30:12.546] [main/DEBUG] [mixin/]: Selecting config apoli.mixins.json
[18Sep2024 03:30:12.567] [main/DEBUG] [mixin/]: Selecting config rubidium.mixins.json
[18Sep2024 03:30:12.585] [main/INFO] [Rubidium/]: Loaded configuration file for Rubidium: 30 options available, 0 override(s) found
[18Sep2024 03:30:12.590] [main/DEBUG] [mixin/]: Selecting config rubidium.compat.mixins.json
[18Sep2024 03:30:12.595] [main/DEBUG] [mixin/]: Selecting config doapi-common.mixins.json
[18Sep2024 03:30:12.597] [main/DEBUG] [mixin/]: Selecting config doapi.mixins.json
[18Sep2024 03:30:12.599] [main/DEBUG] [mixin/]: Selecting config modernfix-common.mixins.json
[18Sep2024 03:30:12.693] [main/INFO] [ModernFix/]: Loaded configuration file for ModernFix 5.18.0+mc1.19.2: 87 options available, 14 override(s) found
[18Sep2024 03:30:12.693] [main/WARN] [ModernFix/]: Option 'mixin.perf.deduplicate_wall_shapes' overriden (by load error) to 'false'
[18Sep2024 03:30:12.693] [main/WARN] [ModernFix/]: Option 'mixin.bugfix.paper_chunk_patches' overriden (by load error) to 'false'
[18Sep2024 03:30:12.693] [main/WARN] [ModernFix/]: Option 'mixin.perf.cache_strongholds' overriden (by load error) to 'false'
[18Sep2024 03:30:12.695] [main/WARN] [ModernFix/]: Option 'mixin.perf.faster_texture_stitching' overriden (by load error) to 'false'
[18Sep2024 03:30:12.695] [main/WARN] [ModernFix/]: Option 'mixin.bugfix.buffer_builder_leak' overriden (by load error) to 'false'
[18Sep2024 03:30:12.695] [main/WARN] [ModernFix/]: Option 'mixin.bugfix.entity_pose_stack' overriden (by load error) to 'false'
[18Sep2024 03:30:12.695] [main/WARN] [ModernFix/]: Option 'mixin.perf.nbt_memory_usage' overriden (by load error) to 'false'
[18Sep2024 03:30:12.695] [main/WARN] [ModernFix/]: Option 'mixin.bugfix.item_cache_flag' overriden (by load error) to 'false'
[18Sep2024 03:30:12.695] [main/WARN] [ModernFix/]: Option 'mixin.bugfix.chunk_deadlock' overriden (by load error) to 'false'
[18Sep2024 03:30:12.695] [main/WARN] [ModernFix/]: Option 'mixin.perf.thread_priorities' overriden (by load error) to 'false'
[18Sep2024 03:30:12.696] [main/WARN] [ModernFix/]: Option 'mixin.launch.class_search_cache' overriden (by load error) to 'false'
[18Sep2024 03:30:12.696] [main/WARN] [ModernFix/]: Option 'mixin.perf.datapack_reload_exceptions' overriden (by load error) to 'false'
[18Sep2024 03:30:12.697] [main/WARN] [ModernFix/]: Option 'mixin.perf.faster_texture_loading' overriden (by load error) to 'false'
[18Sep2024 03:30:12.697] [main/WARN] [ModernFix/]: Option 'mixin.perf.dynamic_dfu' overriden (by load error) to 'false'
[18Sep2024 03:30:12.697] [main/INFO] [ModernFix/]: Applying Nashorn fix
[18Sep2024 03:30:12.705] [main/WARN] [ModernFix/]: Applying ATs from 119 mods despite being in errored state, this might cause a crash!
[18Sep2024 03:30:12.985] [main/WARN] [ModernFix/]: Disabling plugin 'mixin': org.spongepowered.asm.launch.MixinLaunchPlugin
[18Sep2024 03:30:13.007] [main/INFO] [ModernFix/]: Applied Forge config corruption patch
[18Sep2024 03:30:13.016] [main/DEBUG] [mixin/]: Selecting config modernfix-forge.mixins.json
[18Sep2024 03:30:13.020] [main/DEBUG] [mixin/]: Selecting config yungsapi.mixins.json
[18Sep2024 03:30:13.022] [main/DEBUG] [mixin/]: Selecting config yungsapi_forge.mixins.json
[18Sep2024 03:30:13.024] [main/DEBUG] [mixin/]: Selecting config maxhealthfix.common.mixins.json
[18Sep2024 03:30:13.025] [main/DEBUG] [mixin/]: Selecting config maxhealthfix.forge.mixins.json
[18Sep2024 03:30:13.026] [main/DEBUG] [mixin/]: Selecting config vinery-common.mixins.json
[18Sep2024 03:30:13.028] [main/DEBUG] [mixin/]: Selecting config vinery.mixins.json
[18Sep2024 03:30:13.029] [main/WARN] [mixin/]: Reference map 'vinery-forge-refmap.json' for vinery.mixins.json could not be read. If this is a development environment you can ignore this message
[18Sep2024 03:30:13.030] [main/DEBUG] [mixin/]: Selecting config apotheosis.mixins.json
[18Sep2024 03:30:13.031] [main/DEBUG] [mixin/]: Selecting config savage_and_ravage.mixins.json
[18Sep2024 03:30:13.033] [main/DEBUG] [mixin/]: Selecting config balm.mixins.json
[18Sep2024 03:30:13.034] [main/DEBUG] [mixin/]: Selecting config immersive_armors.mixins.json
[18Sep2024 03:30:13.036] [main/DEBUG] [mixin/]: Selecting config betterfortresses.mixins.json
[18Sep2024 03:30:13.037] [main/DEBUG] [mixin/]: Selecting config betterfortresses_forge.mixins.json
[18Sep2024 03:30:13.039] [main/DEBUG] [mixin/]: Selecting config autoleveling.mixins.json
[18Sep2024 03:30:13.040] [main/DEBUG] [mixin/]: Selecting config upgradednetherite.mixins.json
[18Sep2024 03:30:13.041] [main/DEBUG] [mixin/]: Selecting config structure_gel.mixins.json
[18Sep2024 03:30:13.042] [main/DEBUG] [mixin/]: Selecting config combatroll.mixins.json
[18Sep2024 03:30:13.044] [main/DEBUG] [mixin/]: Selecting config morevillagers-common.mixins.json
[18Sep2024 03:30:13.045] [main/DEBUG] [mixin/]: Selecting config morevillagers.mixins.json
[18Sep2024 03:30:13.046] [main/WARN] [mixin/]: Reference map 'morevillagers-forge-forge-refmap.json' for morevillagers.mixins.json could not be read. If this is a development environment you can ignore this message
[18Sep2024 03:30:13.047] [main/DEBUG] [mixin/]: Selecting config repurposed_structures.mixins.json
[18Sep2024 03:30:13.048] [main/DEBUG] [mixin/]: Selecting config dungeons_plus.mixins.json
[18Sep2024 03:30:13.049] [main/DEBUG] [mixin/]: Selecting config reeses_sodium_options.mixins.json
[18Sep2024 03:30:13.050] [main/DEBUG] [mixin/]: Selecting config curios.mixins.json
[18Sep2024 03:30:13.052] [main/DEBUG] [mixin/]: Selecting config origins.mixins.json
[18Sep2024 03:30:13.053] [main/DEBUG] [mixin/]: Selecting config cumulus_menus.mixins.json
[18Sep2024 03:30:13.055] [main/DEBUG] [mixin/]: Selecting config pluto.mixins.json
[18Sep2024 03:30:13.056] [main/DEBUG] [mixin/]: Selecting config apothiccurios.mixins.json
[18Sep2024 03:30:13.058] [main/DEBUG] [mixin/]: Selecting config betterendisland.mixins.json
[18Sep2024 03:30:13.059] [main/DEBUG] [mixin/]: Selecting config betterendisland_forge.mixins.json
[18Sep2024 03:30:13.060] [main/DEBUG] [mixin/]: Selecting config nitrogen_internals.mixins.json
[18Sep2024 03:30:13.061] [main/WARN] [mixin/]: Reference map 'nitrogen_internals.refmap.json' for nitrogen_internals.mixins.json could not be read. If this is a development environment you can ignore this message
[18Sep2024 03:30:13.062] [main/DEBUG] [mixin/]: Selecting config celestisynth.mixins.json
[18Sep2024 03:30:13.063] [main/DEBUG] [mixin/]: Selecting config deep_aether.mixins.json
[18Sep2024 03:30:13.064] [main/DEBUG] [mixin/]: Selecting config bettermineshafts.mixins.json
[18Sep2024 03:30:13.065] [main/DEBUG] [mixin/]: Selecting config bettermineshafts_forge.mixins.json
[18Sep2024 03:30:13.067] [main/DEBUG] [mixin/]: Selecting config majruszlibrary-common.mixins.json
[18Sep2024 03:30:13.069] [main/DEBUG] [mixin/]: Selecting config majruszlibrary-forge.mixins.json
[18Sep2024 03:30:13.072] [main/DEBUG] [mixin/]: Selecting config betterjungletemples.mixins.json
[18Sep2024 03:30:13.073] [main/DEBUG] [mixin/]: Selecting config betterjungletemples_forge.mixins.json
[18Sep2024 03:30:13.074] [main/DEBUG] [mixin/]: Selecting config elytraslot-integrations.mixins.json
[18Sep2024 03:30:13.076] [main/DEBUG] [mixin/]: Selecting config ftblibrary-common.mixins.json
[18Sep2024 03:30:13.077] [main/DEBUG] [mixin/]: Selecting config mutantmonsters.common.mixins.json
[18Sep2024 03:30:13.078] [main/DEBUG] [mixin/]: Selecting config attributefix.mixins.json
[18Sep2024 03:30:13.079] [main/DEBUG] [mixin/]: Selecting config pehkui.mixins.json
[18Sep2024 03:30:13.084] [main/DEBUG] [mixin/]: Selecting config caelus.mixins.json
[18Sep2024 03:30:13.085] [main/DEBUG] [mixin/]: Selecting config paxi.mixins.json
[18Sep2024 03:30:13.086] [main/DEBUG] [mixin/]: Selecting config paxi_forge.mixins.json
[18Sep2024 03:30:13.087] [main/DEBUG] [mixin/]: Selecting config craterlib.mixins.json
[18Sep2024 03:30:13.088] [main/DEBUG] [mixin/]: Selecting config craterlib.forge.mixins.json
[18Sep2024 03:30:13.089] [main/DEBUG] [mixin/]: Selecting config midnightlib.mixins.json
[18Sep2024 03:30:13.090] [main/DEBUG] [mixin/]: Selecting config starlight.mixins.json
[18Sep2024 03:30:13.092] [main/DEBUG] [mixin/]: Selecting config ars_nouveau.mixins.json
[18Sep2024 03:30:13.110] [main/DEBUG] [mixin/]: Registering new injector for @Inject with org.spongepowered.asm.mixin.injection.struct.CallbackInjectionInfo
[18Sep2024 03:30:13.112] [main/DEBUG] [mixin/]: Registering new injector for @ModifyArg with org.spongepowered.asm.mixin.injection.struct.ModifyArgInjectionInfo
[18Sep2024 03:30:13.114] [main/DEBUG] [mixin/]: Registering new injector for @ModifyArgs with org.spongepowered.asm.mixin.injection.struct.ModifyArgsInjectionInfo
[18Sep2024 03:30:13.118] [main/DEBUG] [mixin/]: Registering new injector for @Redirect with org.spongepowered.asm.mixin.injection.struct.RedirectInjectionInfo
[18Sep2024 03:30:13.119] [main/DEBUG] [mixin/]: Registering new injector for @ModifyVariable with org.spongepowered.asm.mixin.injection.struct.ModifyVariableInjectionInfo
[18Sep2024 03:30:13.120] [main/DEBUG] [mixin/]: Registering new injector for @ModifyConstant with org.spongepowered.asm.mixin.injection.struct.ModifyConstantInjectionInfo
[18Sep2024 03:30:13.122] [main/DEBUG] [mixin/]: Registering new injector for @ModifyExpressionValue with shadowed.llamalad7.mixinextras.injector.ModifyExpressionValueInjectionInfo
[18Sep2024 03:30:13.125] [main/DEBUG] [mixin/]: Registering new injector for @ModifyReceiver with shadowed.llamalad7.mixinextras.injector.ModifyReceiverInjectionInfo
[18Sep2024 03:30:13.126] [main/DEBUG] [mixin/]: Registering new injector for @ModifyReturnValue with shadowed.llamalad7.mixinextras.injector.ModifyReturnValueInjectionInfo
[18Sep2024 03:30:13.129] [main/DEBUG] [mixin/]: Registering new injector for @WrapOperation with shadowed.llamalad7.mixinextras.injector.wrapoperation.WrapOperationInjectionInfo
[18Sep2024 03:30:13.132] [main/DEBUG] [mixin/]: Registering new injector for @WrapWithCondition with shadowed.llamalad7.mixinextras.injector.WrapWithConditionInjectionInfo
[18Sep2024 03:30:13.137] [main/DEBUG] [mixin/]: Selecting config crafttweaker.mixins.json
[18Sep2024 03:30:13.138] [main/DEBUG] [mixin/]: Selecting config crafttweaker.forge.mixins.json
[18Sep2024 03:30:13.139] [main/DEBUG] [mixin/]: Selecting config memoryleakfix.mixins.json
[18Sep2024 03:30:13.152] [main/DEBUG] [mixin/]: Registering new injector for @ModifyExpressionValue with ca.fxco.memoryleakfix.mixinextras.injector.ModifyExpressionValueInjectionInfo
[18Sep2024 03:30:13.155] [main/DEBUG] [mixin/]: Registering new injector for @ModifyReceiver with ca.fxco.memoryleakfix.mixinextras.injector.ModifyReceiverInjectionInfo
[18Sep2024 03:30:13.157] [main/DEBUG] [mixin/]: Registering new injector for @ModifyReturnValue with ca.fxco.memoryleakfix.mixinextras.injector.ModifyReturnValueInjectionInfo
[18Sep2024 03:30:13.160] [main/DEBUG] [mixin/]: Registering new injector for @WrapOperation with ca.fxco.memoryleakfix.mixinextras.injector.wrapoperation.WrapOperationInjectionInfo
[18Sep2024 03:30:13.161] [main/DEBUG] [mixin/]: Registering new injector for @WrapWithCondition with ca.fxco.memoryleakfix.mixinextras.injector.WrapWithConditionInjectionInfo
[18Sep2024 03:30:13.163] [main/DEBUG] [mixin/]: Registering new injector for @SugarWrapper with ca.fxco.memoryleakfix.mixinextras.sugar.impl.SugarWrapperInjectionInfo
[18Sep2024 03:30:13.167] [main/DEBUG] [mixin/]: Selecting config rubidium_extras.mixins.json
[18Sep2024 03:30:13.169] [main/DEBUG] [mixin/]: Selecting config smoothchunk.mixins.json
[18Sep2024 03:30:13.176] [main/DEBUG] [mixin/]: Selecting config terrablender.mixins.json
[18Sep2024 03:30:13.177] [main/DEBUG] [mixin/]: Selecting config terrablender_forge.mixins.json
[18Sep2024 03:30:13.178] [main/DEBUG] [mixin/]: Selecting config bettercombat.mixins.json
[18Sep2024 03:30:13.180] [main/DEBUG] [mixin/]: Selecting config mousetweaks.mixins.json
[18Sep2024 03:30:13.181] [main/DEBUG] [mixin/]: Selecting config necronomicon.forge.mixins.json
[18Sep2024 03:30:13.183] [main/DEBUG] [mixin/]: Selecting config itemproductionlib.mixins.json
[18Sep2024 03:30:13.185] [main/DEBUG] [mixin/]: Selecting config corgilib.mixins.json
[18Sep2024 03:30:13.186] [main/DEBUG] [mixin/]: Selecting config corgilib.forge.mixins.json
[18Sep2024 03:30:13.187] [main/WARN] [mixin/]: Reference map '${refmap_target}refmap.json' for corgilib.forge.mixins.json could not be read. If this is a development environment you can ignore this message
[18Sep2024 03:30:13.189] [main/DEBUG] [mixin/]: Selecting config fastpaintings.mixins.json
[18Sep2024 03:30:13.191] [main/DEBUG] [mixin/]: Selecting config fastpaintings-forge.mixins.json
[18Sep2024 03:30:13.192] [main/WARN] [mixin/]: Reference map 'fastpaintings-forge-refmap.json' for fastpaintings-forge.mixins.json could not be read. If this is a development environment you can ignore this message
[18Sep2024 03:30:13.193] [main/DEBUG] [mixin/]: Selecting config aeroblender.mixins.json
[18Sep2024 03:30:13.195] [main/DEBUG] [mixin/]: Selecting config betterfpsdist.mixins.json
[18Sep2024 03:30:13.196] [main/DEBUG] [mixin/]: Selecting config brewinandchewin.mixins.json
[18Sep2024 03:30:13.197] [main/DEBUG] [mixin/]: Selecting config archaeology.mixins.json
[18Sep2024 03:30:13.199] [main/DEBUG] [mixin/]: Selecting config farmersrespite.mixins.json
[18Sep2024 03:30:13.201] [main/DEBUG] [mixin/]: Selecting config ecologics-common.mixins.json
[18Sep2024 03:30:13.203] [main/DEBUG] [mixin/]: Selecting config ecologics.mixins.json
[18Sep2024 03:30:13.204] [main/DEBUG] [mixin/]: Selecting config bocchium.mixins.json
[18Sep2024 03:30:13.205] [main/DEBUG] [mixin/]: Selecting config polymorph.mixins.json
[18Sep2024 03:30:13.206] [main/DEBUG] [mixin/]: Selecting config polymorph-integrations.forge.mixins.json
[18Sep2024 03:30:13.208] [main/INFO] [com.teampotato.redirector.Redirector/]: Redirecting com/illusivesoulworks/polymorph/common/integration/PolymorphIntegrations$Mod
[18Sep2024 03:30:13.218] [main/INFO] [com.teampotato.redirector.Redirector/]: Redirecting com/illusivesoulworks/polymorph/common/integration/PolymorphIntegrations$Loader
[18Sep2024 03:30:13.224] [main/DEBUG] [Polymorph/]: Loaded com.illusivesoulworks.polymorph.platform.ForgeIntegrationPlatform@7af0d91b for service interface com.illusivesoulworks.polymorph.platform.services.IIntegrationPlatform
[18Sep2024 03:30:13.227] [main/DEBUG] [Polymorph/]: Loaded com.illusivesoulworks.polymorph.platform.ForgeClientPlatform@4cecc15a for service interface com.illusivesoulworks.polymorph.platform.services.IClientPlatform
[18Sep2024 03:30:13.229] [main/DEBUG] [Polymorph/]: Loaded com.illusivesoulworks.polymorph.platform.ForgePlatform@2c8a445b for service interface com.illusivesoulworks.polymorph.platform.services.IPlatform
[18Sep2024 03:30:13.238] [main/DEBUG] [mixin/]: Selecting config entityculling.mixins.json
[18Sep2024 03:30:13.240] [main/DEBUG] [mixin/]: Selecting config canary.mixins.json
[18Sep2024 03:30:13.256] [main/INFO] [Canary/]: Loaded configuration file for Canary: 117 options available, 0 override(s) found
[18Sep2024 03:30:13.260] [main/DEBUG] [mixin/]: Selecting config immediatelyfast-forge.mixins.json
[18Sep2024 03:30:13.284] [main/WARN] [mixin/]: Failed to select mixin config: immediatelyfast-forge.mixins.json
java.lang.NullPointerException: null
	at java.util.Optional.orElseThrow(Optional.java:403) ~[?:?]
	at net.raphimc.immediatelyfast.ImmediatelyFast.earlyInit(ImmediatelyFast.java:66) ~[ImmediatelyFast-Forge-1.2.20+1.19.2.jar%23436!/:?]
	at net.raphimc.immediatelyfast.injection.ImmediatelyFastMixinPlugin.onLoad(ImmediatelyFastMixinPlugin.java:39) ~[ImmediatelyFast-Forge-1.2.20+1.19.2.jar%23436!/:?]
	at org.spongepowered.asm.mixin.transformer.PluginHandle.onLoad(PluginHandle.java:119) ~[mixin-0.8.5.jar%2363!/:0.8.5+Jenkins-b310.git-155314e6e91465dad727e621a569906a410cd6f4]
	at org.spongepowered.asm.mixin.transformer.MixinConfig.onSelect(MixinConfig.java:707) ~[mixin-0.8.5.jar%2363!/:0.8.5+Jenkins-b310.git-155314e6e91465dad727e621a569906a410cd6f4]
	at org.spongepowered.asm.mixin.transformer.MixinProcessor.selectConfigs(MixinProcessor.java:498) ~[mixin-0.8.5.jar%2363!/:0.8.5+Jenkins-b310.git-155314e6e91465dad727e621a569906a410cd6f4]
	at org.spongepowered.asm.mixin.transformer.MixinProcessor.select(MixinProcessor.java:460) ~[mixin-0.8.5.jar%2363!/:0.8.5+Jenkins-b310.git-155314e6e91465dad727e621a569906a410cd6f4]
	at org.spongepowered.asm.mixin.transformer.MixinProcessor.checkSelect(MixinProcessor.java:438) ~[mixin-0.8.5.jar%2363!/:0.8.5+Jenkins-b310.git-155314e6e91465dad727e621a569906a410cd6f4]
	at org.spongepowered.asm.mixin.transformer.MixinProcessor.applyMixins(MixinProcessor.java:290) ~[mixin-0.8.5.jar%2363!/:0.8.5+Jenkins-b310.git-155314e6e91465dad727e621a569906a410cd6f4]
	at org.spongepowered.asm.mixin.transformer.MixinTransformer.transformClass(MixinTransformer.java:250) ~[mixin-0.8.5.jar%2363!/:0.8.5+Jenkins-b310.git-155314e6e91465dad727e621a569906a410cd6f4]
	at org.spongepowered.asm.service.modlauncher.MixinTransformationHandler.processClass(MixinTransformationHandler.java:131) ~[mixin-0.8.5.jar%2363!/:0.8.5+Jenkins-b310.git-155314e6e91465dad727e621a569906a410cd6f4]
	at org.spongepowered.asm.launch.MixinLaunchPluginLegacy.processClass(MixinLaunchPluginLegacy.java:131) ~[mixin-0.8.5.jar%2363!/:0.8.5+Jenkins-b310.git-155314e6e91465dad727e621a569906a410cd6f4]
	at cpw.mods.modlauncher.serviceapi.ILaunchPluginService.processClassWithFlags(ILaunchPluginService.java:156) ~[modlauncher-10.0.8.jar%2354!/:10.0.8+10.0.8+main.0ef7e830]
	at cpw.mods.modlauncher.LaunchPluginHandler.offerClassNodeToPlugins(LaunchPluginHandler.java:88) ~[modlauncher-10.0.8.jar%2354!/:?]
	at cpw.mods.modlauncher.ClassTransformer.transform(ClassTransformer.java:120) ~[modlauncher-10.0.8.jar%2354!/:?]
	at cpw.mods.modlauncher.TransformingClassLoader.maybeTransformClassBytes(TransformingClassLoader.java:50) ~[modlauncher-10.0.8.jar%2354!/:?]
	at cpw.mods.cl.ModuleClassLoader.readerToClass(ModuleClassLoader.java:113) ~[securejarhandler-2.1.4.jar:?]
	at cpw.mods.cl.ModuleClassLoader.lambda$findClass$15(ModuleClassLoader.java:219) ~[securejarhandler-2.1.4.jar:?]
	at cpw.mods.cl.ModuleClassLoader.loadFromModule(ModuleClassLoader.java:229) ~[securejarhandler-2.1.4.jar:?]
	at cpw.mods.cl.ModuleClassLoader.findClass(ModuleClassLoader.java:219) ~[securejarhandler-2.1.4.jar:?]
	at java.lang.ClassLoader.loadClass(ClassLoader.java:638) ~[?:?]
	at java.lang.Class.forName(Class.java:625) ~[?:?]
	at java.lang.Class.forName(Class.java:600) ~[?:?]
	at net.minecraftforge.fml.loading.targets.CommonServerLaunchHandler.lambda$launchService$0(CommonServerLaunchHandler.java:29) ~[fmlloader-1.19.2-43.3.0.jar%2367!/:?]
	at cpw.mods.modlauncher.LaunchServiceHandlerDecorator.launch(LaunchServiceHandlerDecorator.java:30) [modlauncher-10.0.8.jar%2354!/:?]
	at cpw.mods.modlauncher.LaunchServiceHandler.launch(LaunchServiceHandler.java:53) [modlauncher-10.0.8.jar%2354!/:?]
	at cpw.mods.modlauncher.LaunchServiceHandler.launch(LaunchServiceHandler.java:71) [modlauncher-10.0.8.jar%2354!/:?]
	at cpw.mods.modlauncher.Launcher.run(Launcher.java:106) [modlauncher-10.0.8.jar%2354!/:?]
	at cpw.mods.modlauncher.Launcher.main(Launcher.java:77) [modlauncher-10.0.8.jar%2354!/:?]
	at cpw.mods.modlauncher.BootstrapLaunchConsumer.accept(BootstrapLaunchConsumer.java:26) [modlauncher-10.0.8.jar%2354!/:?]
	at cpw.mods.modlauncher.BootstrapLaunchConsumer.accept(BootstrapLaunchConsumer.java:23) [modlauncher-10.0.8.jar%2354!/:?]
	at cpw.mods.bootstraplauncher.BootstrapLauncher.main(BootstrapLauncher.java:141) [bootstraplauncher-1.1.2.jar:?]
[18Sep2024 03:30:13.301] [main/DEBUG] [mixin/]: Selecting config immediatelyfast-common.mixins.json
[18Sep2024 03:30:13.307] [main/DEBUG] [mixin/]: Selecting config tlc.mixins.json
[18Sep2024 03:30:13.311] [main/WARN] [mixin/]: Reference map 'tlc.refmap.json' for tlc.mixins.json could not be read. If this is a development environment you can ignore this message
[18Sep2024 03:30:13.311] [main/DEBUG] [mixin/]: Selecting config lootr.mixins.json
[18Sep2024 03:30:13.313] [main/DEBUG] [mixin/]: Selecting config biomemusic.mixins.json
[18Sep2024 03:30:13.314] [main/DEBUG] [mixin/]: Selecting config puzzleslib.common.mixins.json
[18Sep2024 03:30:13.320] [main/DEBUG] [mixin/]: Selecting config puzzleslib.forge.mixins.json
[18Sep2024 03:30:13.321] [main/DEBUG] [mixin/]: Selecting config chunksending.mixins.json
[18Sep2024 03:30:13.322] [main/DEBUG] [mixin/]: Selecting config aquamirae.mixins.json
[18Sep2024 03:30:13.323] [main/DEBUG] [mixin/]: Selecting config defaultoptions.mixins.json
[18Sep2024 03:30:13.325] [main/DEBUG] [mixin/]: Selecting config blue_skies.mixins.json
[18Sep2024 03:30:13.327] [main/DEBUG] [mixin/]: Selecting config mixins.transmog.common.json
[18Sep2024 03:30:13.328] [main/DEBUG] [mixin/]: Selecting config mixins.transmog.forge.json
[18Sep2024 03:30:13.330] [main/DEBUG] [mixin/]: Selecting config recipeessentials.mixins.json
[18Sep2024 03:30:13.333] [main/DEBUG] [mixin/]: Selecting config aether.mixins.json
[18Sep2024 03:30:13.337] [main/DEBUG] [mixin/]: Selecting config betteroceanmonuments.mixins.json
[18Sep2024 03:30:13.339] [main/DEBUG] [mixin/]: Selecting config betteroceanmonuments_forge.mixins.json
[18Sep2024 03:30:13.341] [main/DEBUG] [mixin/]: Selecting config connectivity.mixins.json
[18Sep2024 03:30:13.345] [main/DEBUG] [mixin/]: Selecting config gpumemleakfix.mixins.json
[18Sep2024 03:30:13.346] [main/DEBUG] [mixin/]: Selecting config insanelib.mixins.json
[18Sep2024 03:30:13.348] [main/WARN] [mixin/]: Reference map 'insanelib.refmap.json' for insanelib.mixins.json could not be read. If this is a development environment you can ignore this message
[18Sep2024 03:30:13.349] [main/DEBUG] [mixin/]: Selecting config structureessentials.mixins.json
[18Sep2024 03:30:13.351] [main/DEBUG] [mixin/]: Selecting config controlling.mixins.json
[18Sep2024 03:30:13.352] [main/DEBUG] [mixin/]: Selecting config controlling.forge.mixins.json
[18Sep2024 03:30:13.357] [main/DEBUG] [mixin/]: Selecting config citadel.mixins.json
[18Sep2024 03:30:13.360] [main/DEBUG] [mixin/]: Selecting config placebo.mixins.json
[18Sep2024 03:30:13.361] [main/DEBUG] [mixin/]: Selecting config prism.mixins.json
[18Sep2024 03:30:13.363] [main/DEBUG] [mixin/]: Selecting config lootintegrations.mixins.json
[18Sep2024 03:30:13.364] [main/DEBUG] [mixin/]: Selecting config item_obliterator.mixins.json
[18Sep2024 03:30:13.372] [main/DEBUG] [mixin/]: Selecting config bakery-common.mixins.json
[18Sep2024 03:30:13.374] [main/DEBUG] [mixin/]: Selecting config bakery.mixins.json
[18Sep2024 03:30:13.379] [main/WARN] [mixin/]: Reference map 'Bakery-forge-refmap.json' for bakery.mixins.json could not be read. If this is a development environment you can ignore this message
[18Sep2024 03:30:13.381] [main/DEBUG] [mixin/]: Selecting config bookshelf.common.mixins.json
[18Sep2024 03:30:13.433] [main/DEBUG] [mixin/]: Selecting config bookshelf.forge.mixins.json
[18Sep2024 03:30:13.438] [main/DEBUG] [mixin/]: Selecting config twigs.mixins.json
[18Sep2024 03:30:13.440] [main/DEBUG] [mixin/]: Selecting config relics.mixins.json
[18Sep2024 03:30:13.441] [main/DEBUG] [mixin/]: Selecting config progressivebosses.mixins.json
[18Sep2024 03:30:13.443] [main/DEBUG] [mixin/]: Selecting config takesapillage.mixins.json
[18Sep2024 03:30:13.444] [main/DEBUG] [mixin/]: Selecting config bygonenether.mixins.json
[18Sep2024 03:30:13.445] [main/DEBUG] [mixin/]: Selecting config melody.mixins.json
[18Sep2024 03:30:13.447] [main/DEBUG] [mixin/]: Selecting config melody.forge.mixins.json
[18Sep2024 03:30:13.448] [main/DEBUG] [mixin/]: Selecting config dragonmounts.mixins.json
[18Sep2024 03:30:13.450] [main/DEBUG] [mixin/]: Selecting config dummmmmmy-common.mixins.json
[18Sep2024 03:30:13.451] [main/DEBUG] [mixin/]: Selecting config dummmmmmy.mixins.json
[18Sep2024 03:30:13.452] [main/WARN] [mixin/]: Reference map 'dummmmmmy-forge-refmap.json' for dummmmmmy.mixins.json could not be read. If this is a development environment you can ignore this message
[18Sep2024 03:30:13.453] [main/DEBUG] [mixin/]: Selecting config mixins.nonvflash.json
[18Sep2024 03:30:13.454] [main/DEBUG] [mixin/]: Selecting config konkrete.mixin.json
[18Sep2024 03:30:13.456] [main/DEBUG] [mixin/]: Selecting config farmersdelight.mixins.json
[18Sep2024 03:30:13.457] [main/DEBUG] [mixin/]: Selecting config getittogetherdrops.mixins.json
[18Sep2024 03:30:13.459] [main/DEBUG] [mixin/]: Selecting config endrem.mixins.json
[18Sep2024 03:30:13.461] [main/DEBUG] [mixin/]: Selecting config lionfishapi.mixins.json
[18Sep2024 03:30:13.468] [main/DEBUG] [mixin/]: Selecting config cataclysm.mixins.json
[18Sep2024 03:30:13.470] [main/DEBUG] [mixin/]: Selecting config patchouli_xplat.mixins.json
[18Sep2024 03:30:13.471] [main/DEBUG] [mixin/]: Selecting config cullleaves.mixins.json
[18Sep2024 03:30:13.472] [main/DEBUG] [mixin/]: Selecting config origins_classes.mixins.json
[18Sep2024 03:30:13.476] [main/DEBUG] [mixin/]: Selecting config betterthirdperson.mixins.json
[18Sep2024 03:30:13.478] [main/DEBUG] [mixin/]: Selecting config ftbultimine-common.mixins.json
[18Sep2024 03:30:13.479] [main/DEBUG] [mixin/]: Selecting config nightconfigfixes.forge.mixins.json
[18Sep2024 03:30:13.489] [main/DEBUG] [mixin/]: Selecting config betterstrongholds.mixins.json
[18Sep2024 03:30:13.491] [main/DEBUG] [mixin/]: Selecting config betterstrongholds_forge.mixins.json
[18Sep2024 03:30:13.494] [main/DEBUG] [mixin/]: Selecting config architectury.mixins.json
[18Sep2024 03:30:13.495] [main/DEBUG] [mixin/]: Selecting config architectury-common.mixins.json
[18Sep2024 03:30:13.496] [main/DEBUG] [mixin/]: Selecting config cupboard.mixins.json
[18Sep2024 03:30:13.497] [main/DEBUG] [mixin/]: Selecting config smallships-common.mixins.json
[18Sep2024 03:30:13.498] [main/DEBUG] [mixin/]: Selecting config smallships-common-soft.mixins.json
[18Sep2024 03:30:13.500] [main/DEBUG] [mixin/]: Selecting config smallships.mixins.json
[18Sep2024 03:30:13.501] [main/WARN] [mixin/]: Reference map 'smallships-forge-refmap.json' for smallships.mixins.json could not be read. If this is a development environment you can ignore this message
[18Sep2024 03:30:13.503] [main/DEBUG] [mixin/]: Selecting config letmedespawn.mixins.json
[18Sep2024 03:30:13.504] [main/DEBUG] [mixin/]: Selecting config t_and_t.mixins.json
[18Sep2024 03:30:13.505] [main/DEBUG] [mixin/]: Selecting config toomanyglyphs.mixins.json
[18Sep2024 03:30:13.506] [main/DEBUG] [mixin/]: Selecting config yeetusexperimentus.mixins.json
[18Sep2024 03:30:13.510] [main/DEBUG] [mixin/]: Selecting config majruszsaccessories-common.mixins.json
[18Sep2024 03:30:13.511] [main/DEBUG] [mixin/]: Selecting config bhmenu.mixins.json
[18Sep2024 03:30:13.512] [main/DEBUG] [mixin/]: Selecting config rhino-common.mixins.json
[18Sep2024 03:30:13.513] [main/DEBUG] [mixin/]: Selecting config octolib.mixins.json
[18Sep2024 03:30:13.515] [main/WARN] [mixin/]: Reference map 'octolib.refmap.json' for octolib.mixins.json could not be read. If this is a development environment you can ignore this message
[18Sep2024 03:30:13.516] [main/DEBUG] [mixin/]: Selecting config itemfilters-common.mixins.json
[18Sep2024 03:30:13.517] [main/DEBUG] [mixin/]: Selecting config xlpackets.mixins.json
[18Sep2024 03:30:13.518] [main/WARN] [mixin/]: Reference map 'xlpackets.refmap.json' for xlpackets.mixins.json could not be read. If this is a development environment you can ignore this message
[18Sep2024 03:30:13.520] [main/DEBUG] [mixin/]: Selecting config obscure_api.mixins.json
[18Sep2024 03:30:13.523] [main/DEBUG] [mixin/]: Selecting config waystones.mixins.json
[18Sep2024 03:30:13.525] [main/DEBUG] [mixin/]: Selecting config fantasyfurniture.mixins.json
[18Sep2024 03:30:13.526] [main/DEBUG] [mixin/]: Selecting config clumps.mixins.json
[18Sep2024 03:30:13.527] [main/DEBUG] [mixin/]: Selecting config decorative_blocks.mixins.json
[18Sep2024 03:30:13.528] [main/DEBUG] [mixin/]: Selecting config myserveriscompatible.mixins.json
[18Sep2024 03:30:13.530] [main/DEBUG] [mixin/]: Selecting config lazydfu.mixins.json
[18Sep2024 03:30:13.532] [main/DEBUG] [mixin/]: Selecting config betterdeserttemples.mixins.json
[18Sep2024 03:30:13.533] [main/DEBUG] [mixin/]: Selecting config betterdeserttemples_forge.mixins.json
[18Sep2024 03:30:13.534] [main/DEBUG] [mixin/]: Selecting config mixins.bosses_of_mass_destruction.json
[18Sep2024 03:30:13.535] [main/DEBUG] [mixin/]: Selecting config blueprint.mixins.json
[18Sep2024 03:30:13.536] [main/DEBUG] [mixin/]: Selecting config ftbchunks-common.mixins.json
[18Sep2024 03:30:13.538] [main/DEBUG] [mixin/]: Selecting config travelerstitles.mixins.json
[18Sep2024 03:30:13.539] [main/DEBUG] [mixin/]: Selecting config travelerstitles_forge.mixins.json
[18Sep2024 03:30:13.540] [main/DEBUG] [mixin/]: Selecting config simplyswords-common.mixins.json
[18Sep2024 03:30:13.541] [main/WARN] [mixin/]: Reference map 'simplyswords-common-refmap.json' for simplyswords-common.mixins.json could not be read. If this is a development environment you can ignore this message
[18Sep2024 03:30:13.541] [main/DEBUG] [mixin/]: Selecting config simplyswords.mixins.json
[18Sep2024 03:30:13.542] [main/WARN] [mixin/]: Reference map 'simplyswords-forge-refmap.json' for simplyswords.mixins.json could not be read. If this is a development environment you can ignore this message
[18Sep2024 03:30:13.544] [main/DEBUG] [mixin/]: Selecting config moonlight-common.mixins.json
[18Sep2024 03:30:13.545] [main/DEBUG] [mixin/]: Selecting config moonlight.mixins.json
[18Sep2024 03:30:13.547] [main/DEBUG] [mixin/]: Selecting config cull-less-leaves.mixins.json
[18Sep2024 03:30:13.550] [main/DEBUG] [mixin/]: Selecting config forbidden_arcanus.mixins.json
[18Sep2024 03:30:13.551] [main/DEBUG] [mixin/]: Selecting config nethersdelight.mixins.json
[18Sep2024 03:30:13.553] [main/DEBUG] [mixin/]: Selecting config smoothboot.mixins.json
[18Sep2024 03:30:13.554] [main/DEBUG] [mixin/]: Selecting config skilltree.mixins.json
[18Sep2024 03:30:13.555] [main/DEBUG] [mixin/]: Selecting config atmospheric.mixins.json
[18Sep2024 03:30:13.556] [main/DEBUG] [mixin/]: Selecting config iceberg.mixins.json
[18Sep2024 03:30:13.558] [main/DEBUG] [mixin/]: Selecting config brutalbosses.mixins.json
[18Sep2024 03:30:13.559] [main/DEBUG] [mixin/]: Selecting config ars_elemental.mixins.json
[18Sep2024 03:30:13.560] [main/DEBUG] [mixin/]: Selecting config mixins.irons_spellbooks.json
[18Sep2024 03:30:13.561] [main/DEBUG] [mixin/]: Selecting config doespotatotick.mixins.json
[18Sep2024 03:30:13.563] [main/DEBUG] [mixin/]: Selecting config ferritecore.predicates.mixin.json
[18Sep2024 03:30:13.574] [main/INFO] [com.teampotato.redirector.Redirector/]: Redirecting malte0811/ferritecore/mixin/config/FerriteMixinConfig$LithiumSupportState
[18Sep2024 03:30:13.578] [main/DEBUG] [mixin/]: Selecting config ferritecore.fastmap.mixin.json
[18Sep2024 03:30:13.580] [main/DEBUG] [mixin/]: Selecting config ferritecore.mrl.mixin.json
[18Sep2024 03:30:13.586] [main/DEBUG] [mixin/]: Selecting config ferritecore.dedupmultipart.mixin.json
[18Sep2024 03:30:13.589] [main/DEBUG] [mixin/]: Selecting config ferritecore.blockstatecache.mixin.json
[18Sep2024 03:30:13.591] [main/DEBUG] [mixin/]: Selecting config ferritecore.dedupbakedquad.mixin.json
[18Sep2024 03:30:13.592] [main/DEBUG] [mixin/]: Selecting config ferritecore.threaddetec.mixin.json
[18Sep2024 03:30:13.595] [main/DEBUG] [mixin/]: Selecting config apexcore.mixins.json
[18Sep2024 03:30:13.597] [main/DEBUG] [mixin/]: Selecting config majruszsenchantments-common.mixins.json
[18Sep2024 03:30:13.598] [main/DEBUG] [mixin/]: Selecting config valhelsia_core.mixins.json
[18Sep2024 03:30:13.600] [main/DEBUG] [mixin/]: Selecting config overflowingbars.common.mixins.json
[18Sep2024 03:30:13.602] [main/DEBUG] [mixin/]: Selecting config mixinextras.init.mixins.json
[18Sep2024 03:30:13.613] [main/INFO] [com.teampotato.redirector.Redirector/]: Redirecting com/llamalad7/mixinextras/service/MixinExtrasVersion
[18Sep2024 03:30:13.626] [main/DEBUG] [MixinExtras|Service/]: com.llamalad7.mixinextras.service.MixinExtrasServiceImpl(version=0.3.6) is taking over from null
[18Sep2024 03:30:13.643] [main/DEBUG] [mixin/]: Selecting config mixinsquared.init.mixins.json
[18Sep2024 03:30:13.656] [main/DEBUG] [mixin/]: Registering new target selector for @mixinsquared:handler with com.bawnorton.mixinsquared.selector.DynamicSelectorHandler
[18Sep2024 03:30:13.661] [main/DEBUG] [mixin/]: Selecting config enigmaticlegacy.mixins.json
[18Sep2024 03:30:13.662] [main/DEBUG] [mixin/]: Preparing saturn.mixins.json (33)
[18Sep2024 03:30:13.867] [main/DEBUG] [net.minecraftforge.coremod.transformer.CoreModBaseTransformer/COREMOD]: Transforming net/minecraft/world/level/biome/Biome
[18Sep2024 03:30:13.909] [main/DEBUG] [mixin/]: Preparing kubejs-forge.mixins.json (7)
[18Sep2024 03:30:13.933] [main/DEBUG] [mixin/]: Preparing kubejs-common.mixins.json (50)
[18Sep2024 03:30:13.961] [main/DEBUG] [mixin/]: @Mixin target net/minecraft/world/item/crafting/Ingredient$TagValue is public in kubejs-common.mixins.json:IngredientTagValueMixin and should be specified in value
[18Sep2024 03:30:13.972] [main/DEBUG] [net.minecraftforge.coremod.transformer.CoreModBaseTransformer/COREMOD]: Transforming net/minecraft/world/item/ItemStack
[18Sep2024 03:30:14.050] [main/DEBUG] [mixin/]: Preparing betterdungeons.mixins.json (6)
[18Sep2024 03:30:14.066] [main/DEBUG] [mixin/]: Preparing betterdungeons_forge.mixins.json (0)
[18Sep2024 03:30:14.066] [main/DEBUG] [mixin/]: Preparing additionalentityattributes.mixins.json (4)
[18Sep2024 03:30:14.067] [main/DEBUG] [mixin/]: Preparing oriacs.mixins.json (8)
[18Sep2024 03:30:14.075] [main/WARN] [mixin/]: Error loading class: com/simibubi/create/content/contraptions/components/fan/AirCurrent (java.lang.ClassNotFoundException: com.simibubi.create.content.contraptions.components.fan.AirCurrent)
[18Sep2024 03:30:14.076] [main/DEBUG] [mixin/]: Skipping virtual target com.simibubi.create.content.contraptions.components.fan.AirCurrent for oriacs.mixins.json:AirCurrentMixin
[18Sep2024 03:30:14.085] [main/DEBUG] [mixin/]: Preparing playerAnimator-common.mixins.json (14)
[18Sep2024 03:30:14.085] [main/DEBUG] [mixin/]: Preparing majruszsdifficulty-common.mixins.json (7)
[18Sep2024 03:30:14.088] [main/DEBUG] [mixin/]: Preparing majruszsdifficulty-forge.mixins.json (1)
[18Sep2024 03:30:14.089] [main/DEBUG] [mixin/]: Preparing entitycollisionfpsfix.mixins.json (2)
[18Sep2024 03:30:14.090] [main/DEBUG] [mixin/]: Preparing entitycollisionfpsfix.forge.mixins.json (0)
[18Sep2024 03:30:14.090] [main/DEBUG] [mixin/]: Preparing nerb-common.mixins.json (4)
[18Sep2024 03:30:14.091] [main/DEBUG] [mixin/]: Preparing nerb.mixins.json (0)
[18Sep2024 03:30:14.091] [main/DEBUG] [mixin/]: Preparing apoli.mixins.json (47)
[18Sep2024 03:30:14.112] [main/DEBUG] [net.minecraftforge.coremod.transformer.CoreModBaseTransformer/COREMOD]: Transforming net/minecraft/world/effect/MobEffectInstance
[18Sep2024 03:30:14.137] [main/DEBUG] [mixin/]: Preparing rubidium.mixins.json (55)
[18Sep2024 03:30:14.137] [main/DEBUG] [mixin/]: Preparing rubidium.compat.mixins.json (1)
[18Sep2024 03:30:14.137] [main/DEBUG] [mixin/]: Preparing doapi-common.mixins.json (3)
[18Sep2024 03:30:14.137] [main/DEBUG] [mixin/]: Preparing doapi.mixins.json (7)
[18Sep2024 03:30:14.150] [main/DEBUG] [mixin/]: Preparing modernfix-common.mixins.json (91)
[18Sep2024 03:30:14.163] [main/DEBUG] [ModernFix/]: No rules matched mixin 'perf.compact_mojang_registries.MappedRegistryMixin', treating as foreign and disabling!
[18Sep2024 03:30:14.206] [main/DEBUG] [mixin/]: Preparing modernfix-forge.mixins.json (50)
[18Sep2024 03:30:14.237] [main/DEBUG] [mixin/]: Preparing yungsapi.mixins.json (10)
[18Sep2024 03:30:14.249] [main/DEBUG] [yungsapi/]: Loaded com.yungnickyoung.minecraft.yungsapi.services.ForgePlatformHelper@23321be7 for service interface com.yungnickyoung.minecraft.yungsapi.services.IPlatformHelper
[18Sep2024 03:30:14.252] [main/DEBUG] [yungsapi/]: Loaded com.yungnickyoung.minecraft.yungsapi.services.ForgeAutoRegisterHelper@2ecdf528 for service interface com.yungnickyoung.minecraft.yungsapi.services.IAutoRegisterHelper
[18Sep2024 03:30:14.252] [main/DEBUG] [yungsapi/]: Loaded com.yungnickyoung.minecraft.yungsapi.services.ForgeBlockEntityTypeHelper@38cf3ae1 for service interface com.yungnickyoung.minecraft.yungsapi.services.IBlockEntityTypeHelper
[18Sep2024 03:30:14.263] [main/DEBUG] [mixin/]: Preparing yungsapi_forge.mixins.json (1)
[18Sep2024 03:30:14.264] [main/DEBUG] [mixin/]: Preparing maxhealthfix.common.mixins.json (1)
[18Sep2024 03:30:14.264] [main/DEBUG] [mixin/]: Preparing maxhealthfix.forge.mixins.json (0)
[18Sep2024 03:30:14.265] [main/DEBUG] [mixin/]: Preparing vinery-common.mixins.json (11)
[18Sep2024 03:30:14.271] [main/DEBUG] [mixin/]: Preparing vinery.mixins.json (0)
[18Sep2024 03:30:14.272] [main/DEBUG] [mixin/]: Preparing apotheosis.mixins.json (37)
[18Sep2024 03:30:14.295] [main/WARN] [mixin/]: Error loading class: vazkii/quark/content/tweaks/module/GoldToolsHaveFortuneModule (java.lang.ClassNotFoundException: vazkii.quark.content.tweaks.module.GoldToolsHaveFortuneModule)
[18Sep2024 03:30:14.296] [main/DEBUG] [mixin/]: Skipping virtual target vazkii.quark.content.tweaks.module.GoldToolsHaveFortuneModule for apotheosis.mixins.json:GoldToolsHaveFortuneModuleMixin
[18Sep2024 03:30:14.315] [main/DEBUG] [mixin/]: Preparing savage_and_ravage.mixins.json (7)
[18Sep2024 03:30:14.322] [main/DEBUG] [mixin/]: Preparing balm.mixins.json (14)
[18Sep2024 03:30:14.326] [main/DEBUG] [mixin/]: Preparing immersive_armors.mixins.json (10)
[18Sep2024 03:30:14.327] [main/DEBUG] [mixin/]: Preparing betterfortresses.mixins.json (6)
[18Sep2024 03:30:14.374] [main/DEBUG] [mixin/]: Preparing betterfortresses_forge.mixins.json (0)
[18Sep2024 03:30:14.380] [main/DEBUG] [mixin/]: Preparing autoleveling.mixins.json (4)
[18Sep2024 03:30:14.393] [main/WARN] [mixin/]: Error loading class: vazkii/neat/HealthBarRenderer (java.lang.ClassNotFoundException: vazkii.neat.HealthBarRenderer)
[18Sep2024 03:30:14.394] [main/WARN] [mixin/]: @Mixin target vazkii.neat.HealthBarRenderer was not found autoleveling.mixins.json:neat/HealthBarRendererMixin
[18Sep2024 03:30:14.396] [main/DEBUG] [mixin/]: Preparing upgradednetherite.mixins.json (2)
[18Sep2024 03:30:14.401] [main/DEBUG] [mixin/]: Preparing structure_gel.mixins.json (14)
[18Sep2024 03:30:14.405] [main/DEBUG] [net.minecraftforge.coremod.transformer.CoreModBaseTransformer/COREMOD]: Transforming net/minecraft/world/level/levelgen/structure/Structure
[18Sep2024 03:30:14.437] [main/DEBUG] [mixin/]: Preparing combatroll.mixins.json (7)
[18Sep2024 03:30:14.453] [main/DEBUG] [mixin/]: Preparing morevillagers-common.mixins.json (2)
[18Sep2024 03:30:14.458] [main/DEBUG] [mixin/]: Preparing morevillagers.mixins.json (0)
[18Sep2024 03:30:14.458] [main/DEBUG] [mixin/]: Preparing repurposed_structures.mixins.json (28)
[18Sep2024 03:30:14.514] [main/DEBUG] [mixin/]: Preparing dungeons_plus.mixins.json (3)
[18Sep2024 03:30:14.515] [main/DEBUG] [mixin/]: Preparing reeses_sodium_options.mixins.json (7)
[18Sep2024 03:30:14.518] [main/DEBUG] [mixin/]: Preparing curios.mixins.json (8)
[18Sep2024 03:30:14.521] [main/DEBUG] [mixin/]: Preparing origins.mixins.json (10)
[18Sep2024 03:30:14.527] [main/DEBUG] [mixin/]: Preparing cumulus_menus.mixins.json (4)
[18Sep2024 03:30:14.536] [main/DEBUG] [mixin/]: Preparing pluto.mixins.json (16)
[18Sep2024 03:30:14.608] [main/DEBUG] [mixin/]: Preparing apothiccurios.mixins.json (2)
[18Sep2024 03:30:14.617] [main/DEBUG] [mixin/]: Preparing betterendisland.mixins.json (8)
[18Sep2024 03:30:14.636] [main/DEBUG] [mixin/]: Preparing betterendisland_forge.mixins.json (0)
[18Sep2024 03:30:14.637] [main/DEBUG] [mixin/]: Preparing nitrogen_internals.mixins.json (0)
[18Sep2024 03:30:14.637] [main/DEBUG] [mixin/]: Preparing celestisynth.mixins.json (8)
[18Sep2024 03:30:14.653] [main/DEBUG] [mixin/]: Preparing deep_aether.mixins.json (9)
[18Sep2024 03:30:14.658] [main/DEBUG] [mixin/]: Preparing bettermineshafts.mixins.json (4)
[18Sep2024 03:30:14.665] [main/DEBUG] [mixin/]: Preparing bettermineshafts_forge.mixins.json (0)
[18Sep2024 03:30:14.665] [main/DEBUG] [mixin/]: Preparing majruszlibrary-common.mixins.json (56)
[18Sep2024 03:30:14.763] [main/DEBUG] [mixin/]: Preparing majruszlibrary-forge.mixins.json (4)
[18Sep2024 03:30:14.765] [main/DEBUG] [mixin/]: Preparing betterjungletemples.mixins.json (7)
[18Sep2024 03:30:14.766] [main/DEBUG] [mixin/]: Preparing betterjungletemples_forge.mixins.json (0)
[18Sep2024 03:30:14.766] [main/DEBUG] [mixin/]: Preparing elytraslot-integrations.mixins.json (4)
[18Sep2024 03:30:14.769] [main/DEBUG] [Elytra Slot/]: Loaded com.illusivesoulworks.elytraslot.platform.ForgeElytraPlatform@559e3f67 for service interface com.illusivesoulworks.elytraslot.platform.services.IElytraPlatform
[18Sep2024 03:30:14.770] [main/DEBUG] [Elytra Slot/]: Loaded com.illusivesoulworks.elytraslot.platform.ForgePlatform@492c9892 for service interface com.illusivesoulworks.elytraslot.platform.services.IPlatform
[18Sep2024 03:30:14.770] [main/DEBUG] [Elytra Slot/]: Loaded com.illusivesoulworks.elytraslot.platform.ForgeClientPlatform@55b62db8 for service interface com.illusivesoulworks.elytraslot.platform.services.IClientPlatform
[18Sep2024 03:30:14.771] [main/DEBUG] [Elytra Slot/]: Loaded com.illusivesoulworks.elytraslot.platform.ForgeLoadingPlatform@79295932 for service interface com.illusivesoulworks.elytraslot.platform.services.ILoadingPlatform
[18Sep2024 03:30:14.772] [main/DEBUG] [mixin/]: Preparing ftblibrary-common.mixins.json (5)
[18Sep2024 03:30:14.775] [main/DEBUG] [mixin/]: Preparing mutantmonsters.common.mixins.json (2)
[18Sep2024 03:30:14.776] [main/DEBUG] [mixin/]: Preparing attributefix.mixins.json (1)
[18Sep2024 03:30:14.777] [main/DEBUG] [mixin/]: Preparing pehkui.mixins.json (280)
[18Sep2024 03:30:14.782] [main/DEBUG] [net.minecraftforge.versions.mcp.MCPVersion/CORE]: MCP Version package package net.minecraftforge.versions.mcp, Minecraft, version 1.19.2 from cpw.mods.modlauncher.TransformingClassLoader@541afb85
[18Sep2024 03:30:14.782] [main/DEBUG] [net.minecraftforge.versions.mcp.MCPVersion/CORE]: Found MC version information 1.19.2
[18Sep2024 03:30:14.782] [main/DEBUG] [net.minecraftforge.versions.mcp.MCPVersion/CORE]: Found MCP version information 20220805.130853
[18Sep2024 03:30:14.912] [main/DEBUG] [mixin/]: Preparing caelus.mixins.json (4)
[18Sep2024 03:30:14.913] [main/DEBUG] [mixin/]: Preparing paxi.mixins.json (1)
[18Sep2024 03:30:14.914] [main/DEBUG] [mixin/]: Preparing paxi_forge.mixins.json (1)
[18Sep2024 03:30:14.916] [main/DEBUG] [mixin/]: Preparing craterlib.mixins.json (9)
[18Sep2024 03:30:14.918] [main/DEBUG] [mixin/]: Preparing craterlib.forge.mixins.json (2)
[18Sep2024 03:30:14.918] [main/DEBUG] [mixin/]: Preparing midnightlib.mixins.json (2)
[18Sep2024 03:30:14.918] [main/DEBUG] [mixin/]: Preparing starlight.mixins.json (13)
[18Sep2024 03:30:14.933] [main/DEBUG] [mixin/]: Preparing ars_nouveau.mixins.json (26)
[18Sep2024 03:30:14.939] [main/DEBUG] [mixin/]: Preparing crafttweaker.mixins.json (29)
[18Sep2024 03:30:14.953] [main/DEBUG] [mixin/]: Preparing crafttweaker.forge.mixins.json (7)
[18Sep2024 03:30:14.955] [main/DEBUG] [mixin/]: Preparing memoryleakfix.mixins.json (7)
[18Sep2024 03:30:14.959] [main/DEBUG] [mixin/]: Preparing rubidium_extras.mixins.json (19)
[18Sep2024 03:30:14.961] [main/DEBUG] [mixin/]: Preparing smoothchunk.mixins.json (3)
[18Sep2024 03:30:14.961] [main/DEBUG] [mixin/]: Preparing terrablender.mixins.json (4)
[18Sep2024 03:30:14.966] [main/DEBUG] [mixin/]: Preparing terrablender_forge.mixins.json (1)
[18Sep2024 03:30:14.967] [main/DEBUG] [mixin/]: Preparing bettercombat.mixins.json (16)
[18Sep2024 03:30:14.969] [main/DEBUG] [mixin/]: Preparing mousetweaks.mixins.json (1)
[18Sep2024 03:30:14.970] [main/DEBUG] [mixin/]: Preparing necronomicon.forge.mixins.json (1)
[18Sep2024 03:30:14.970] [main/DEBUG] [mixin/]: Preparing itemproductionlib.mixins.json (10)
[18Sep2024 03:30:14.975] [main/WARN] [mixin/]: Error loading class: tfar/davespotioneering/blockentity/AdvancedBrewingStandBlockEntity (java.lang.ClassNotFoundException: tfar.davespotioneering.blockentity.AdvancedBrewingStandBlockEntity)
[18Sep2024 03:30:14.975] [main/WARN] [mixin/]: @Mixin target tfar.davespotioneering.blockentity.AdvancedBrewingStandBlockEntity was not found itemproductionlib.mixins.json:davespotioneering/AdvancedBrewingStandBlockEntityMixin
[18Sep2024 03:30:14.978] [main/WARN] [mixin/]: Error loading class: fuzs/visualworkbench/world/inventory/ModCraftingMenu (java.lang.ClassNotFoundException: fuzs.visualworkbench.world.inventory.ModCraftingMenu)
[18Sep2024 03:30:14.979] [main/WARN] [mixin/]: @Mixin target fuzs.visualworkbench.world.inventory.ModCraftingMenu was not found itemproductionlib.mixins.json:visualworkbench/ModCraftingMenuMixin
[18Sep2024 03:30:14.979] [main/DEBUG] [mixin/]: Preparing corgilib.mixins.json (7)
[18Sep2024 03:30:14.985] [main/DEBUG] [mixin/]: Preparing corgilib.forge.mixins.json (0)
[18Sep2024 03:30:14.985] [main/DEBUG] [mixin/]: Preparing fastpaintings.mixins.json (4)
[18Sep2024 03:30:14.986] [main/DEBUG] [mixin/]: Preparing fastpaintings-forge.mixins.json (0)
[18Sep2024 03:30:14.986] [main/DEBUG] [mixin/]: Preparing aeroblender.mixins.json (8)
[18Sep2024 03:30:14.989] [main/DEBUG] [mixin/]: Preparing betterfpsdist.mixins.json (4)
[18Sep2024 03:30:14.989] [main/DEBUG] [mixin/]: Preparing brewinandchewin.mixins.json (1)
[18Sep2024 03:30:14.989] [main/DEBUG] [mixin/]: Preparing archaeology.mixins.json (6)
[18Sep2024 03:30:14.993] [main/DEBUG] [mixin/]: Preparing farmersrespite.mixins.json (1)
[18Sep2024 03:30:14.993] [main/DEBUG] [mixin/]: Preparing ecologics-common.mixins.json (3)
[18Sep2024 03:30:14.994] [main/DEBUG] [mixin/]: Preparing ecologics.mixins.json (2)
[18Sep2024 03:30:14.995] [main/DEBUG] [mixin/]: Preparing bocchium.mixins.json (2)
[18Sep2024 03:30:14.995] [main/DEBUG] [mixin/]: Preparing polymorph.mixins.json (8)
[18Sep2024 03:30:14.997] [main/DEBUG] [mixin/]: Preparing polymorph-integrations.forge.mixins.json (2)
[18Sep2024 03:30:14.998] [main/DEBUG] [mixin/]: Preparing entityculling.mixins.json (6)
[18Sep2024 03:30:14.998] [main/DEBUG] [mixin/]: Preparing canary.mixins.json (204)
[18Sep2024 03:30:15.098] [main/DEBUG] [mixin/]: Preparing immediatelyfast-common.mixins.json (37)
[18Sep2024 03:30:15.098] [main/DEBUG] [mixin/]: Preparing tlc.mixins.json (0)
[18Sep2024 03:30:15.098] [main/DEBUG] [mixin/]: Preparing lootr.mixins.json (6)
[18Sep2024 03:30:15.100] [main/DEBUG] [mixin/]: Preparing biomemusic.mixins.json (5)
[18Sep2024 03:30:15.100] [main/DEBUG] [mixin/]: Preparing puzzleslib.common.mixins.json (1)
[18Sep2024 03:30:15.101] [main/DEBUG] [mixin/]: Preparing puzzleslib.forge.mixins.json (7)
[18Sep2024 03:30:15.104] [main/DEBUG] [mixin/]: Preparing chunksending.mixins.json (2)
[18Sep2024 03:30:15.104] [main/DEBUG] [mixin/]: Preparing aquamirae.mixins.json (1)
[18Sep2024 03:30:15.107] [main/DEBUG] [mixin/]: Preparing defaultoptions.mixins.json (4)
[18Sep2024 03:30:15.107] [main/DEBUG] [mixin/]: Preparing blue_skies.mixins.json (20)
[18Sep2024 03:30:15.110] [main/DEBUG] [mixin/]: Preparing mixins.transmog.common.json (6)
[18Sep2024 03:30:15.110] [main/DEBUG] [mixin/]: Preparing mixins.transmog.forge.json (0)
[18Sep2024 03:30:15.111] [main/DEBUG] [mixin/]: Preparing recipeessentials.mixins.json (15)
[18Sep2024 03:30:15.116] [main/INFO] [com.cupboard.Cupboard/]: Loaded config for: recipeessentials.json
[18Sep2024 03:30:15.123] [main/DEBUG] [mixin/]: Preparing aether.mixins.json (53)
[18Sep2024 03:30:15.185] [main/DEBUG] [mixin/]: Preparing betteroceanmonuments.mixins.json (5)
[18Sep2024 03:30:15.187] [main/DEBUG] [mixin/]: Preparing betteroceanmonuments_forge.mixins.json (0)
[18Sep2024 03:30:15.187] [main/DEBUG] [mixin/]: Preparing connectivity.mixins.json (19)
[18Sep2024 03:30:15.196] [main/DEBUG] [mixin/]: Preparing gpumemleakfix.mixins.json (1)
[18Sep2024 03:30:15.197] [main/DEBUG] [mixin/]: Preparing insanelib.mixins.json (0)
[18Sep2024 03:30:15.197] [main/DEBUG] [mixin/]: Preparing structureessentials.mixins.json (8)
[18Sep2024 03:30:15.200] [main/INFO] [com.cupboard.Cupboard/]: Loaded config for: structureessentials.json
[18Sep2024 03:30:15.203] [main/DEBUG] [mixin/]: Preparing controlling.mixins.json (5)
[18Sep2024 03:30:15.203] [main/DEBUG] [mixin/]: Preparing controlling.forge.mixins.json (0)
[18Sep2024 03:30:15.204] [main/DEBUG] [mixin/]: Preparing citadel.mixins.json (17)
[18Sep2024 03:30:15.205] [main/DEBUG] [mixin/]: Preparing placebo.mixins.json (5)
[18Sep2024 03:30:15.207] [main/DEBUG] [mixin/]: Preparing prism.mixins.json (1)
[18Sep2024 03:30:15.207] [main/DEBUG] [mixin/]: Preparing lootintegrations.mixins.json (1)
[18Sep2024 03:30:15.209] [main/DEBUG] [mixin/]: Preparing item_obliterator.mixins.json (6)
[18Sep2024 03:30:15.211] [main/DEBUG] [mixin/]: Preparing bakery-common.mixins.json (1)
[18Sep2024 03:30:15.211] [main/DEBUG] [mixin/]: Preparing bakery.mixins.json (0)
[18Sep2024 03:30:15.211] [main/DEBUG] [mixin/]: Preparing bookshelf.common.mixins.json (19)
[18Sep2024 03:30:15.220] [main/DEBUG] [mixin/]: Preparing bookshelf.forge.mixins.json (1)
[18Sep2024 03:30:15.220] [main/DEBUG] [mixin/]: Preparing twigs.mixins.json (5)
[18Sep2024 03:30:15.222] [main/DEBUG] [mixin/]: Preparing relics.mixins.json (12)
[18Sep2024 03:30:15.227] [main/DEBUG] [mixin/]: Preparing progressivebosses.mixins.json (13)
[18Sep2024 03:30:15.232] [main/DEBUG] [mixin/]: Preparing takesapillage.mixins.json (3)
[18Sep2024 03:30:15.233] [main/DEBUG] [mixin/]: Preparing bygonenether.mixins.json (7)
[18Sep2024 03:30:15.235] [main/DEBUG] [mixin/]: Preparing melody.mixins.json (3)
[18Sep2024 03:30:15.235] [main/DEBUG] [mixin/]: Preparing melody.forge.mixins.json (0)
[18Sep2024 03:30:15.235] [main/DEBUG] [mixin/]: Preparing dragonmounts.mixins.json (3)
[18Sep2024 03:30:15.235] [main/DEBUG] [mixin/]: Preparing dummmmmmy-common.mixins.json (2)
[18Sep2024 03:30:15.236] [main/DEBUG] [mixin/]: Preparing dummmmmmy.mixins.json (0)
[18Sep2024 03:30:15.236] [main/DEBUG] [mixin/]: Preparing mixins.nonvflash.json (1)
[18Sep2024 03:30:15.236] [main/DEBUG] [mixin/]: Preparing konkrete.mixin.json (4)
[18Sep2024 03:30:15.236] [main/DEBUG] [mixin/]: Preparing farmersdelight.mixins.json (9)
[18Sep2024 03:30:15.240] [main/DEBUG] [mixin/]: Preparing getittogetherdrops.mixins.json (1)
[18Sep2024 03:30:15.241] [main/DEBUG] [mixin/]: Preparing endrem.mixins.json (1)
[18Sep2024 03:30:15.244] [main/DEBUG] [mixin/]: Preparing lionfishapi.mixins.json (2)
[18Sep2024 03:30:15.244] [main/DEBUG] [mixin/]: Preparing cataclysm.mixins.json (14)
[18Sep2024 03:30:15.249] [main/DEBUG] [mixin/]: Preparing patchouli_xplat.mixins.json (9)
[18Sep2024 03:30:15.249] [main/DEBUG] [mixin/]: Preparing cullleaves.mixins.json (3)
[18Sep2024 03:30:15.250] [main/DEBUG] [mixin/]: Preparing origins_classes.mixins.json (26)
[18Sep2024 03:30:15.259] [main/WARN] [mixin/]: Error loading class: shadows/apotheosis/ench/table/ApothEnchantContainer (java.lang.ClassNotFoundException: shadows.apotheosis.ench.table.ApothEnchantContainer)
[18Sep2024 03:30:15.260] [main/WARN] [mixin/]: @Mixin target shadows.apotheosis.ench.table.ApothEnchantContainer was not found origins_classes.mixins.json:common.apotheosis.ApotheosisEnchantmentMenuMixin
[18Sep2024 03:30:15.262] [main/WARN] [mixin/]: Error loading class: se/mickelus/tetra/blocks/workbench/WorkbenchTile (java.lang.ClassNotFoundException: se.mickelus.tetra.blocks.workbench.WorkbenchTile)
[18Sep2024 03:30:15.262] [main/WARN] [mixin/]: @Mixin target se.mickelus.tetra.blocks.workbench.WorkbenchTile was not found origins_classes.mixins.json:common.tetra.WorkbenchTileMixin
[18Sep2024 03:30:15.263] [main/DEBUG] [mixin/]: Preparing betterthirdperson.mixins.json (6)
[18Sep2024 03:30:15.263] [main/DEBUG] [mixin/]: Preparing ftbultimine-common.mixins.json (2)
[18Sep2024 03:30:15.264] [main/DEBUG] [mixin/]: Preparing nightconfigfixes.forge.mixins.json (2)
[18Sep2024 03:30:15.270] [main/DEBUG] [mixin/]: Preparing betterstrongholds.mixins.json (3)
[18Sep2024 03:30:15.270] [main/DEBUG] [mixin/]: Preparing betterstrongholds_forge.mixins.json (0)
[18Sep2024 03:30:15.270] [main/DEBUG] [mixin/]: Preparing architectury.mixins.json (8)
[18Sep2024 03:30:15.280] [main/DEBUG] [mixin/]: Preparing architectury-common.mixins.json (9)
[18Sep2024 03:30:15.281] [main/DEBUG] [net.minecraftforge.coremod.transformer.CoreModBaseTransformer/COREMOD]: Transforming net/minecraft/world/item/BucketItem
[18Sep2024 03:30:15.300] [main/DEBUG] [net.minecraftforge.coremod.transformer.CoreModBaseTransformer/COREMOD]: Transforming net/minecraft/world/level/block/LiquidBlock
[18Sep2024 03:30:15.308] [main/DEBUG] [mixin/]: Preparing cupboard.mixins.json (5)
[18Sep2024 03:30:15.309] [main/DEBUG] [mixin/]: Preparing smallships-common.mixins.json (14)
[18Sep2024 03:30:15.313] [main/DEBUG] [mixin/]: Preparing smallships-common-soft.mixins.json (1)
[18Sep2024 03:30:15.313] [main/DEBUG] [mixin/]: Preparing smallships.mixins.json (0)
[18Sep2024 03:30:15.313] [main/DEBUG] [mixin/]: Preparing letmedespawn.mixins.json (1)
[18Sep2024 03:30:15.314] [main/DEBUG] [mixin/]: Preparing t_and_t.mixins.json (1)
[18Sep2024 03:30:15.314] [main/DEBUG] [mixin/]: Preparing toomanyglyphs.mixins.json (3)
[18Sep2024 03:30:15.315] [main/DEBUG] [mixin/]: Preparing yeetusexperimentus.mixins.json (3)
[18Sep2024 03:30:15.315] [main/DEBUG] [mixin/]: Preparing majruszsaccessories-common.mixins.json (2)
[18Sep2024 03:30:15.316] [main/DEBUG] [mixin/]: Preparing bhmenu.mixins.json (2)
[18Sep2024 03:30:15.316] [main/DEBUG] [mixin/]: Preparing rhino-common.mixins.json (8)
[18Sep2024 03:30:15.320] [main/DEBUG] [mixin/]: Preparing octolib.mixins.json (0)
[18Sep2024 03:30:15.320] [main/DEBUG] [mixin/]: Preparing itemfilters-common.mixins.json (1)
[18Sep2024 03:30:15.320] [main/DEBUG] [mixin/]: Preparing xlpackets.mixins.json (3)
[18Sep2024 03:30:15.321] [main/DEBUG] [mixin/]: Preparing obscure_api.mixins.json (6)
[18Sep2024 03:30:15.321] [main/DEBUG] [mixin/]: Preparing waystones.mixins.json (3)
[18Sep2024 03:30:15.322] [main/DEBUG] [mixin/]: @Mixin target net/minecraft/world/level/levelgen/structure/pools/JigsawPlacement$Placer is public in waystones.mixins.json:JigsawPlacementPlacerMixin and should be specified in value
[18Sep2024 03:30:15.322] [main/DEBUG] [mixin/]: Preparing fantasyfurniture.mixins.json (1)
[18Sep2024 03:30:15.322] [main/DEBUG] [mixin/]: Preparing clumps.mixins.json (2)
[18Sep2024 03:30:15.324] [main/DEBUG] [mixin/]: Preparing decorative_blocks.mixins.json (6)
[18Sep2024 03:30:15.326] [main/DEBUG] [mixin/]: Preparing myserveriscompatible.mixins.json (1)
[18Sep2024 03:30:15.326] [main/DEBUG] [mixin/]: Preparing lazydfu.mixins.json (1)
[18Sep2024 03:30:15.327] [main/DEBUG] [mixin/]: Preparing betterdeserttemples.mixins.json (8)
[18Sep2024 03:30:15.329] [main/DEBUG] [mixin/]: Preparing betterdeserttemples_forge.mixins.json (0)
[18Sep2024 03:30:15.329] [main/DEBUG] [mixin/]: Preparing mixins.bosses_of_mass_destruction.json (14)
[18Sep2024 03:30:15.333] [main/DEBUG] [mixin/]: Preparing blueprint.mixins.json (31)
[18Sep2024 03:30:15.350] [main/DEBUG] [mixin/]: @Mixin target net/minecraft/world/level/levelgen/SurfaceRules$Context is public in blueprint.mixins.json:SurfaceRulesContextMixin and should be specified in value
[18Sep2024 03:30:15.351] [main/DEBUG] [mixin/]: Preparing ftbchunks-common.mixins.json (6)
[18Sep2024 03:30:15.353] [main/DEBUG] [mixin/]: Preparing travelerstitles.mixins.json (3)
[18Sep2024 03:30:15.353] [main/DEBUG] [mixin/]: Preparing travelerstitles_forge.mixins.json (1)
[18Sep2024 03:30:15.353] [main/DEBUG] [mixin/]: Preparing simplyswords-common.mixins.json (0)
[18Sep2024 03:30:15.353] [main/DEBUG] [mixin/]: Preparing simplyswords.mixins.json (0)
[18Sep2024 03:30:15.353] [main/DEBUG] [mixin/]: Preparing moonlight-common.mixins.json (26)
[18Sep2024 03:30:15.380] [main/DEBUG] [mixin/]: Preparing moonlight.mixins.json (10)
[18Sep2024 03:30:15.383] [main/DEBUG] [mixin/]: Preparing cull-less-leaves.mixins.json (4)
[18Sep2024 03:30:15.383] [main/DEBUG] [mixin/]: Preparing forbidden_arcanus.mixins.json (12)
[18Sep2024 03:30:15.387] [main/DEBUG] [mixin/]: Preparing nethersdelight.mixins.json (4)
[18Sep2024 03:30:15.389] [main/DEBUG] [mixin/]: Preparing smoothboot.mixins.json (5)
[18Sep2024 03:30:15.391] [main/DEBUG] [mixin/]: Preparing skilltree.mixins.json (28)
[18Sep2024 03:30:15.399] [main/WARN] [mixin/]: Error loading class: fuzs/easymagic/world/inventory/ModEnchantmentMenu (java.lang.ClassNotFoundException: fuzs.easymagic.world.inventory.ModEnchantmentMenu)
[18Sep2024 03:30:15.400] [main/WARN] [mixin/]: @Mixin target fuzs.easymagic.world.inventory.ModEnchantmentMenu was not found skilltree.mixins.json:easymagic/ModEnchantmentMenuMixin
[18Sep2024 03:30:15.402] [main/DEBUG] [mixin/]: Preparing atmospheric.mixins.json (11)
[18Sep2024 03:30:15.404] [main/DEBUG] [mixin/]: @Mixin target net/minecraft/world/item/SwordItem is public in atmospheric.mixins.json:SwordItemMixin and should be specified in value
[18Sep2024 03:30:15.405] [main/DEBUG] [mixin/]: @Mixin target net/minecraft/world/item/ShearsItem is public in atmospheric.mixins.json:SwordItemMixin and should be specified in value
[18Sep2024 03:30:15.405] [main/DEBUG] [mixin/]: Preparing iceberg.mixins.json (6)
[18Sep2024 03:30:15.406] [main/DEBUG] [mixin/]: Preparing brutalbosses.mixins.json (9)
[18Sep2024 03:30:15.411] [main/DEBUG] [mixin/]: Preparing ars_elemental.mixins.json (15)
[18Sep2024 03:30:15.420] [main/DEBUG] [mixin/]: Preparing mixins.irons_spellbooks.json (21)
[18Sep2024 03:30:15.425] [main/DEBUG] [mixin/]: Preparing doespotatotick.mixins.json (3)
[18Sep2024 03:30:15.426] [main/DEBUG] [mixin/]: Preparing ferritecore.predicates.mixin.json (3)
[18Sep2024 03:30:15.426] [main/DEBUG] [mixin/]: Preparing ferritecore.fastmap.mixin.json (1)
[18Sep2024 03:30:15.427] [main/DEBUG] [mixin/]: Preparing ferritecore.mrl.mixin.json (2)
[18Sep2024 03:30:15.427] [main/DEBUG] [mixin/]: Preparing ferritecore.dedupmultipart.mixin.json (2)
[18Sep2024 03:30:15.428] [main/DEBUG] [mixin/]: Preparing ferritecore.blockstatecache.mixin.json (8)
[18Sep2024 03:30:15.429] [main/DEBUG] [mixin/]: @Mixin target net/minecraft/world/level/block/state/BlockBehaviour$BlockStateBase$Cache is public in ferritecore.blockstatecache.mixin.json:BlockStateCacheMixin and should be specified in value
[18Sep2024 03:30:15.430] [main/DEBUG] [mixin/]: Preparing ferritecore.dedupbakedquad.mixin.json (2)
[18Sep2024 03:30:15.431] [main/DEBUG] [mixin/]: Preparing ferritecore.threaddetec.mixin.json (1)
[18Sep2024 03:30:15.431] [main/DEBUG] [mixin/]: Preparing apexcore.mixins.json (2)
[18Sep2024 03:30:15.431] [main/DEBUG] [mixin/]: Preparing majruszsenchantments-common.mixins.json (4)
[18Sep2024 03:30:15.432] [main/DEBUG] [mixin/]: Preparing valhelsia_core.mixins.json (11)
[18Sep2024 03:30:15.434] [main/DEBUG] [mixin/]: Preparing overflowingbars.common.mixins.json (1)
[18Sep2024 03:30:15.434] [main/DEBUG] [mixin/]: Preparing mixinextras.init.mixins.json (0)
[18Sep2024 03:30:15.434] [main/DEBUG] [mixin/]: Preparing mixinsquared.init.mixins.json (0)
[18Sep2024 03:30:15.434] [main/DEBUG] [mixin/]: Preparing enigmaticlegacy.mixins.json (33)
[18Sep2024 03:30:15.443] [main/WARN] [mixin/]: Error loading class: net/darkhax/darkutils/features/charms/CharmEffects (java.lang.ClassNotFoundException: net.darkhax.darkutils.features.charms.CharmEffects)
[18Sep2024 03:30:15.443] [main/DEBUG] [mixin/]: Skipping virtual target net.darkhax.darkutils.features.charms.CharmEffects for enigmaticlegacy.mixins.json:MixinCharmEffects
[18Sep2024 03:30:15.445] [main/WARN] [mixin/]: Error loading class: com/brandon3055/csg/ModEventHandler (java.lang.ClassNotFoundException: com.brandon3055.csg.ModEventHandler)
[18Sep2024 03:30:15.445] [main/DEBUG] [mixin/]: Skipping virtual target com.brandon3055.csg.ModEventHandler for enigmaticlegacy.mixins.json:MixinStarterGear
[18Sep2024 03:30:15.448] [main/WARN] [mixin/]: Error loading class: vazkii/quark/content/tweaks/module/AutomaticRecipeUnlockModule (java.lang.ClassNotFoundException: vazkii.quark.content.tweaks.module.AutomaticRecipeUnlockModule)
[18Sep2024 03:30:15.448] [main/DEBUG] [mixin/]: Skipping virtual target vazkii.quark.content.tweaks.module.AutomaticRecipeUnlockModule for enigmaticlegacy.mixins.json:MixinAutomaticRecipeUnlockModule
[18Sep2024 03:30:15.467] [main/INFO] [memoryleakfix/]: [MemoryLeakFix] Will be applying 2 memory leak fixes!
[18Sep2024 03:30:15.471] [main/INFO] [memoryleakfix/]: [MemoryLeakFix] Currently enabled memory leak fixes: [entityMemoriesLeak, biomeTemperatureLeak]
[18Sep2024 03:30:15.502] [main/DEBUG] [mixin/]: Inner class dev/latvian/mods/kubejs/core/mixin/common/GameRulesMixin$1 in dev/latvian/mods/kubejs/core/mixin/common/GameRulesMixin on net/minecraft/world/level/GameRules gets unique name net/minecraft/world/level/GameRules$Anonymous$9eec4d6d9578438aab1521bd39eba374
[18Sep2024 03:30:15.571] [main/DEBUG] [mixin/]: Inner class immersive_armors/mixin/MobEntityMixin$1 in immersive_armors/mixin/MobEntityMixin on net/minecraft/world/entity/Mob gets unique name net/minecraft/world/entity/Mob$Anonymous$8862fe53f9f0491f9c14c5f7766ef7d9
[18Sep2024 03:30:15.645] [main/DEBUG] [mixin/]: Inner class com/majruszlibrary/mixin/MixinEntity$Config in com/majruszlibrary/mixin/MixinEntity on net/minecraft/world/entity/Entity gets unique name net/minecraft/world/entity/Entity$Config$0f1a89256a15420f892734cd4640efa0
[18Sep2024 03:30:15.688] [main/DEBUG] [mixin/]: Inner class com/abdelaziz/canary/mixin/ai/poi/SectionStorageMixin$1 in com/abdelaziz/canary/mixin/ai/poi/SectionStorageMixin on net/minecraft/world/level/chunk/storage/SectionStorage gets unique name net/minecraft/world/level/chunk/storage/SectionStorage$Anonymous$5bf1d93122a449fbafcec0af92d802fb
[18Sep2024 03:30:15.695] [main/DEBUG] [mixin/]: Inner class com/abdelaziz/canary/mixin/chunk/palette/PalettedContainerMixin$1 in com/abdelaziz/canary/mixin/chunk/palette/PalettedContainerMixin on net/minecraft/world/level/chunk/PalettedContainer$Strategy gets unique name net/minecraft/world/level/chunk/PalettedContainer$Strategy$Anonymous$a2d1a8650bb94d9ebf4e38c79303a13c
[18Sep2024 03:30:15.695] [main/DEBUG] [mixin/]: Inner class com/abdelaziz/canary/mixin/chunk/palette/PalettedContainerMixin$2 in com/abdelaziz/canary/mixin/chunk/palette/PalettedContainerMixin on net/minecraft/world/level/chunk/PalettedContainer$Strategy gets unique name net/minecraft/world/level/chunk/PalettedContainer$Strategy$Anonymous$e0e4b12defc443ab90ba71c0199ef41f
[18Sep2024 03:30:15.761] [main/DEBUG] [mixin/]: Inner class com/connectivity/mixin/AdvancedPacketErrorLogging$2 in com/connectivity/mixin/AdvancedPacketErrorLogging on net/minecraft/network/Connection gets unique name net/minecraft/network/Connection$Anonymous$750c7bdd7c4d4362b1b0cd40643a72f6
[18Sep2024 03:30:15.761] [main/DEBUG] [mixin/]: Inner class com/connectivity/mixin/AdvancedPacketErrorLogging$1 in com/connectivity/mixin/AdvancedPacketErrorLogging on net/minecraft/network/Connection gets unique name net/minecraft/network/Connection$Anonymous$f52aae2fb2724aa893b9414a7a47a4f4
[18Sep2024 03:30:15.816] [main/DEBUG] [mixin/]: Inner class io/redspace/ironsspellbooks/mixin/SmithingMenuMixin$1 in io/redspace/ironsspellbooks/mixin/SmithingMenuMixin on net/minecraft/world/inventory/SmithingMenu gets unique name net/minecraft/world/inventory/SmithingMenu$Anonymous$ed36f46792f94fc394c085d6d9696b2f
[18Sep2024 03:30:15.828] [main/DEBUG] [mixin/]: Prepared 1314 mixins in 3.372 sec (2.6ms avg) (0ms load, 0ms transform, 0ms plugin)
[18Sep2024 03:30:15.834] [main/INFO] [MixinExtras|Service/]: Initializing MixinExtras via com.llamalad7.mixinextras.service.MixinExtrasServiceImpl(version=0.3.6).
[18Sep2024 03:30:15.836] [main/WARN] [MixinExtras|Service/]: Found problematic active MixinExtras instance at ca.fxco.memoryleakfix.mixinextras (version 0.2.0-beta.6)
[18Sep2024 03:30:15.836] [main/WARN] [MixinExtras|Service/]: Versions from 0.2.0-beta.1 to 0.2.0-beta.9 have limited support and it is strongly recommended to update.
[18Sep2024 03:30:15.837] [main/DEBUG] [mixin/]: Registering new injector for @SugarWrapper with com.llamalad7.mixinextras.sugar.impl.SugarWrapperInjectionInfo
[18Sep2024 03:30:15.838] [main/DEBUG] [mixin/]: Registering new injector for @FactoryRedirectWrapper with com.llamalad7.mixinextras.wrapper.factory.FactoryRedirectWrapperInjectionInfo
[18Sep2024 03:30:15.844] [main/DEBUG] [mixin/]: Mixing server.MainMixin from smoothboot.mixins.json into net.minecraft.server.Main
[18Sep2024 03:30:15.856] [main/DEBUG] [mixin/]: Mixing MainMixin from iceberg.mixins.json into net.minecraft.server.Main
[18Sep2024 03:30:15.990] [main/DEBUG] [Smooth Boot (Reloaded)/]: Config path: /workspaces/Mamaron-/servidor_minecraft/config/smoothboot.json
[18Sep2024 03:30:16.014] [main/DEBUG] [Smooth Boot (Reloaded)/]: Config: com.abdelaziz.smoothboot.config.SmoothBootConfig@49c4118b
[18Sep2024 03:30:16.014] [main/INFO] [Smooth Boot (Reloaded)/]: Smooth Boot (Reloaded) config initialized
[18Sep2024 03:30:16.015] [main/DEBUG] [Smooth Boot (Reloaded)/]: Initialized server game thread
[18Sep2024 03:30:16.017] [main/INFO] [com.teampotato.redirector.Redirector/]: Redirecting net/minecraft/util/datafix/DataFixerOptimizationOption
[18Sep2024 03:30:16.021] [main/DEBUG] [io.netty.util.internal.logging.InternalLoggerFactory/]: Using SLF4J as the default logging framework
[18Sep2024 03:30:16.024] [main/DEBUG] [io.netty.util.ResourceLeakDetector/]: -Dio.netty.leakDetection.level: simple
[18Sep2024 03:30:16.024] [main/DEBUG] [io.netty.util.ResourceLeakDetector/]: -Dio.netty.leakDetection.targetRecords: 4
[18Sep2024 03:30:16.035] [main/INFO] [com.teampotato.redirector.Redirector/]: Redirecting net/minecraft/util/Unit
[18Sep2024 03:30:16.057] [main/INFO] [com.teampotato.redirector.Redirector/]: Redirecting net/minecraft/ChatFormatting
[18Sep2024 03:30:16.149] [main/DEBUG] [oshi.util.FileUtil/]: No oshi.properties file found from ClassLoader cpw.mods.modlauncher.TransformingClassLoader@541afb85
[18Sep2024 03:30:16.156] [main/DEBUG] [oshi.util.FileUtil/]: No oshi.properties file found from ClassLoader jdk.internal.loader.ClassLoaders$AppClassLoader@2f92e0f4
[18Sep2024 03:30:16.179] [main/DEBUG] [oshi.util.FileUtil/]: Reading file /proc/cpuinfo
[18Sep2024 03:30:16.180] [main/DEBUG] [oshi.util.FileUtil/]: Reading file /proc/cpuinfo
[18Sep2024 03:30:16.228] [main/DEBUG] [oshi.util.FileUtil/]: No oshi.architecture.properties file found from ClassLoader cpw.mods.modlauncher.TransformingClassLoader@541afb85
[18Sep2024 03:30:16.228] [main/DEBUG] [oshi.util.FileUtil/]: No oshi.architecture.properties file found from ClassLoader jdk.internal.loader.ClassLoaders$AppClassLoader@2f92e0f4
[18Sep2024 03:30:16.321] [main/DEBUG] [oshi.util.FileUtil/]: Reading file /proc/meminfo
[18Sep2024 03:30:16.322] [main/DEBUG] [oshi.util.FileUtil/]: Reading file /proc/meminfo
[18Sep2024 03:30:16.366] [main/INFO] [com.teampotato.redirector.Redirector/]: Redirecting net/minecraft/Util$IdentityStrategy
[18Sep2024 03:30:16.385] [main/INFO] [com.teampotato.redirector.Redirector/]: Redirecting net/minecraft/core/Holder$Reference$Type
[18Sep2024 03:30:16.688] [main/DEBUG] [net.minecraftforge.coremod.transformer.CoreModBaseTransformer/COREMOD]: Transforming net/minecraft/world/level/levelgen/structure/Structure
[18Sep2024 03:30:16.801] [main/DEBUG] [net.minecraftforge.coremod.transformer.CoreModBaseTransformer/COREMOD]: Transforming net/minecraft/world/level/block/LiquidBlock
[18Sep2024 03:30:16.834] [main/DEBUG] [net.minecraftforge.coremod.transformer.CoreModBaseTransformer/COREMOD]: Transforming net/minecraft/world/level/block/StairBlock
[18Sep2024 03:30:16.907] [main/DEBUG] [net.minecraftforge.coremod.transformer.CoreModBaseTransformer/COREMOD]: Transforming net/minecraft/world/level/block/FlowerPotBlock
[18Sep2024 03:30:17.023] [main/INFO] [com.teampotato.redirector.Redirector/]: Redirecting net/minecraft/core/Direction
[18Sep2024 03:30:17.027] [main/INFO] [com.teampotato.redirector.Redirector/]: Redirecting net/minecraft/core/Direction$AxisDirection
[18Sep2024 03:30:17.028] [main/INFO] [com.teampotato.redirector.Redirector/]: Redirecting net/minecraft/core/Direction$Axis
[18Sep2024 03:30:17.061] [main/INFO] [com.teampotato.redirector.Redirector/]: Redirecting net/minecraft/world/level/material/PushReaction
[18Sep2024 03:30:17.218] [main/INFO] [com.teampotato.redirector.Redirector/]: Redirecting net/minecraft/world/level/block/state/BlockBehaviour$OffsetType
[18Sep2024 03:30:17.242] [main/INFO] [com.teampotato.redirector.Redirector/]: Redirecting net/minecraft/core/Direction$Plane
[18Sep2024 03:30:17.244] [main/INFO] [com.teampotato.redirector.Redirector/]: Redirecting net/minecraft/core/FrontAndTop
[18Sep2024 03:30:17.249] [main/INFO] [com.teampotato.redirector.Redirector/]: Redirecting net/minecraft/world/level/block/state/properties/AttachFace
[18Sep2024 03:30:17.251] [main/INFO] [com.teampotato.redirector.Redirector/]: Redirecting net/minecraft/world/level/block/state/properties/BellAttachType
[18Sep2024 03:30:17.251] [main/INFO] [com.teampotato.redirector.Redirector/]: Redirecting net/minecraft/world/level/block/state/properties/WallSide
[18Sep2024 03:30:17.253] [main/INFO] [com.teampotato.redirector.Redirector/]: Redirecting net/minecraft/world/level/block/state/properties/RedstoneSide
[18Sep2024 03:30:17.254] [main/INFO] [com.teampotato.redirector.Redirector/]: Redirecting net/minecraft/world/level/block/state/properties/DoubleBlockHalf
[18Sep2024 03:30:17.255] [main/INFO] [com.teampotato.redirector.Redirector/]: Redirecting net/minecraft/world/level/block/state/properties/Half
[18Sep2024 03:30:17.257] [main/INFO] [com.teampotato.redirector.Redirector/]: Redirecting net/minecraft/world/level/block/state/properties/RailShape
[18Sep2024 03:30:17.262] [main/INFO] [com.teampotato.redirector.Redirector/]: Redirecting net/minecraft/world/level/block/state/properties/BedPart
[18Sep2024 03:30:17.263] [main/INFO] [com.teampotato.redirector.Redirector/]: Redirecting net/minecraft/world/level/block/state/properties/ChestType
[18Sep2024 03:30:17.264] [main/INFO] [com.teampotato.redirector.Redirector/]: Redirecting net/minecraft/world/level/block/state/properties/ComparatorMode
[18Sep2024 03:30:17.265] [main/INFO] [com.teampotato.redirector.Redirector/]: Redirecting net/minecraft/world/level/block/state/properties/DoorHingeSide
[18Sep2024 03:30:17.267] [main/INFO] [com.teampotato.redirector.Redirector/]: Redirecting net/minecraft/world/level/block/state/properties/NoteBlockInstrument
[18Sep2024 03:30:17.270] [main/INFO] [com.teampotato.redirector.Redirector/]: Redirecting net/minecraft/world/level/block/state/properties/PistonType
[18Sep2024 03:30:17.270] [main/INFO] [com.teampotato.redirector.Redirector/]: Redirecting net/minecraft/world/level/block/state/properties/SlabType
[18Sep2024 03:30:17.271] [main/INFO] [com.teampotato.redirector.Redirector/]: Redirecting net/minecraft/world/level/block/state/properties/StairsShape
[18Sep2024 03:30:17.272] [main/INFO] [com.teampotato.redirector.Redirector/]: Redirecting net/minecraft/world/level/block/state/properties/StructureMode
[18Sep2024 03:30:17.273] [main/INFO] [com.teampotato.redirector.Redirector/]: Redirecting net/minecraft/world/level/block/state/properties/BambooLeaves
[18Sep2024 03:30:17.274] [main/INFO] [com.teampotato.redirector.Redirector/]: Redirecting net/minecraft/world/level/block/state/properties/Tilt
[18Sep2024 03:30:17.275] [main/INFO] [com.teampotato.redirector.Redirector/]: Redirecting net/minecraft/world/level/block/state/properties/DripstoneThickness
[18Sep2024 03:30:17.276] [main/INFO] [com.teampotato.redirector.Redirector/]: Redirecting net/minecraft/world/level/block/state/properties/SculkSensorPhase
[18Sep2024 03:30:17.358] [main/INFO] [com.teampotato.redirector.Redirector/]: Redirecting net/minecraft/world/item/DyeColor
[18Sep2024 03:30:17.637] [main/INFO] [com.teampotato.redirector.Redirector/]: Redirecting net/minecraft/world/effect/MobEffectCategory
[18Sep2024 03:30:17.640] [main/INFO] [com.teampotato.redirector.Redirector/]: Redirecting net/minecraft/world/entity/ai/attributes/AttributeModifier$Operation
[18Sep2024 03:30:18.072] [main/INFO] [com.teampotato.redirector.Redirector/]: Redirecting net/minecraft/world/level/block/PressurePlateBlock$Sensitivity
[18Sep2024 03:30:18.164] [main/INFO] [com.teampotato.redirector.Redirector/]: Redirecting net/minecraft/world/level/block/MultifaceSpreader$SpreadType
[18Sep2024 03:30:18.223] [main/INFO] [com.teampotato.redirector.Redirector/]: Redirecting net/minecraft/world/InteractionHand
[18Sep2024 03:30:18.233] [main/DEBUG] [net.minecraftforge.coremod.transformer.CoreModBaseTransformer/COREMOD]: Transforming net/minecraft/world/item/ItemStack
[18Sep2024 03:30:18.239] [main/INFO] [com.teampotato.redirector.Redirector/]: Redirecting net/minecraft/world/InteractionResult
[18Sep2024 03:30:18.241] [main/INFO] [com.teampotato.redirector.Redirector/]: Redirecting net/minecraft/world/level/biome/Biome$Precipitation
[18Sep2024 03:30:18.342] [main/INFO] [com.teampotato.redirector.Redirector/]: Redirecting net/minecraft/world/level/block/SkullBlock$Types
[18Sep2024 03:30:19.213] [main/INFO] [com.teampotato.redirector.Redirector/]: Redirecting net/minecraft/world/level/block/WeatheringCopper$WeatherState
[18Sep2024 03:30:19.603] [main/INFO] [com.teampotato.redirector.Redirector/]: Redirecting net/minecraft/core/Holder$Kind
[18Sep2024 03:30:19.763] [main/INFO] [com.teampotato.redirector.Redirector/]: Redirecting net/minecraft/world/level/levelgen/Heightmap$Types
[18Sep2024 03:30:19.770] [main/INFO] [com.teampotato.redirector.Redirector/]: Redirecting net/minecraft/world/level/levelgen/Heightmap$Usage
[18Sep2024 03:30:19.806] [main/INFO] [com.teampotato.redirector.Redirector/]: Redirecting net/minecraft/world/level/levelgen/placement/CaveSurface
[18Sep2024 03:30:19.845] [main/INFO] [com.teampotato.redirector.Redirector/]: Redirecting net/minecraft/world/entity/MobCategory
[18Sep2024 03:30:20.569] [main/INFO] [net.minecraft.util.datafix.DataFixers/]: Building unoptimized datafixer
[18Sep2024 03:30:20.746] [main/INFO] [com.teampotato.redirector.Redirector/]: Redirecting net/minecraft/world/entity/ai/goal/Goal$Flag
[18Sep2024 03:30:20.971] [main/INFO] [com.teampotato.redirector.Redirector/]: Redirecting net/minecraft/world/entity/Pose
[18Sep2024 03:30:21.395] [main/INFO] [com.teampotato.redirector.Redirector/]: Redirecting net/minecraft/world/level/levelgen/GenerationStep$Carving
[18Sep2024 03:30:21.433] [main/INFO] [com.teampotato.redirector.Redirector/]: Redirecting net/minecraft/world/level/levelgen/structure/StructureSpawnOverride$BoundingBoxType
[18Sep2024 03:30:21.439] [main/INFO] [com.teampotato.redirector.Redirector/]: Redirecting net/minecraft/world/level/levelgen/GenerationStep$Decoration
[18Sep2024 03:30:21.441] [main/INFO] [com.teampotato.redirector.Redirector/]: Redirecting net/minecraft/world/level/levelgen/structure/TerrainAdjustment
[18Sep2024 03:30:21.472] [main/INFO] [com.teampotato.redirector.Redirector/]: Redirecting net/minecraft/world/level/levelgen/structure/pools/StructureTemplatePool$Projection
[18Sep2024 03:30:21.488] [main/INFO] [com.teampotato.redirector.Redirector/]: Redirecting net/minecraft/world/level/levelgen/structure/structures/MineshaftStructure$Type
[18Sep2024 03:30:21.506] [main/INFO] [com.teampotato.redirector.Redirector/]: Redirecting net/minecraft/world/level/levelgen/structure/structures/OceanRuinStructure$Type
[18Sep2024 03:30:21.518] [main/INFO] [com.teampotato.redirector.Redirector/]: Redirecting net/minecraft/world/level/block/entity/JigsawBlockEntity$JointType
[18Sep2024 03:30:21.534] [main/INFO] [com.teampotato.redirector.Redirector/]: Redirecting net/minecraft/world/level/levelgen/structure/structures/RuinedPortalPiece$VerticalPlacement
[18Sep2024 03:30:21.544] [main/INFO] [com.teampotato.redirector.Redirector/]: Redirecting net/minecraft/world/level/levelgen/structure/placement/StructurePlacement$FrequencyReductionMethod
[18Sep2024 03:30:21.548] [main/INFO] [com.teampotato.redirector.Redirector/]: Redirecting net/minecraft/world/level/levelgen/structure/placement/RandomSpreadType
[18Sep2024 03:30:21.582] [main/DEBUG] [net.minecraftforge.coremod.transformer.CoreModBaseTransformer/COREMOD]: Transforming net/minecraft/world/level/biome/Biome
[18Sep2024 03:30:21.585] [main/INFO] [com.teampotato.redirector.Redirector/]: Redirecting net/minecraft/world/level/biome/Biome$TemperatureModifier
[18Sep2024 03:30:21.588] [main/INFO] [com.teampotato.redirector.Redirector/]: Redirecting net/minecraft/world/level/biome/BiomeSpecialEffects$GrassColorModifier
[18Sep2024 03:30:21.701] [main/INFO] [com.teampotato.redirector.Redirector/]: Redirecting net/minecraft/world/level/levelgen/DensityFunctions$Marker$Type
[18Sep2024 03:30:21.731] [main/INFO] [com.teampotato.redirector.Redirector/]: Redirecting net/minecraft/world/level/levelgen/DensityFunctions$Mapped$Type
[18Sep2024 03:30:21.733] [main/INFO] [com.teampotato.redirector.Redirector/]: Redirecting net/minecraft/world/level/levelgen/DensityFunctions$MulOrAdd$Type
[18Sep2024 03:30:21.734] [main/INFO] [com.teampotato.redirector.Redirector/]: Redirecting net/minecraft/world/level/levelgen/DensityFunctions$TwoArgumentSimpleFunction$Type
[18Sep2024 03:30:21.764] [main/INFO] [com.teampotato.redirector.Redirector/]: Redirecting net/minecraft/world/level/levelgen/DensityFunctions$BlendOffset
[18Sep2024 03:30:21.765] [main/INFO] [com.teampotato.redirector.Redirector/]: Redirecting net/minecraft/world/level/levelgen/DensityFunctions$BlendAlpha
[18Sep2024 03:30:21.778] [main/INFO] [com.teampotato.redirector.Redirector/]: Redirecting net/minecraft/world/level/levelgen/DensityFunctions$WeirdScaledSampler$RarityValueMapper
[18Sep2024 03:30:21.808] [main/INFO] [com.teampotato.redirector.Redirector/]: Redirecting net/minecraft/world/level/levelgen/OreVeinifier$VeinType
[18Sep2024 03:30:21.819] [main/INFO] [com.teampotato.redirector.Redirector/]: Redirecting net/minecraft/world/level/levelgen/SurfaceRules$Hole
[18Sep2024 03:30:21.821] [main/INFO] [com.teampotato.redirector.Redirector/]: Redirecting net/minecraft/world/level/levelgen/SurfaceRules$Steep
[18Sep2024 03:30:21.826] [main/INFO] [com.teampotato.redirector.Redirector/]: Redirecting net/minecraft/world/level/levelgen/SurfaceRules$Bandlands
[18Sep2024 03:30:21.827] [main/INFO] [com.teampotato.redirector.Redirector/]: Redirecting net/minecraft/world/level/levelgen/SurfaceRules$Temperature
[18Sep2024 03:30:21.830] [main/INFO] [com.teampotato.redirector.Redirector/]: Redirecting net/minecraft/world/level/levelgen/SurfaceRules$AbovePreliminarySurface
[18Sep2024 03:30:22.281] [main/DEBUG] [net.minecraftforge.coremod.transformer.CoreModBaseTransformer/COREMOD]: Transforming net/minecraft/world/item/BucketItem
[18Sep2024 03:30:22.332] [main/INFO] [com.teampotato.redirector.Redirector/]: Redirecting net/minecraft/world/item/Rarity
[18Sep2024 03:30:22.337] [main/INFO] [com.teampotato.redirector.Redirector/]: Redirecting net/minecraft/world/item/enchantment/EnchantmentCategory
[18Sep2024 03:30:22.382] [main/INFO] [com.teampotato.redirector.Redirector/]: Redirecting net/minecraft/world/entity/vehicle/AbstractMinecart$Type
[18Sep2024 03:30:22.386] [main/INFO] [com.teampotato.redirector.Redirector/]: Redirecting net/minecraft/world/entity/vehicle/Boat$Type
[18Sep2024 03:30:22.389] [main/INFO] [com.teampotato.redirector.Redirector/]: Redirecting net/minecraft/world/item/ArmorMaterials
[18Sep2024 03:30:22.393] [main/INFO] [com.teampotato.redirector.Redirector/]: Redirecting net/minecraft/world/entity/EquipmentSlot
[18Sep2024 03:30:22.395] [main/INFO] [com.teampotato.redirector.Redirector/]: Redirecting net/minecraft/world/entity/EquipmentSlot$Type
[18Sep2024 03:30:22.398] [main/DEBUG] [net.minecraftforge.coremod.transformer.CoreModBaseTransformer/COREMOD]: Transforming net/minecraft/world/effect/MobEffectInstance
[18Sep2024 03:30:22.404] [main/INFO] [com.teampotato.redirector.Redirector/]: Redirecting net/minecraft/world/item/Tiers
[18Sep2024 03:30:22.448] [main/INFO] [com.teampotato.redirector.Redirector/]: Redirecting net/minecraft/network/chat/ChatTypeDecoration$Parameter
[18Sep2024 03:30:22.464] [main/INFO] [com.teampotato.redirector.Redirector/]: Redirecting net/minecraft/world/item/enchantment/Enchantment$Rarity
[18Sep2024 03:30:22.465] [main/INFO] [com.teampotato.redirector.Redirector/]: Redirecting net/minecraft/world/item/enchantment/ProtectionEnchantment$Type
[18Sep2024 03:30:22.498] [main/INFO] [com.teampotato.redirector.Redirector/]: Redirecting net/minecraft/world/scores/criteria/ObjectiveCriteria$RenderType
[18Sep2024 03:30:22.507] [main/INFO] [com.teampotato.redirector.Redirector/]: Redirecting net/minecraft/world/level/chunk/ChunkStatus$ChunkType
[18Sep2024 03:30:22.717] [main/INFO] [com.teampotato.redirector.Redirector/]: Redirecting net/minecraft/world/level/levelgen/DensityFunctions$BeardifierMarker
[18Sep2024 03:30:22.860] [main/DEBUG] [net.minecraftforge.common.ForgeI18n/CORE]: Loading I18N data entries: 5642
[18Sep2024 03:30:22.878] [main/DEBUG] [net.minecraftforge.fml.ModWorkManager/LOADING]: Using 2 threads for parallel mod-loading
[18Sep2024 03:30:22.882] [main/FATAL] [net.minecraftforge.fml.ModLoader/CORE]: Error during pre-loading phase
net.minecraftforge.fml.ModLoadingException: Mod §emelody§r requires §6forge§r §o43.3.5 or above§r
§7Currently, §6forge§r§7 is §o43.3.0
	at net.minecraftforge.fml.ModLoadingException.lambda$fromEarlyException$0(ModLoadingException.java:50) ~[fmlcore-1.19.2-43.3.0.jar%23566!/:?]
	at java.util.stream.ReferencePipeline$3$1.accept(ReferencePipeline.java:197) ~[?:?]
	at java.util.AbstractList$RandomAccessSpliterator.forEachRemaining(AbstractList.java:722) ~[?:?]
	at java.util.stream.AbstractPipeline.copyInto(AbstractPipeline.java:509) ~[?:?]
	at java.util.stream.AbstractPipeline.wrapAndCopyInto(AbstractPipeline.java:499) ~[?:?]
	at java.util.stream.ForEachOps$ForEachOp.evaluateSequential(ForEachOps.java:151) ~[?:?]
	at java.util.stream.ForEachOps$ForEachOp$OfRef.evaluateSequential(ForEachOps.java:174) ~[?:?]
	at java.util.stream.AbstractPipeline.evaluate(AbstractPipeline.java:234) ~[?:?]
	at java.util.stream.ReferencePipeline.forEach(ReferencePipeline.java:596) ~[?:?]
	at java.util.stream.ReferencePipeline$7$1.accept(ReferencePipeline.java:276) ~[?:?]
	at java.util.ArrayList$ArrayListSpliterator.forEachRemaining(ArrayList.java:1708) ~[?:?]
	at java.util.stream.AbstractPipeline.copyInto(AbstractPipeline.java:509) ~[?:?]
	at java.util.stream.AbstractPipeline.wrapAndCopyInto(AbstractPipeline.java:499) ~[?:?]
	at java.util.stream.ReduceOps$ReduceOp.evaluateSequential(ReduceOps.java:921) ~[?:?]
	at java.util.stream.AbstractPipeline.evaluate(AbstractPipeline.java:234) ~[?:?]
	at java.util.stream.ReferencePipeline.collect(ReferencePipeline.java:682) ~[?:?]
	at net.minecraftforge.fml.ModLoader.<init>(ModLoader.java:99) ~[fmlcore-1.19.2-43.3.0.jar%23566!/:?]
	at net.minecraftforge.fml.ModLoader.get(ModLoader.java:131) ~[fmlcore-1.19.2-43.3.0.jar%23566!/:?]
	at net.minecraftforge.server.loading.ServerModLoader.load(ServerModLoader.java:32) ~[forge-1.19.2-43.3.0-universal.jar%23570!/:?]
	at net.minecraft.server.Main.main(Main.java:113) ~[server-1.19.2-20220805.130853-srg.jar%23565!/:?]
	at jdk.internal.reflect.DirectMethodHandleAccessor.invoke(DirectMethodHandleAccessor.java:103) ~[?:?]
	at java.lang.reflect.Method.invoke(Method.java:580) ~[?:?]
	at net.minecraftforge.fml.loading.targets.CommonServerLaunchHandler.lambda$launchService$0(CommonServerLaunchHandler.java:29) ~[fmlloader-1.19.2-43.3.0.jar%2367!/:?]
	at cpw.mods.modlauncher.LaunchServiceHandlerDecorator.launch(LaunchServiceHandlerDecorator.java:30) [modlauncher-10.0.8.jar%2354!/:?]
	at cpw.mods.modlauncher.LaunchServiceHandler.launch(LaunchServiceHandler.java:53) [modlauncher-10.0.8.jar%2354!/:?]
	at cpw.mods.modlauncher.LaunchServiceHandler.launch(LaunchServiceHandler.java:71) [modlauncher-10.0.8.jar%2354!/:?]
	at cpw.mods.modlauncher.Launcher.run(Launcher.java:106) [modlauncher-10.0.8.jar%2354!/:?]
	at cpw.mods.modlauncher.Launcher.main(Launcher.java:77) [modlauncher-10.0.8.jar%2354!/:?]
	at cpw.mods.modlauncher.BootstrapLaunchConsumer.accept(BootstrapLaunchConsumer.java:26) [modlauncher-10.0.8.jar%2354!/:?]
	at cpw.mods.modlauncher.BootstrapLaunchConsumer.accept(BootstrapLaunchConsumer.java:23) [modlauncher-10.0.8.jar%2354!/:?]
	at cpw.mods.bootstraplauncher.BootstrapLauncher.main(BootstrapLauncher.java:141) [bootstraplauncher-1.1.2.jar:?]
[18Sep2024 03:30:22.912] [main/DEBUG] [net.minecraftforge.common.ForgeI18n/CORE]: Loading I18N data entries: 5642
[18Sep2024 03:30:22.921] [main/DEBUG] [oshi.util.FileUtil/]: Reading file /proc/cpuinfo
[18Sep2024 03:30:22.921] [main/DEBUG] [oshi.util.FileUtil/]: Reading file /proc/cpuinfo
[18Sep2024 03:30:22.938] [main/DEBUG] [oshi.util.FileUtil/]: No oshi.architecture.properties file found from ClassLoader cpw.mods.modlauncher.TransformingClassLoader@541afb85
[18Sep2024 03:30:22.938] [main/DEBUG] [oshi.util.FileUtil/]: No oshi.architecture.properties file found from ClassLoader jdk.internal.loader.ClassLoaders$AppClassLoader@2f92e0f4
[18Sep2024 03:30:22.955] [main/DEBUG] [oshi.util.FileUtil/]: Reading file /proc/meminfo
[18Sep2024 03:30:22.955] [main/DEBUG] [oshi.util.FileUtil/]: Reading file /proc/meminfo
[18Sep2024 03:30:22.973] [main/FATAL] [net.minecraftforge.server.loading.ServerModLoader/]: Crash report saved to ./crash-reports/crash-2024-09-18_03.30.22-fml.txt
[18Sep2024 03:30:22.977] [main/ERROR] [net.minecraft.server.Main/FATAL]: Failed to start the minecraft server
net.minecraftforge.fml.LoadingFailedException: Loading errors encountered: [
	Mod §emelody§r requires §6forge§r §o43.3.5 or above§r
§7Currently, §6forge§r§7 is §o43.3.0
]
	at net.minecraftforge.fml.ModLoader.gatherAndInitializeMods(ModLoader.java:152) ~[fmlcore-1.19.2-43.3.0.jar%23566!/:?]
	at net.minecraftforge.server.loading.ServerModLoader.load(ServerModLoader.java:32) ~[forge-1.19.2-43.3.0-universal.jar%23570!/:?]
	at net.minecraft.server.Main.main(Main.java:113) ~[server-1.19.2-20220805.130853-srg.jar%23565!/:?]
	at jdk.internal.reflect.DirectMethodHandleAccessor.invoke(DirectMethodHandleAccessor.java:103) ~[?:?]
	at java.lang.reflect.Method.invoke(Method.java:580) ~[?:?]
	at net.minecraftforge.fml.loading.targets.CommonServerLaunchHandler.lambda$launchService$0(CommonServerLaunchHandler.java:29) ~[fmlloader-1.19.2-43.3.0.jar%2367!/:?]
	at cpw.mods.modlauncher.LaunchServiceHandlerDecorator.launch(LaunchServiceHandlerDecorator.java:30) [modlauncher-10.0.8.jar%2354!/:?]
	at cpw.mods.modlauncher.LaunchServiceHandler.launch(LaunchServiceHandler.java:53) [modlauncher-10.0.8.jar%2354!/:?]
	at cpw.mods.modlauncher.LaunchServiceHandler.launch(LaunchServiceHandler.java:71) [modlauncher-10.0.8.jar%2354!/:?]
	at cpw.mods.modlauncher.Launcher.run(Launcher.java:106) [modlauncher-10.0.8.jar%2354!/:?]
	at cpw.mods.modlauncher.Launcher.main(Launcher.java:77) [modlauncher-10.0.8.jar%2354!/:?]
	at cpw.mods.modlauncher.BootstrapLaunchConsumer.accept(BootstrapLaunchConsumer.java:26) [modlauncher-10.0.8.jar%2354!/:?]
	at cpw.mods.modlauncher.BootstrapLaunchConsumer.accept(BootstrapLaunchConsumer.java:23) [modlauncher-10.0.8.jar%2354!/:?]
	at cpw.mods.bootstraplauncher.BootstrapLauncher.main(BootstrapLauncher.java:141) [bootstraplauncher-1.1.2.jar:?]
